{"testId": "028", "questions": [{"id": "RE_2736", "section": "Reasoning", "topic": "Analogy", "difficulty": "moderate", "text": {"en": "[Reasoning/Analogy] Sample exam-style question #2736: Choose the correct option."}, "options": {"en": ["Option A2736", "Option B2736", "Option C2736", "Option D2736"]}, "answerIndex": 0}, {"id": "RE_2737", "section": "Reasoning", "topic": "Series", "difficulty": "moderate", "text": {"en": "[Reasoning/Series] Sample exam-style question #2737: Choose the correct option."}, "options": {"en": ["Option A2737", "Option B2737", "Option C2737", "Option D2737"]}, "answerIndex": 1}, {"id": "RE_2743", "section": "Reasoning", "topic": "Analogy", "difficulty": "moderate", "text": {"en": "[Reasoning/Analogy] Sample exam-style question #2743: Choose the correct option."}, "options": {"en": ["Option A2743", "Option B2743", "Option C2743", "Option D2743"]}, "answerIndex": 3}, {"id": "GE_2767", "section": "General Awareness", "topic": "Current Affairs", "difficulty": "moderate", "text": {"en": "[General Awareness/Current Affairs] Sample exam-style question #2767: Choose the correct option."}, "options": {"en": ["Option A2767", "Option B2767", "Option C2767", "Option D2767"]}, "answerIndex": 3}, {"id": "MA_2721", "section": "Mathematics", "topic": "Time&Work", "difficulty": "moderate", "text": {"en": "[Mathematics/Time&Work] Sample exam-style question #2721: Choose the correct option."}, "options": {"en": ["Option A2721", "Option B2721", "Option C2721", "Option D2721"]}, "answerIndex": 1}, {"id": "RE_2754", "section": "Reasoning", "topic": "Series", "difficulty": "moderate", "text": {"en": "[Reasoning/Series] Sample exam-style question #2754: Choose the correct option."}, "options": {"en": ["Option A2754", "Option B2754", "Option C2754", "Option D2754"]}, "answerIndex": 2}, {"id": "RE_2734", "section": "Reasoning", "topic": "Puzzle", "difficulty": "moderate", "text": {"en": "[Reasoning/Puzzle] Sample exam-style question #2734: Choose the correct option."}, "options": {"en": ["Option A2734", "Option B2734", "Option C2734", "Option D2734"]}, "answerIndex": 2}, {"id": "MA_2729", "section": "Mathematics", "topic": "Time&Work", "difficulty": "moderate", "text": {"en": "[Mathematics/Time&Work] Sample exam-style question #2729: Choose the correct option."}, "options": {"en": ["Option A2729", "Option B2729", "Option C2729", "Option D2729"]}, "answerIndex": 1}, {"id": "GE_2784", "section": "General Awareness", "topic": "Science", "difficulty": "moderate", "text": {"en": "[General Awareness/Science] Sample exam-style question #2784: Choose the correct option."}, "options": {"en": ["Option A2784", "Option B2784", "Option C2784", "Option D2784"]}, "answerIndex": 0}, {"id": "GE_2766", "section": "General Awareness", "topic": "Current Affairs", "difficulty": "moderate", "text": {"en": "[General Awareness/Current Affairs] Sample exam-style question #2766: Choose the correct option."}, "options": {"en": ["Option A2766", "Option B2766", "Option C2766", "Option D2766"]}, "answerIndex": 2}, {"id": "RE_2752", "section": "Reasoning", "topic": "Series", "difficulty": "moderate", "text": {"en": "[Reasoning/Series] Sample exam-style question #2752: Choose the correct option."}, "options": {"en": ["Option A2752", "Option B2752", "Option C2752", "Option D2752"]}, "answerIndex": 0}, {"id": "MA_2701", "section": "Mathematics", "topic": "DI", "difficulty": "moderate", "text": {"en": "[Mathematics/DI] Sample exam-style question #2701: Choose the correct option."}, "options": {"en": ["Option A2701", "Option B2701", "Option C2701", "Option D2701"]}, "answerIndex": 1}, {"id": "RE_2742", "section": "Reasoning", "topic": "Analogy", "difficulty": "moderate", "text": {"en": "[Reasoning/Analogy] Sample exam-style question #2742: Choose the correct option."}, "options": {"en": ["Option A2742", "Option B2742", "Option C2742", "Option D2742"]}, "answerIndex": 2}, {"id": "GE_2764", "section": "General Awareness", "topic": "Science", "difficulty": "moderate", "text": {"en": "[General Awareness/Science] Sample exam-style question #2764: Choose the correct option."}, "options": {"en": ["Option A2764", "Option B2764", "Option C2764", "Option D2764"]}, "answerIndex": 0}, {"id": "MA_2722", "section": "Mathematics", "topic": "SI", "difficulty": "moderate", "text": {"en": "[Mathematics/SI] Sample exam-style question #2722: Choose the correct option."}, "options": {"en": ["Option A2722", "Option B2722", "Option C2722", "Option D2722"]}, "answerIndex": 2}, {"id": "RE_2757", "section": "Reasoning", "topic": "Direction", "difficulty": "moderate", "text": {"en": "[Reasoning/Direction] Sample exam-style question #2757: Choose the correct option."}, "options": {"en": ["Option A2757", "Option B2757", "Option C2757", "Option D2757"]}, "answerIndex": 1}, {"id": "GE_2771", "section": "General Awareness", "topic": "Science", "difficulty": "moderate", "text": {"en": "[General Awareness/Science] Sample exam-style question #2771: Choose the correct option."}, "options": {"en": ["Option A2771", "Option B2771", "Option C2771", "Option D2771"]}, "answerIndex": 3}, {"id": "GE_2792", "section": "General Awareness", "topic": "Science", "difficulty": "moderate", "text": {"en": "[General Awareness/Science] Sample exam-style question #2792: Choose the correct option."}, "options": {"en": ["Option A2792", "Option B2792", "Option C2792", "Option D2792"]}, "answerIndex": 0}, {"id": "RE_2732", "section": "Reasoning", "topic": "Analogy", "difficulty": "moderate", "text": {"en": "[Reasoning/Analogy] Sample exam-style question #2732: Choose the correct option."}, "options": {"en": ["Option A2732", "Option B2732", "Option C2732", "Option D2732"]}, "answerIndex": 0}, {"id": "MA_2725", "section": "Mathematics", "topic": "DI", "difficulty": "moderate", "text": {"en": "[Mathematics/DI] Sample exam-style question #2725: Choose the correct option."}, "options": {"en": ["Option A2725", "Option B2725", "Option C2725", "Option D2725"]}, "answerIndex": 1}, {"id": "RE_2756", "section": "Reasoning", "topic": "Syllogism", "difficulty": "moderate", "text": {"en": "[Reasoning/Syllogism] Sample exam-style question #2756: Choose the correct option."}, "options": {"en": ["Option A2756", "Option B2756", "Option C2756", "Option D2756"]}, "answerIndex": 0}, {"id": "GE_2785", "section": "General Awareness", "topic": "Geography", "difficulty": "moderate", "text": {"en": "[General Awareness/Geography] Sample exam-style question #2785: Choose the correct option."}, "options": {"en": ["Option A2785", "Option B2785", "Option C2785", "Option D2785"]}, "answerIndex": 1}, {"id": "GE_2763", "section": "General Awareness", "topic": "Science", "difficulty": "moderate", "text": {"en": "[General Awareness/Science] Sample exam-style question #2763: Choose the correct option."}, "options": {"en": ["Option A2763", "Option B2763", "Option C2763", "Option D2763"]}, "answerIndex": 3}, {"id": "MA_2717", "section": "Mathematics", "topic": "SI", "difficulty": "moderate", "text": {"en": "[Mathematics/SI] Sample exam-style question #2717: Choose the correct option."}, "options": {"en": ["Option A2717", "Option B2717", "Option C2717", "Option D2717"]}, "answerIndex": 1}, {"id": "MA_2705", "section": "Mathematics", "topic": "Time&Work", "difficulty": "moderate", "text": {"en": "[Mathematics/Time&Work] Sample exam-style question #2705: Choose the correct option."}, "options": {"en": ["Option A2705", "Option B2705", "Option C2705", "Option D2705"]}, "answerIndex": 1}, {"id": "GE_2775", "section": "General Awareness", "topic": "Current Affairs", "difficulty": "moderate", "text": {"en": "[General Awareness/Current Affairs] Sample exam-style question #2775: Choose the correct option."}, "options": {"en": ["Option A2775", "Option B2775", "Option C2775", "Option D2775"]}, "answerIndex": 3}, {"id": "GE_2787", "section": "General Awareness", "topic": "Current Affairs", "difficulty": "moderate", "text": {"en": "[General Awareness/Current Affairs] Sample exam-style question #2787: Choose the correct option."}, "options": {"en": ["Option A2787", "Option B2787", "Option C2787", "Option D2787"]}, "answerIndex": 3}, {"id": "MA_2727", "section": "Mathematics", "topic": "Speed", "difficulty": "moderate", "text": {"en": "[Mathematics/Speed] Sample exam-style question #2727: Choose the correct option."}, "options": {"en": ["Option A2727", "Option B2727", "Option C2727", "Option D2727"]}, "answerIndex": 3}, {"id": "RE_2759", "section": "Reasoning", "topic": "Direction", "difficulty": "moderate", "text": {"en": "[Reasoning/Direction] Sample exam-style question #2759: Choose the correct option."}, "options": {"en": ["Option A2759", "Option B2759", "Option C2759", "Option D2759"]}, "answerIndex": 3}, {"id": "GE_2778", "section": "General Awareness", "topic": "Economy", "difficulty": "moderate", "text": {"en": "[General Awareness/Economy] Sample exam-style question #2778: Choose the correct option."}, "options": {"en": ["Option A2778", "Option B2778", "Option C2778", "Option D2778"]}, "answerIndex": 2}, {"id": "GE_2761", "section": "General Awareness", "topic": "History", "difficulty": "moderate", "text": {"en": "[General Awareness/History] Sample exam-style question #2761: Choose the correct option."}, "options": {"en": ["Option A2761", "Option B2761", "Option C2761", "Option D2761"]}, "answerIndex": 1}, {"id": "GE_2779", "section": "General Awareness", "topic": "Geography", "difficulty": "moderate", "text": {"en": "[General Awareness/Geography] Sample exam-style question #2779: Choose the correct option."}, "options": {"en": ["Option A2779", "Option B2779", "Option C2779", "Option D2779"]}, "answerIndex": 3}, {"id": "RE_2749", "section": "Reasoning", "topic": "Series", "difficulty": "moderate", "text": {"en": "[Reasoning/Series] Sample exam-style question #2749: Choose the correct option."}, "options": {"en": ["Option A2749", "Option B2749", "Option C2749", "Option D2749"]}, "answerIndex": 1}, {"id": "MA_2720", "section": "Mathematics", "topic": "CI", "difficulty": "moderate", "text": {"en": "[Mathematics/CI] Sample exam-style question #2720: Choose the correct option."}, "options": {"en": ["Option A2720", "Option B2720", "Option C2720", "Option D2720"]}, "answerIndex": 0}, {"id": "GE_2796", "section": "General Awareness", "topic": "Geography", "difficulty": "moderate", "text": {"en": "[General Awareness/Geography] Sample exam-style question #2796: Choose the correct option."}, "options": {"en": ["Option A2796", "Option B2796", "Option C2796", "Option D2796"]}, "answerIndex": 0}, {"id": "GE_2798", "section": "General Awareness", "topic": "Geography", "difficulty": "moderate", "text": {"en": "[General Awareness/Geography] Sample exam-style question #2798: Choose the correct option."}, "options": {"en": ["Option A2798", "Option B2798", "Option C2798", "Option D2798"]}, "answerIndex": 2}, {"id": "RE_2747", "section": "Reasoning", "topic": "Analogy", "difficulty": "moderate", "text": {"en": "[Reasoning/Analogy] Sample exam-style question #2747: Choose the correct option."}, "options": {"en": ["Option A2747", "Option B2747", "Option C2747", "Option D2747"]}, "answerIndex": 3}, {"id": "MA_2713", "section": "Mathematics", "topic": "CI", "difficulty": "moderate", "text": {"en": "[Mathematics/CI] Sample exam-style question #2713: Choose the correct option."}, "options": {"en": ["Option A2713", "Option B2713", "Option C2713", "Option D2713"]}, "answerIndex": 1}, {"id": "GE_2790", "section": "General Awareness", "topic": "Current Affairs", "difficulty": "moderate", "text": {"en": "[General Awareness/Current Affairs] Sample exam-style question #2790: Choose the correct option."}, "options": {"en": ["Option A2790", "Option B2790", "Option C2790", "Option D2790"]}, "answerIndex": 2}, {"id": "GE_2772", "section": "General Awareness", "topic": "History", "difficulty": "moderate", "text": {"en": "[General Awareness/History] Sample exam-style question #2772: Choose the correct option."}, "options": {"en": ["Option A2772", "Option B2772", "Option C2772", "Option D2772"]}, "answerIndex": 0}, {"id": "GE_2799", "section": "General Awareness", "topic": "History", "difficulty": "moderate", "text": {"en": "[General Awareness/History] Sample exam-style question #2799: Choose the correct option."}, "options": {"en": ["Option A2799", "Option B2799", "Option C2799", "Option D2799"]}, "answerIndex": 3}, {"id": "MA_2702", "section": "Mathematics", "topic": "SI", "difficulty": "moderate", "text": {"en": "[Mathematics/SI] Sample exam-style question #2702: Choose the correct option."}, "options": {"en": ["Option A2702", "Option B2702", "Option C2702", "Option D2702"]}, "answerIndex": 2}, {"id": "MA_2724", "section": "Mathematics", "topic": "Speed", "difficulty": "moderate", "text": {"en": "[Mathematics/Speed] Sample exam-style question #2724: Choose the correct option."}, "options": {"en": ["Option A2724", "Option B2724", "Option C2724", "Option D2724"]}, "answerIndex": 0}, {"id": "MA_2707", "section": "Mathematics", "topic": "Time&Work", "difficulty": "moderate", "text": {"en": "[Mathematics/Time&Work] Sample exam-style question #2707: Choose the correct option."}, "options": {"en": ["Option A2707", "Option B2707", "Option C2707", "Option D2707"]}, "answerIndex": 3}, {"id": "GE_2762", "section": "General Awareness", "topic": "Economy", "difficulty": "moderate", "text": {"en": "[General Awareness/Economy] Sample exam-style question #2762: Choose the correct option."}, "options": {"en": ["Option A2762", "Option B2762", "Option C2762", "Option D2762"]}, "answerIndex": 2}, {"id": "GE_2788", "section": "General Awareness", "topic": "Current Affairs", "difficulty": "moderate", "text": {"en": "[General Awareness/Current Affairs] Sample exam-style question #2788: Choose the correct option."}, "options": {"en": ["Option A2788", "Option B2788", "Option C2788", "Option D2788"]}, "answerIndex": 0}, {"id": "RE_2740", "section": "Reasoning", "topic": "Coding", "difficulty": "moderate", "text": {"en": "[Reasoning/Coding] Sample exam-style question #2740: Choose the correct option."}, "options": {"en": ["Option A2740", "Option B2740", "Option C2740", "Option D2740"]}, "answerIndex": 0}, {"id": "MA_2712", "section": "Mathematics", "topic": "SI", "difficulty": "moderate", "text": {"en": "[Mathematics/SI] Sample exam-style question #2712: Choose the correct option."}, "options": {"en": ["Option A2712", "Option B2712", "Option C2712", "Option D2712"]}, "answerIndex": 0}, {"id": "RE_2731", "section": "Reasoning", "topic": "Syllogism", "difficulty": "moderate", "text": {"en": "[Reasoning/Syllogism] Sample exam-style question #2731: Choose the correct option."}, "options": {"en": ["Option A2731", "Option B2731", "Option C2731", "Option D2731"]}, "answerIndex": 3}, {"id": "MA_2709", "section": "Mathematics", "topic": "CI", "difficulty": "moderate", "text": {"en": "[Mathematics/CI] Sample exam-style question #2709: Choose the correct option."}, "options": {"en": ["Option A2709", "Option B2709", "Option C2709", "Option D2709"]}, "answerIndex": 1}, {"id": "GE_2794", "section": "General Awareness", "topic": "History", "difficulty": "moderate", "text": {"en": "[General Awareness/History] Sample exam-style question #2794: Choose the correct option."}, "options": {"en": ["Option A2794", "Option B2794", "Option C2794", "Option D2794"]}, "answerIndex": 2}, {"id": "RE_2738", "section": "Reasoning", "topic": "Puzzle", "difficulty": "moderate", "text": {"en": "[Reasoning/Puzzle] Sample exam-style question #2738: Choose the correct option."}, "options": {"en": ["Option A2738", "Option B2738", "Option C2738", "Option D2738"]}, "answerIndex": 2}, {"id": "GE_2780", "section": "General Awareness", "topic": "History", "difficulty": "moderate", "text": {"en": "[General Awareness/History] Sample exam-style question #2780: Choose the correct option."}, "options": {"en": ["Option A2780", "Option B2780", "Option C2780", "Option D2780"]}, "answerIndex": 0}, {"id": "GE_2786", "section": "General Awareness", "topic": "Current Affairs", "difficulty": "moderate", "text": {"en": "[General Awareness/Current Affairs] Sample exam-style question #2786: Choose the correct option."}, "options": {"en": ["Option A2786", "Option B2786", "Option C2786", "Option D2786"]}, "answerIndex": 2}, {"id": "MA_2706", "section": "Mathematics", "topic": "DI", "difficulty": "moderate", "text": {"en": "[Mathematics/DI] Sample exam-style question #2706: Choose the correct option."}, "options": {"en": ["Option A2706", "Option B2706", "Option C2706", "Option D2706"]}, "answerIndex": 2}, {"id": "RE_2758", "section": "Reasoning", "topic": "Coding", "difficulty": "moderate", "text": {"en": "[Reasoning/Coding] Sample exam-style question #2758: Choose the correct option."}, "options": {"en": ["Option A2758", "Option B2758", "Option C2758", "Option D2758"]}, "answerIndex": 2}, {"id": "RE_2735", "section": "Reasoning", "topic": "Coding", "difficulty": "moderate", "text": {"en": "[Reasoning/Coding] Sample exam-style question #2735: Choose the correct option."}, "options": {"en": ["Option A2735", "Option B2735", "Option C2735", "Option D2735"]}, "answerIndex": 3}, {"id": "RE_2748", "section": "Reasoning", "topic": "Coding", "difficulty": "moderate", "text": {"en": "[Reasoning/Coding] Sample exam-style question #2748: Choose the correct option."}, "options": {"en": ["Option A2748", "Option B2748", "Option C2748", "Option D2748"]}, "answerIndex": 0}, {"id": "GE_2793", "section": "General Awareness", "topic": "Economy", "difficulty": "moderate", "text": {"en": "[General Awareness/Economy] Sample exam-style question #2793: Choose the correct option."}, "options": {"en": ["Option A2793", "Option B2793", "Option C2793", "Option D2793"]}, "answerIndex": 1}, {"id": "MA_2718", "section": "Mathematics", "topic": "Speed", "difficulty": "moderate", "text": {"en": "[Mathematics/Speed] Sample exam-style question #2718: Choose the correct option."}, "options": {"en": ["Option A2718", "Option B2718", "Option C2718", "Option D2718"]}, "answerIndex": 2}, {"id": "MA_2703", "section": "Mathematics", "topic": "Time&Work", "difficulty": "moderate", "text": {"en": "[Mathematics/Time&Work] Sample exam-style question #2703: Choose the correct option."}, "options": {"en": ["Option A2703", "Option B2703", "Option C2703", "Option D2703"]}, "answerIndex": 3}, {"id": "GE_2773", "section": "General Awareness", "topic": "Science", "difficulty": "moderate", "text": {"en": "[General Awareness/Science] Sample exam-style question #2773: Choose the correct option."}, "options": {"en": ["Option A2773", "Option B2773", "Option C2773", "Option D2773"]}, "answerIndex": 1}, {"id": "RE_2753", "section": "Reasoning", "topic": "Coding", "difficulty": "moderate", "text": {"en": "[Reasoning/Coding] Sample exam-style question #2753: Choose the correct option."}, "options": {"en": ["Option A2753", "Option B2753", "Option C2753", "Option D2753"]}, "answerIndex": 1}, {"id": "GE_2776", "section": "General Awareness", "topic": "Economy", "difficulty": "moderate", "text": {"en": "[General Awareness/Economy] Sample exam-style question #2776: Choose the correct option."}, "options": {"en": ["Option A2776", "Option B2776", "Option C2776", "Option D2776"]}, "answerIndex": 0}, {"id": "GE_2769", "section": "General Awareness", "topic": "Current Affairs", "difficulty": "moderate", "text": {"en": "[General Awareness/Current Affairs] Sample exam-style question #2769: Choose the correct option."}, "options": {"en": ["Option A2769", "Option B2769", "Option C2769", "Option D2769"]}, "answerIndex": 1}, {"id": "GE_2765", "section": "General Awareness", "topic": "Economy", "difficulty": "moderate", "text": {"en": "[General Awareness/Economy] Sample exam-style question #2765: Choose the correct option."}, "options": {"en": ["Option A2765", "Option B2765", "Option C2765", "Option D2765"]}, "answerIndex": 1}, {"id": "GE_2791", "section": "General Awareness", "topic": "Geography", "difficulty": "moderate", "text": {"en": "[General Awareness/Geography] Sample exam-style question #2791: Choose the correct option."}, "options": {"en": ["Option A2791", "Option B2791", "Option C2791", "Option D2791"]}, "answerIndex": 3}, {"id": "RE_2744", "section": "Reasoning", "topic": "Puzzle", "difficulty": "moderate", "text": {"en": "[Reasoning/Puzzle] Sample exam-style question #2744: Choose the correct option."}, "options": {"en": ["Option A2744", "Option B2744", "Option C2744", "Option D2744"]}, "answerIndex": 0}, {"id": "MA_2716", "section": "Mathematics", "topic": "SI", "difficulty": "moderate", "text": {"en": "[Mathematics/SI] Sample exam-style question #2716: Choose the correct option."}, "options": {"en": ["Option A2716", "Option B2716", "Option C2716", "Option D2716"]}, "answerIndex": 0}, {"id": "RE_2739", "section": "Reasoning", "topic": "Direction", "difficulty": "moderate", "text": {"en": "[Reasoning/Direction] Sample exam-style question #2739: Choose the correct option."}, "options": {"en": ["Option A2739", "Option B2739", "Option C2739", "Option D2739"]}, "answerIndex": 3}, {"id": "MA_2719", "section": "Mathematics", "topic": "Percentage", "difficulty": "moderate", "text": {"en": "[Mathematics/Percentage] Sample exam-style question #2719: Choose the correct option."}, "options": {"en": ["Option A2719", "Option B2719", "Option C2719", "Option D2719"]}, "answerIndex": 3}, {"id": "GE_2768", "section": "General Awareness", "topic": "Polity", "difficulty": "moderate", "text": {"en": "[General Awareness/Polity] Sample exam-style question #2768: Choose the correct option."}, "options": {"en": ["Option A2768", "Option B2768", "Option C2768", "Option D2768"]}, "answerIndex": 0}, {"id": "MA_2730", "section": "Mathematics", "topic": "CI", "difficulty": "moderate", "text": {"en": "[Mathematics/CI] Sample exam-style question #2730: Choose the correct option."}, "options": {"en": ["Option A2730", "Option B2730", "Option C2730", "Option D2730"]}, "answerIndex": 2}, {"id": "RE_2755", "section": "Reasoning", "topic": "Direction", "difficulty": "moderate", "text": {"en": "[Reasoning/Direction] Sample exam-style question #2755: Choose the correct option."}, "options": {"en": ["Option A2755", "Option B2755", "Option C2755", "Option D2755"]}, "answerIndex": 3}, {"id": "RE_2746", "section": "Reasoning", "topic": "Coding", "difficulty": "moderate", "text": {"en": "[Reasoning/Coding] Sample exam-style question #2746: Choose the correct option."}, "options": {"en": ["Option A2746", "Option B2746", "Option C2746", "Option D2746"]}, "answerIndex": 2}, {"id": "MA_2723", "section": "Mathematics", "topic": "DI", "difficulty": "moderate", "text": {"en": "[Mathematics/DI] Sample exam-style question #2723: Choose the correct option."}, "options": {"en": ["Option A2723", "Option B2723", "Option C2723", "Option D2723"]}, "answerIndex": 3}, {"id": "MA_2708", "section": "Mathematics", "topic": "Time&Work", "difficulty": "moderate", "text": {"en": "[Mathematics/Time&Work] Sample exam-style question #2708: Choose the correct option."}, "options": {"en": ["Option A2708", "Option B2708", "Option C2708", "Option D2708"]}, "answerIndex": 0}, {"id": "RE_2741", "section": "Reasoning", "topic": "Puzzle", "difficulty": "moderate", "text": {"en": "[Reasoning/Puzzle] Sample exam-style question #2741: Choose the correct option."}, "options": {"en": ["Option A2741", "Option B2741", "Option C2741", "Option D2741"]}, "answerIndex": 1}, {"id": "MA_2714", "section": "Mathematics", "topic": "DI", "difficulty": "moderate", "text": {"en": "[Mathematics/DI] Sample exam-style question #2714: Choose the correct option."}, "options": {"en": ["Option A2714", "Option B2714", "Option C2714", "Option D2714"]}, "answerIndex": 2}, {"id": "GE_2797", "section": "General Awareness", "topic": "Science", "difficulty": "moderate", "text": {"en": "[General Awareness/Science] Sample exam-style question #2797: Choose the correct option."}, "options": {"en": ["Option A2797", "Option B2797", "Option C2797", "Option D2797"]}, "answerIndex": 1}, {"id": "MA_2710", "section": "Mathematics", "topic": "Speed", "difficulty": "moderate", "text": {"en": "[Mathematics/Speed] Sample exam-style question #2710: Choose the correct option."}, "options": {"en": ["Option A2710", "Option B2710", "Option C2710", "Option D2710"]}, "answerIndex": 2}, {"id": "GE_2774", "section": "General Awareness", "topic": "Geography", "difficulty": "moderate", "text": {"en": "[General Awareness/Geography] Sample exam-style question #2774: Choose the correct option."}, "options": {"en": ["Option A2774", "Option B2774", "Option C2774", "Option D2774"]}, "answerIndex": 2}, {"id": "MA_2728", "section": "Mathematics", "topic": "Percentage", "difficulty": "moderate", "text": {"en": "[Mathematics/Percentage] Sample exam-style question #2728: Choose the correct option."}, "options": {"en": ["Option A2728", "Option B2728", "Option C2728", "Option D2728"]}, "answerIndex": 0}, {"id": "MA_2711", "section": "Mathematics", "topic": "Time&Work", "difficulty": "moderate", "text": {"en": "[Mathematics/Time&Work] Sample exam-style question #2711: Choose the correct option."}, "options": {"en": ["Option A2711", "Option B2711", "Option C2711", "Option D2711"]}, "answerIndex": 3}, {"id": "GE_2782", "section": "General Awareness", "topic": "Science", "difficulty": "moderate", "text": {"en": "[General Awareness/Science] Sample exam-style question #2782: Choose the correct option."}, "options": {"en": ["Option A2782", "Option B2782", "Option C2782", "Option D2782"]}, "answerIndex": 2}, {"id": "GE_2783", "section": "General Awareness", "topic": "Geography", "difficulty": "moderate", "text": {"en": "[General Awareness/Geography] Sample exam-style question #2783: Choose the correct option."}, "options": {"en": ["Option A2783", "Option B2783", "Option C2783", "Option D2783"]}, "answerIndex": 3}, {"id": "MA_2715", "section": "Mathematics", "topic": "Percentage", "difficulty": "moderate", "text": {"en": "[Mathematics/Percentage] Sample exam-style question #2715: Choose the correct option."}, "options": {"en": ["Option A2715", "Option B2715", "Option C2715", "Option D2715"]}, "answerIndex": 3}, {"id": "GE_2789", "section": "General Awareness", "topic": "Current Affairs", "difficulty": "moderate", "text": {"en": "[General Awareness/Current Affairs] Sample exam-style question #2789: Choose the correct option."}, "options": {"en": ["Option A2789", "Option B2789", "Option C2789", "Option D2789"]}, "answerIndex": 1}, {"id": "MA_2704", "section": "Mathematics", "topic": "SI", "difficulty": "moderate", "text": {"en": "[Mathematics/SI] Sample exam-style question #2704: Choose the correct option."}, "options": {"en": ["Option A2704", "Option B2704", "Option C2704", "Option D2704"]}, "answerIndex": 0}, {"id": "GE_2795", "section": "General Awareness", "topic": "History", "difficulty": "moderate", "text": {"en": "[General Awareness/History] Sample exam-style question #2795: Choose the correct option."}, "options": {"en": ["Option A2795", "Option B2795", "Option C2795", "Option D2795"]}, "answerIndex": 3}, {"id": "RE_2750", "section": "Reasoning", "topic": "Puzzle", "difficulty": "moderate", "text": {"en": "[Reasoning/Puzzle] Sample exam-style question #2750: Choose the correct option."}, "options": {"en": ["Option A2750", "Option B2750", "Option C2750", "Option D2750"]}, "answerIndex": 2}, {"id": "GE_2770", "section": "General Awareness", "topic": "History", "difficulty": "moderate", "text": {"en": "[General Awareness/History] Sample exam-style question #2770: Choose the correct option."}, "options": {"en": ["Option A2770", "Option B2770", "Option C2770", "Option D2770"]}, "answerIndex": 2}, {"id": "RE_2745", "section": "Reasoning", "topic": "Direction", "difficulty": "moderate", "text": {"en": "[Reasoning/Direction] Sample exam-style question #2745: Choose the correct option."}, "options": {"en": ["Option A2745", "Option B2745", "Option C2745", "Option D2745"]}, "answerIndex": 1}, {"id": "GE_2800", "section": "General Awareness", "topic": "Geography", "difficulty": "moderate", "text": {"en": "[General Awareness/Geography] Sample exam-style question #2800: Choose the correct option."}, "options": {"en": ["Option A2800", "Option B2800", "Option C2800", "Option D2800"]}, "answerIndex": 0}, {"id": "MA_2726", "section": "Mathematics", "topic": "Speed", "difficulty": "moderate", "text": {"en": "[Mathematics/Speed] Sample exam-style question #2726: Choose the correct option."}, "options": {"en": ["Option A2726", "Option B2726", "Option C2726", "Option D2726"]}, "answerIndex": 2}, {"id": "RE_2733", "section": "Reasoning", "topic": "Puzzle", "difficulty": "moderate", "text": {"en": "[Reasoning/Puzzle] Sample exam-style question #2733: Choose the correct option."}, "options": {"en": ["Option A2733", "Option B2733", "Option C2733", "Option D2733"]}, "answerIndex": 1}, {"id": "GE_2781", "section": "General Awareness", "topic": "Economy", "difficulty": "moderate", "text": {"en": "[General Awareness/Economy] Sample exam-style question #2781: Choose the correct option."}, "options": {"en": ["Option A2781", "Option B2781", "Option C2781", "Option D2781"]}, "answerIndex": 1}, {"id": "RE_2751", "section": "Reasoning", "topic": "Analogy", "difficulty": "moderate", "text": {"en": "[Reasoning/Analogy] Sample exam-style question #2751: Choose the correct option."}, "options": {"en": ["Option A2751", "Option B2751", "Option C2751", "Option D2751"]}, "answerIndex": 3}, {"id": "GE_2777", "section": "General Awareness", "topic": "Science", "difficulty": "moderate", "text": {"en": "[General Awareness/Science] Sample exam-style question #2777: Choose the correct option."}, "options": {"en": ["Option A2777", "Option B2777", "Option C2777", "Option D2777"]}, "answerIndex": 1}, {"id": "RE_2760", "section": "Reasoning", "topic": "Analogy", "difficulty": "moderate", "text": {"en": "[Reasoning/Analogy] Sample exam-style question #2760: Choose the correct option."}, "options": {"en": ["Option A2760", "Option B2760", "Option C2760", "Option D2760"]}, "answerIndex": 0}]}