{"testId": "034", "questions": [{"id": "GE_3366", "section": "General Awareness", "topic": "Current Affairs", "difficulty": "moderate", "text": {"en": "[General Awareness/Current Affairs] Sample exam-style question #3366: Choose the correct option."}, "options": {"en": ["Option A3366", "Option B3366", "Option C3366", "Option D3366"]}, "answerIndex": 2}, {"id": "GE_3388", "section": "General Awareness", "topic": "Current Affairs", "difficulty": "moderate", "text": {"en": "[General Awareness/Current Affairs] Sample exam-style question #3388: Choose the correct option."}, "options": {"en": ["Option A3388", "Option B3388", "Option C3388", "Option D3388"]}, "answerIndex": 0}, {"id": "MA_3318", "section": "Mathematics", "topic": "CI", "difficulty": "moderate", "text": {"en": "[Mathematics/CI] Sample exam-style question #3318: Choose the correct option."}, "options": {"en": ["Option A3318", "Option B3318", "Option C3318", "Option D3318"]}, "answerIndex": 2}, {"id": "GE_3367", "section": "General Awareness", "topic": "Current Affairs", "difficulty": "moderate", "text": {"en": "[General Awareness/Current Affairs] Sample exam-style question #3367: Choose the correct option."}, "options": {"en": ["Option A3367", "Option B3367", "Option C3367", "Option D3367"]}, "answerIndex": 3}, {"id": "RE_3345", "section": "Reasoning", "topic": "Puzzle", "difficulty": "moderate", "text": {"en": "[Reasoning/Puzzle] Sample exam-style question #3345: Choose the correct option."}, "options": {"en": ["Option A3345", "Option B3345", "Option C3345", "Option D3345"]}, "answerIndex": 1}, {"id": "MA_3316", "section": "Mathematics", "topic": "Speed", "difficulty": "moderate", "text": {"en": "[Mathematics/Speed] Sample exam-style question #3316: Choose the correct option."}, "options": {"en": ["Option A3316", "Option B3316", "Option C3316", "Option D3316"]}, "answerIndex": 0}, {"id": "GE_3385", "section": "General Awareness", "topic": "Economy", "difficulty": "moderate", "text": {"en": "[General Awareness/Economy] Sample exam-style question #3385: Choose the correct option."}, "options": {"en": ["Option A3385", "Option B3385", "Option C3385", "Option D3385"]}, "answerIndex": 1}, {"id": "RE_3355", "section": "Reasoning", "topic": "Puzzle", "difficulty": "moderate", "text": {"en": "[Reasoning/Puzzle] Sample exam-style question #3355: Choose the correct option."}, "options": {"en": ["Option A3355", "Option B3355", "Option C3355", "Option D3355"]}, "answerIndex": 3}, {"id": "GE_3386", "section": "General Awareness", "topic": "Science", "difficulty": "moderate", "text": {"en": "[General Awareness/Science] Sample exam-style question #3386: Choose the correct option."}, "options": {"en": ["Option A3386", "Option B3386", "Option C3386", "Option D3386"]}, "answerIndex": 2}, {"id": "MA_3306", "section": "Mathematics", "topic": "Speed", "difficulty": "moderate", "text": {"en": "[Mathematics/Speed] Sample exam-style question #3306: Choose the correct option."}, "options": {"en": ["Option A3306", "Option B3306", "Option C3306", "Option D3306"]}, "answerIndex": 2}, {"id": "GE_3369", "section": "General Awareness", "topic": "History", "difficulty": "moderate", "text": {"en": "[General Awareness/History] Sample exam-style question #3369: Choose the correct option."}, "options": {"en": ["Option A3369", "Option B3369", "Option C3369", "Option D3369"]}, "answerIndex": 1}, {"id": "MA_3322", "section": "Mathematics", "topic": "Percentage", "difficulty": "moderate", "text": {"en": "[Mathematics/Percentage] Sample exam-style question #3322: Choose the correct option."}, "options": {"en": ["Option A3322", "Option B3322", "Option C3322", "Option D3322"]}, "answerIndex": 2}, {"id": "RE_3341", "section": "Reasoning", "topic": "Puzzle", "difficulty": "moderate", "text": {"en": "[Reasoning/Puzzle] Sample exam-style question #3341: Choose the correct option."}, "options": {"en": ["Option A3341", "Option B3341", "Option C3341", "Option D3341"]}, "answerIndex": 1}, {"id": "GE_3384", "section": "General Awareness", "topic": "Economy", "difficulty": "moderate", "text": {"en": "[General Awareness/Economy] Sample exam-style question #3384: Choose the correct option."}, "options": {"en": ["Option A3384", "Option B3384", "Option C3384", "Option D3384"]}, "answerIndex": 0}, {"id": "GE_3363", "section": "General Awareness", "topic": "Geography", "difficulty": "moderate", "text": {"en": "[General Awareness/Geography] Sample exam-style question #3363: Choose the correct option."}, "options": {"en": ["Option A3363", "Option B3363", "Option C3363", "Option D3363"]}, "answerIndex": 3}, {"id": "GE_3380", "section": "General Awareness", "topic": "Geography", "difficulty": "moderate", "text": {"en": "[General Awareness/Geography] Sample exam-style question #3380: Choose the correct option."}, "options": {"en": ["Option A3380", "Option B3380", "Option C3380", "Option D3380"]}, "answerIndex": 0}, {"id": "GE_3377", "section": "General Awareness", "topic": "Science", "difficulty": "moderate", "text": {"en": "[General Awareness/Science] Sample exam-style question #3377: Choose the correct option."}, "options": {"en": ["Option A3377", "Option B3377", "Option C3377", "Option D3377"]}, "answerIndex": 1}, {"id": "GE_3395", "section": "General Awareness", "topic": "Polity", "difficulty": "moderate", "text": {"en": "[General Awareness/Polity] Sample exam-style question #3395: Choose the correct option."}, "options": {"en": ["Option A3395", "Option B3395", "Option C3395", "Option D3395"]}, "answerIndex": 3}, {"id": "GE_3387", "section": "General Awareness", "topic": "History", "difficulty": "moderate", "text": {"en": "[General Awareness/History] Sample exam-style question #3387: Choose the correct option."}, "options": {"en": ["Option A3387", "Option B3387", "Option C3387", "Option D3387"]}, "answerIndex": 3}, {"id": "MA_3323", "section": "Mathematics", "topic": "Time&Work", "difficulty": "moderate", "text": {"en": "[Mathematics/Time&Work] Sample exam-style question #3323: Choose the correct option."}, "options": {"en": ["Option A3323", "Option B3323", "Option C3323", "Option D3323"]}, "answerIndex": 3}, {"id": "GE_3371", "section": "General Awareness", "topic": "Polity", "difficulty": "moderate", "text": {"en": "[General Awareness/Polity] Sample exam-style question #3371: Choose the correct option."}, "options": {"en": ["Option A3371", "Option B3371", "Option C3371", "Option D3371"]}, "answerIndex": 3}, {"id": "MA_3319", "section": "Mathematics", "topic": "Ratio", "difficulty": "moderate", "text": {"en": "[Mathematics/Ratio] Sample exam-style question #3319: Choose the correct option."}, "options": {"en": ["Option A3319", "Option B3319", "Option C3319", "Option D3319"]}, "answerIndex": 3}, {"id": "GE_3370", "section": "General Awareness", "topic": "Polity", "difficulty": "moderate", "text": {"en": "[General Awareness/Polity] Sample exam-style question #3370: Choose the correct option."}, "options": {"en": ["Option A3370", "Option B3370", "Option C3370", "Option D3370"]}, "answerIndex": 2}, {"id": "MA_3320", "section": "Mathematics", "topic": "Time&Work", "difficulty": "moderate", "text": {"en": "[Mathematics/Time&Work] Sample exam-style question #3320: Choose the correct option."}, "options": {"en": ["Option A3320", "Option B3320", "Option C3320", "Option D3320"]}, "answerIndex": 0}, {"id": "RE_3333", "section": "Reasoning", "topic": "Coding", "difficulty": "moderate", "text": {"en": "[Reasoning/Coding] Sample exam-style question #3333: Choose the correct option."}, "options": {"en": ["Option A3333", "Option B3333", "Option C3333", "Option D3333"]}, "answerIndex": 1}, {"id": "RE_3332", "section": "Reasoning", "topic": "Direction", "difficulty": "moderate", "text": {"en": "[Reasoning/Direction] Sample exam-style question #3332: Choose the correct option."}, "options": {"en": ["Option A3332", "Option B3332", "Option C3332", "Option D3332"]}, "answerIndex": 0}, {"id": "RE_3336", "section": "Reasoning", "topic": "Series", "difficulty": "moderate", "text": {"en": "[Reasoning/Series] Sample exam-style question #3336: Choose the correct option."}, "options": {"en": ["Option A3336", "Option B3336", "Option C3336", "Option D3336"]}, "answerIndex": 0}, {"id": "RE_3335", "section": "Reasoning", "topic": "Coding", "difficulty": "moderate", "text": {"en": "[Reasoning/Coding] Sample exam-style question #3335: Choose the correct option."}, "options": {"en": ["Option A3335", "Option B3335", "Option C3335", "Option D3335"]}, "answerIndex": 3}, {"id": "GE_3390", "section": "General Awareness", "topic": "Geography", "difficulty": "moderate", "text": {"en": "[General Awareness/Geography] Sample exam-style question #3390: Choose the correct option."}, "options": {"en": ["Option A3390", "Option B3390", "Option C3390", "Option D3390"]}, "answerIndex": 2}, {"id": "RE_3352", "section": "Reasoning", "topic": "Series", "difficulty": "moderate", "text": {"en": "[Reasoning/Series] Sample exam-style question #3352: Choose the correct option."}, "options": {"en": ["Option A3352", "Option B3352", "Option C3352", "Option D3352"]}, "answerIndex": 0}, {"id": "MA_3304", "section": "Mathematics", "topic": "CI", "difficulty": "moderate", "text": {"en": "[Mathematics/CI] Sample exam-style question #3304: Choose the correct option."}, "options": {"en": ["Option A3304", "Option B3304", "Option C3304", "Option D3304"]}, "answerIndex": 0}, {"id": "GE_3394", "section": "General Awareness", "topic": "Current Affairs", "difficulty": "moderate", "text": {"en": "[General Awareness/Current Affairs] Sample exam-style question #3394: Choose the correct option."}, "options": {"en": ["Option A3394", "Option B3394", "Option C3394", "Option D3394"]}, "answerIndex": 2}, {"id": "MA_3325", "section": "Mathematics", "topic": "DI", "difficulty": "moderate", "text": {"en": "[Mathematics/DI] Sample exam-style question #3325: Choose the correct option."}, "options": {"en": ["Option A3325", "Option B3325", "Option C3325", "Option D3325"]}, "answerIndex": 1}, {"id": "MA_3309", "section": "Mathematics", "topic": "CI", "difficulty": "moderate", "text": {"en": "[Mathematics/CI] Sample exam-style question #3309: Choose the correct option."}, "options": {"en": ["Option A3309", "Option B3309", "Option C3309", "Option D3309"]}, "answerIndex": 1}, {"id": "MA_3314", "section": "Mathematics", "topic": "Ratio", "difficulty": "moderate", "text": {"en": "[Mathematics/Ratio] Sample exam-style question #3314: Choose the correct option."}, "options": {"en": ["Option A3314", "Option B3314", "Option C3314", "Option D3314"]}, "answerIndex": 2}, {"id": "GE_3389", "section": "General Awareness", "topic": "History", "difficulty": "moderate", "text": {"en": "[General Awareness/History] Sample exam-style question #3389: Choose the correct option."}, "options": {"en": ["Option A3389", "Option B3389", "Option C3389", "Option D3389"]}, "answerIndex": 1}, {"id": "RE_3356", "section": "Reasoning", "topic": "Direction", "difficulty": "moderate", "text": {"en": "[Reasoning/Direction] Sample exam-style question #3356: Choose the correct option."}, "options": {"en": ["Option A3356", "Option B3356", "Option C3356", "Option D3356"]}, "answerIndex": 0}, {"id": "GE_3368", "section": "General Awareness", "topic": "Economy", "difficulty": "moderate", "text": {"en": "[General Awareness/Economy] Sample exam-style question #3368: Choose the correct option."}, "options": {"en": ["Option A3368", "Option B3368", "Option C3368", "Option D3368"]}, "answerIndex": 0}, {"id": "GE_3361", "section": "General Awareness", "topic": "Geography", "difficulty": "moderate", "text": {"en": "[General Awareness/Geography] Sample exam-style question #3361: Choose the correct option."}, "options": {"en": ["Option A3361", "Option B3361", "Option C3361", "Option D3361"]}, "answerIndex": 1}, {"id": "GE_3364", "section": "General Awareness", "topic": "Polity", "difficulty": "moderate", "text": {"en": "[General Awareness/Polity] Sample exam-style question #3364: Choose the correct option."}, "options": {"en": ["Option A3364", "Option B3364", "Option C3364", "Option D3364"]}, "answerIndex": 0}, {"id": "GE_3365", "section": "General Awareness", "topic": "Science", "difficulty": "moderate", "text": {"en": "[General Awareness/Science] Sample exam-style question #3365: Choose the correct option."}, "options": {"en": ["Option A3365", "Option B3365", "Option C3365", "Option D3365"]}, "answerIndex": 1}, {"id": "GE_3376", "section": "General Awareness", "topic": "Science", "difficulty": "moderate", "text": {"en": "[General Awareness/Science] Sample exam-style question #3376: Choose the correct option."}, "options": {"en": ["Option A3376", "Option B3376", "Option C3376", "Option D3376"]}, "answerIndex": 0}, {"id": "MA_3326", "section": "Mathematics", "topic": "DI", "difficulty": "moderate", "text": {"en": "[Mathematics/DI] Sample exam-style question #3326: Choose the correct option."}, "options": {"en": ["Option A3326", "Option B3326", "Option C3326", "Option D3326"]}, "answerIndex": 2}, {"id": "RE_3357", "section": "Reasoning", "topic": "Series", "difficulty": "moderate", "text": {"en": "[Reasoning/Series] Sample exam-style question #3357: Choose the correct option."}, "options": {"en": ["Option A3357", "Option B3357", "Option C3357", "Option D3357"]}, "answerIndex": 1}, {"id": "GE_3378", "section": "General Awareness", "topic": "Geography", "difficulty": "moderate", "text": {"en": "[General Awareness/Geography] Sample exam-style question #3378: Choose the correct option."}, "options": {"en": ["Option A3378", "Option B3378", "Option C3378", "Option D3378"]}, "answerIndex": 2}, {"id": "GE_3399", "section": "General Awareness", "topic": "Economy", "difficulty": "moderate", "text": {"en": "[General Awareness/Economy] Sample exam-style question #3399: Choose the correct option."}, "options": {"en": ["Option A3399", "Option B3399", "Option C3399", "Option D3399"]}, "answerIndex": 3}, {"id": "RE_3358", "section": "Reasoning", "topic": "Series", "difficulty": "moderate", "text": {"en": "[Reasoning/Series] Sample exam-style question #3358: Choose the correct option."}, "options": {"en": ["Option A3358", "Option B3358", "Option C3358", "Option D3358"]}, "answerIndex": 2}, {"id": "RE_3340", "section": "Reasoning", "topic": "Coding", "difficulty": "moderate", "text": {"en": "[Reasoning/Coding] Sample exam-style question #3340: Choose the correct option."}, "options": {"en": ["Option A3340", "Option B3340", "Option C3340", "Option D3340"]}, "answerIndex": 0}, {"id": "MA_3328", "section": "Mathematics", "topic": "DI", "difficulty": "moderate", "text": {"en": "[Mathematics/DI] Sample exam-style question #3328: Choose the correct option."}, "options": {"en": ["Option A3328", "Option B3328", "Option C3328", "Option D3328"]}, "answerIndex": 0}, {"id": "MA_3307", "section": "Mathematics", "topic": "Speed", "difficulty": "moderate", "text": {"en": "[Mathematics/Speed] Sample exam-style question #3307: Choose the correct option."}, "options": {"en": ["Option A3307", "Option B3307", "Option C3307", "Option D3307"]}, "answerIndex": 3}, {"id": "RE_3344", "section": "Reasoning", "topic": "Series", "difficulty": "moderate", "text": {"en": "[Reasoning/Series] Sample exam-style question #3344: Choose the correct option."}, "options": {"en": ["Option A3344", "Option B3344", "Option C3344", "Option D3344"]}, "answerIndex": 0}, {"id": "RE_3348", "section": "Reasoning", "topic": "Puzzle", "difficulty": "moderate", "text": {"en": "[Reasoning/Puzzle] Sample exam-style question #3348: Choose the correct option."}, "options": {"en": ["Option A3348", "Option B3348", "Option C3348", "Option D3348"]}, "answerIndex": 0}, {"id": "RE_3338", "section": "Reasoning", "topic": "Coding", "difficulty": "moderate", "text": {"en": "[Reasoning/Coding] Sample exam-style question #3338: Choose the correct option."}, "options": {"en": ["Option A3338", "Option B3338", "Option C3338", "Option D3338"]}, "answerIndex": 2}, {"id": "GE_3397", "section": "General Awareness", "topic": "Economy", "difficulty": "moderate", "text": {"en": "[General Awareness/Economy] Sample exam-style question #3397: Choose the correct option."}, "options": {"en": ["Option A3397", "Option B3397", "Option C3397", "Option D3397"]}, "answerIndex": 1}, {"id": "RE_3354", "section": "Reasoning", "topic": "Puzzle", "difficulty": "moderate", "text": {"en": "[Reasoning/Puzzle] Sample exam-style question #3354: Choose the correct option."}, "options": {"en": ["Option A3354", "Option B3354", "Option C3354", "Option D3354"]}, "answerIndex": 2}, {"id": "GE_3383", "section": "General Awareness", "topic": "Geography", "difficulty": "moderate", "text": {"en": "[General Awareness/Geography] Sample exam-style question #3383: Choose the correct option."}, "options": {"en": ["Option A3383", "Option B3383", "Option C3383", "Option D3383"]}, "answerIndex": 3}, {"id": "RE_3351", "section": "Reasoning", "topic": "Direction", "difficulty": "moderate", "text": {"en": "[Reasoning/Direction] Sample exam-style question #3351: Choose the correct option."}, "options": {"en": ["Option A3351", "Option B3351", "Option C3351", "Option D3351"]}, "answerIndex": 3}, {"id": "GE_3379", "section": "General Awareness", "topic": "Geography", "difficulty": "moderate", "text": {"en": "[General Awareness/Geography] Sample exam-style question #3379: Choose the correct option."}, "options": {"en": ["Option A3379", "Option B3379", "Option C3379", "Option D3379"]}, "answerIndex": 3}, {"id": "GE_3398", "section": "General Awareness", "topic": "Economy", "difficulty": "moderate", "text": {"en": "[General Awareness/Economy] Sample exam-style question #3398: Choose the correct option."}, "options": {"en": ["Option A3398", "Option B3398", "Option C3398", "Option D3398"]}, "answerIndex": 2}, {"id": "RE_3339", "section": "Reasoning", "topic": "Series", "difficulty": "moderate", "text": {"en": "[Reasoning/Series] Sample exam-style question #3339: Choose the correct option."}, "options": {"en": ["Option A3339", "Option B3339", "Option C3339", "Option D3339"]}, "answerIndex": 3}, {"id": "GE_3374", "section": "General Awareness", "topic": "History", "difficulty": "moderate", "text": {"en": "[General Awareness/History] Sample exam-style question #3374: Choose the correct option."}, "options": {"en": ["Option A3374", "Option B3374", "Option C3374", "Option D3374"]}, "answerIndex": 2}, {"id": "RE_3353", "section": "Reasoning", "topic": "Series", "difficulty": "moderate", "text": {"en": "[Reasoning/Series] Sample exam-style question #3353: Choose the correct option."}, "options": {"en": ["Option A3353", "Option B3353", "Option C3353", "Option D3353"]}, "answerIndex": 1}, {"id": "MA_3327", "section": "Mathematics", "topic": "Percentage", "difficulty": "moderate", "text": {"en": "[Mathematics/Percentage] Sample exam-style question #3327: Choose the correct option."}, "options": {"en": ["Option A3327", "Option B3327", "Option C3327", "Option D3327"]}, "answerIndex": 3}, {"id": "MA_3302", "section": "Mathematics", "topic": "DI", "difficulty": "moderate", "text": {"en": "[Mathematics/DI] Sample exam-style question #3302: Choose the correct option."}, "options": {"en": ["Option A3302", "Option B3302", "Option C3302", "Option D3302"]}, "answerIndex": 2}, {"id": "RE_3343", "section": "Reasoning", "topic": "Syllogism", "difficulty": "moderate", "text": {"en": "[Reasoning/Syllogism] Sample exam-style question #3343: Choose the correct option."}, "options": {"en": ["Option A3343", "Option B3343", "Option C3343", "Option D3343"]}, "answerIndex": 3}, {"id": "GE_3375", "section": "General Awareness", "topic": "History", "difficulty": "moderate", "text": {"en": "[General Awareness/History] Sample exam-style question #3375: Choose the correct option."}, "options": {"en": ["Option A3375", "Option B3375", "Option C3375", "Option D3375"]}, "answerIndex": 3}, {"id": "RE_3334", "section": "Reasoning", "topic": "Analogy", "difficulty": "moderate", "text": {"en": "[Reasoning/Analogy] Sample exam-style question #3334: Choose the correct option."}, "options": {"en": ["Option A3334", "Option B3334", "Option C3334", "Option D3334"]}, "answerIndex": 2}, {"id": "MA_3301", "section": "Mathematics", "topic": "SI", "difficulty": "moderate", "text": {"en": "[Mathematics/SI] Sample exam-style question #3301: Choose the correct option."}, "options": {"en": ["Option A3301", "Option B3301", "Option C3301", "Option D3301"]}, "answerIndex": 1}, {"id": "GE_3400", "section": "General Awareness", "topic": "Science", "difficulty": "moderate", "text": {"en": "[General Awareness/Science] Sample exam-style question #3400: Choose the correct option."}, "options": {"en": ["Option A3400", "Option B3400", "Option C3400", "Option D3400"]}, "answerIndex": 0}, {"id": "RE_3346", "section": "Reasoning", "topic": "Analogy", "difficulty": "moderate", "text": {"en": "[Reasoning/Analogy] Sample exam-style question #3346: Choose the correct option."}, "options": {"en": ["Option A3346", "Option B3346", "Option C3346", "Option D3346"]}, "answerIndex": 2}, {"id": "GE_3382", "section": "General Awareness", "topic": "Polity", "difficulty": "moderate", "text": {"en": "[General Awareness/Polity] Sample exam-style question #3382: Choose the correct option."}, "options": {"en": ["Option A3382", "Option B3382", "Option C3382", "Option D3382"]}, "answerIndex": 2}, {"id": "GE_3392", "section": "General Awareness", "topic": "Polity", "difficulty": "moderate", "text": {"en": "[General Awareness/Polity] Sample exam-style question #3392: Choose the correct option."}, "options": {"en": ["Option A3392", "Option B3392", "Option C3392", "Option D3392"]}, "answerIndex": 0}, {"id": "GE_3372", "section": "General Awareness", "topic": "Science", "difficulty": "moderate", "text": {"en": "[General Awareness/Science] Sample exam-style question #3372: Choose the correct option."}, "options": {"en": ["Option A3372", "Option B3372", "Option C3372", "Option D3372"]}, "answerIndex": 0}, {"id": "GE_3396", "section": "General Awareness", "topic": "Polity", "difficulty": "moderate", "text": {"en": "[General Awareness/Polity] Sample exam-style question #3396: Choose the correct option."}, "options": {"en": ["Option A3396", "Option B3396", "Option C3396", "Option D3396"]}, "answerIndex": 0}, {"id": "RE_3331", "section": "Reasoning", "topic": "Series", "difficulty": "moderate", "text": {"en": "[Reasoning/Series] Sample exam-style question #3331: Choose the correct option."}, "options": {"en": ["Option A3331", "Option B3331", "Option C3331", "Option D3331"]}, "answerIndex": 3}, {"id": "MA_3329", "section": "Mathematics", "topic": "Speed", "difficulty": "moderate", "text": {"en": "[Mathematics/Speed] Sample exam-style question #3329: Choose the correct option."}, "options": {"en": ["Option A3329", "Option B3329", "Option C3329", "Option D3329"]}, "answerIndex": 1}, {"id": "MA_3315", "section": "Mathematics", "topic": "Ratio", "difficulty": "moderate", "text": {"en": "[Mathematics/Ratio] Sample exam-style question #3315: Choose the correct option."}, "options": {"en": ["Option A3315", "Option B3315", "Option C3315", "Option D3315"]}, "answerIndex": 3}, {"id": "MA_3317", "section": "Mathematics", "topic": "Time&Work", "difficulty": "moderate", "text": {"en": "[Mathematics/Time&Work] Sample exam-style question #3317: Choose the correct option."}, "options": {"en": ["Option A3317", "Option B3317", "Option C3317", "Option D3317"]}, "answerIndex": 1}, {"id": "RE_3360", "section": "Reasoning", "topic": "Analogy", "difficulty": "moderate", "text": {"en": "[Reasoning/Analogy] Sample exam-style question #3360: Choose the correct option."}, "options": {"en": ["Option A3360", "Option B3360", "Option C3360", "Option D3360"]}, "answerIndex": 0}, {"id": "GE_3362", "section": "General Awareness", "topic": "Science", "difficulty": "moderate", "text": {"en": "[General Awareness/Science] Sample exam-style question #3362: Choose the correct option."}, "options": {"en": ["Option A3362", "Option B3362", "Option C3362", "Option D3362"]}, "answerIndex": 2}, {"id": "GE_3391", "section": "General Awareness", "topic": "Current Affairs", "difficulty": "moderate", "text": {"en": "[General Awareness/Current Affairs] Sample exam-style question #3391: Choose the correct option."}, "options": {"en": ["Option A3391", "Option B3391", "Option C3391", "Option D3391"]}, "answerIndex": 3}, {"id": "RE_3359", "section": "Reasoning", "topic": "Puzzle", "difficulty": "moderate", "text": {"en": "[Reasoning/Puzzle] Sample exam-style question #3359: Choose the correct option."}, "options": {"en": ["Option A3359", "Option B3359", "Option C3359", "Option D3359"]}, "answerIndex": 3}, {"id": "GE_3373", "section": "General Awareness", "topic": "History", "difficulty": "moderate", "text": {"en": "[General Awareness/History] Sample exam-style question #3373: Choose the correct option."}, "options": {"en": ["Option A3373", "Option B3373", "Option C3373", "Option D3373"]}, "answerIndex": 1}, {"id": "RE_3337", "section": "Reasoning", "topic": "Analogy", "difficulty": "moderate", "text": {"en": "[Reasoning/Analogy] Sample exam-style question #3337: Choose the correct option."}, "options": {"en": ["Option A3337", "Option B3337", "Option C3337", "Option D3337"]}, "answerIndex": 1}, {"id": "MA_3308", "section": "Mathematics", "topic": "CI", "difficulty": "moderate", "text": {"en": "[Mathematics/CI] Sample exam-style question #3308: Choose the correct option."}, "options": {"en": ["Option A3308", "Option B3308", "Option C3308", "Option D3308"]}, "answerIndex": 0}, {"id": "MA_3321", "section": "Mathematics", "topic": "Speed", "difficulty": "moderate", "text": {"en": "[Mathematics/Speed] Sample exam-style question #3321: Choose the correct option."}, "options": {"en": ["Option A3321", "Option B3321", "Option C3321", "Option D3321"]}, "answerIndex": 1}, {"id": "MA_3303", "section": "Mathematics", "topic": "DI", "difficulty": "moderate", "text": {"en": "[Mathematics/DI] Sample exam-style question #3303: Choose the correct option."}, "options": {"en": ["Option A3303", "Option B3303", "Option C3303", "Option D3303"]}, "answerIndex": 3}, {"id": "RE_3342", "section": "Reasoning", "topic": "Direction", "difficulty": "moderate", "text": {"en": "[Reasoning/Direction] Sample exam-style question #3342: Choose the correct option."}, "options": {"en": ["Option A3342", "Option B3342", "Option C3342", "Option D3342"]}, "answerIndex": 2}, {"id": "RE_3347", "section": "Reasoning", "topic": "Analogy", "difficulty": "moderate", "text": {"en": "[Reasoning/Analogy] Sample exam-style question #3347: Choose the correct option."}, "options": {"en": ["Option A3347", "Option B3347", "Option C3347", "Option D3347"]}, "answerIndex": 3}, {"id": "MA_3324", "section": "Mathematics", "topic": "Percentage", "difficulty": "moderate", "text": {"en": "[Mathematics/Percentage] Sample exam-style question #3324: Choose the correct option."}, "options": {"en": ["Option A3324", "Option B3324", "Option C3324", "Option D3324"]}, "answerIndex": 0}, {"id": "GE_3393", "section": "General Awareness", "topic": "Current Affairs", "difficulty": "moderate", "text": {"en": "[General Awareness/Current Affairs] Sample exam-style question #3393: Choose the correct option."}, "options": {"en": ["Option A3393", "Option B3393", "Option C3393", "Option D3393"]}, "answerIndex": 1}, {"id": "RE_3349", "section": "Reasoning", "topic": "Direction", "difficulty": "moderate", "text": {"en": "[Reasoning/Direction] Sample exam-style question #3349: Choose the correct option."}, "options": {"en": ["Option A3349", "Option B3349", "Option C3349", "Option D3349"]}, "answerIndex": 1}, {"id": "MA_3330", "section": "Mathematics", "topic": "Percentage", "difficulty": "moderate", "text": {"en": "[Mathematics/Percentage] Sample exam-style question #3330: Choose the correct option."}, "options": {"en": ["Option A3330", "Option B3330", "Option C3330", "Option D3330"]}, "answerIndex": 2}, {"id": "MA_3310", "section": "Mathematics", "topic": "Ratio", "difficulty": "moderate", "text": {"en": "[Mathematics/Ratio] Sample exam-style question #3310: Choose the correct option."}, "options": {"en": ["Option A3310", "Option B3310", "Option C3310", "Option D3310"]}, "answerIndex": 2}, {"id": "RE_3350", "section": "Reasoning", "topic": "Analogy", "difficulty": "moderate", "text": {"en": "[Reasoning/Analogy] Sample exam-style question #3350: Choose the correct option."}, "options": {"en": ["Option A3350", "Option B3350", "Option C3350", "Option D3350"]}, "answerIndex": 2}, {"id": "MA_3313", "section": "Mathematics", "topic": "SI", "difficulty": "moderate", "text": {"en": "[Mathematics/SI] Sample exam-style question #3313: Choose the correct option."}, "options": {"en": ["Option A3313", "Option B3313", "Option C3313", "Option D3313"]}, "answerIndex": 1}, {"id": "MA_3311", "section": "Mathematics", "topic": "Speed", "difficulty": "moderate", "text": {"en": "[Mathematics/Speed] Sample exam-style question #3311: Choose the correct option."}, "options": {"en": ["Option A3311", "Option B3311", "Option C3311", "Option D3311"]}, "answerIndex": 3}, {"id": "MA_3312", "section": "Mathematics", "topic": "DI", "difficulty": "moderate", "text": {"en": "[Mathematics/DI] Sample exam-style question #3312: Choose the correct option."}, "options": {"en": ["Option A3312", "Option B3312", "Option C3312", "Option D3312"]}, "answerIndex": 0}, {"id": "GE_3381", "section": "General Awareness", "topic": "Economy", "difficulty": "moderate", "text": {"en": "[General Awareness/Economy] Sample exam-style question #3381: Choose the correct option."}, "options": {"en": ["Option A3381", "Option B3381", "Option C3381", "Option D3381"]}, "answerIndex": 1}, {"id": "MA_3305", "section": "Mathematics", "topic": "Speed", "difficulty": "moderate", "text": {"en": "[Mathematics/Speed] Sample exam-style question #3305: Choose the correct option."}, "options": {"en": ["Option A3305", "Option B3305", "Option C3305", "Option D3305"]}, "answerIndex": 1}]}