{"testId": "045", "questions": [{"id": "RE_4456", "section": "Reasoning", "topic": "Coding", "difficulty": "moderate", "text": {"en": "[Reasoning/Coding] Sample exam-style question #4456: Choose the correct option."}, "options": {"en": ["Option A4456", "Option B4456", "Option C4456", "Option D4456"]}, "answerIndex": 0}, {"id": "GE_4470", "section": "General Awareness", "topic": "Polity", "difficulty": "moderate", "text": {"en": "[General Awareness/Polity] Sample exam-style question #4470: Choose the correct option."}, "options": {"en": ["Option A4470", "Option B4470", "Option C4470", "Option D4470"]}, "answerIndex": 2}, {"id": "MA_4406", "section": "Mathematics", "topic": "SI", "difficulty": "moderate", "text": {"en": "[Mathematics/SI] Sample exam-style question #4406: Choose the correct option."}, "options": {"en": ["Option A4406", "Option B4406", "Option C4406", "Option D4406"]}, "answerIndex": 2}, {"id": "RE_4458", "section": "Reasoning", "topic": "Direction", "difficulty": "moderate", "text": {"en": "[Reasoning/Direction] Sample exam-style question #4458: Choose the correct option."}, "options": {"en": ["Option A4458", "Option B4458", "Option C4458", "Option D4458"]}, "answerIndex": 2}, {"id": "MA_4403", "section": "Mathematics", "topic": "Speed", "difficulty": "moderate", "text": {"en": "[Mathematics/Speed] Sample exam-style question #4403: Choose the correct option."}, "options": {"en": ["Option A4403", "Option B4403", "Option C4403", "Option D4403"]}, "answerIndex": 3}, {"id": "MA_4429", "section": "Mathematics", "topic": "Ratio", "difficulty": "moderate", "text": {"en": "[Mathematics/Ratio] Sample exam-style question #4429: Choose the correct option."}, "options": {"en": ["Option A4429", "Option B4429", "Option C4429", "Option D4429"]}, "answerIndex": 1}, {"id": "GE_4472", "section": "General Awareness", "topic": "History", "difficulty": "moderate", "text": {"en": "[General Awareness/History] Sample exam-style question #4472: Choose the correct option."}, "options": {"en": ["Option A4472", "Option B4472", "Option C4472", "Option D4472"]}, "answerIndex": 0}, {"id": "MA_4407", "section": "Mathematics", "topic": "SI", "difficulty": "moderate", "text": {"en": "[Mathematics/SI] Sample exam-style question #4407: Choose the correct option."}, "options": {"en": ["Option A4407", "Option B4407", "Option C4407", "Option D4407"]}, "answerIndex": 3}, {"id": "RE_4454", "section": "Reasoning", "topic": "Syllogism", "difficulty": "moderate", "text": {"en": "[Reasoning/Syllogism] Sample exam-style question #4454: Choose the correct option."}, "options": {"en": ["Option A4454", "Option B4454", "Option C4454", "Option D4454"]}, "answerIndex": 2}, {"id": "GE_4482", "section": "General Awareness", "topic": "Geography", "difficulty": "moderate", "text": {"en": "[General Awareness/Geography] Sample exam-style question #4482: Choose the correct option."}, "options": {"en": ["Option A4482", "Option B4482", "Option C4482", "Option D4482"]}, "answerIndex": 2}, {"id": "MA_4409", "section": "Mathematics", "topic": "SI", "difficulty": "moderate", "text": {"en": "[Mathematics/SI] Sample exam-style question #4409: Choose the correct option."}, "options": {"en": ["Option A4409", "Option B4409", "Option C4409", "Option D4409"]}, "answerIndex": 1}, {"id": "RE_4438", "section": "Reasoning", "topic": "Syllogism", "difficulty": "moderate", "text": {"en": "[Reasoning/Syllogism] Sample exam-style question #4438: Choose the correct option."}, "options": {"en": ["Option A4438", "Option B4438", "Option C4438", "Option D4438"]}, "answerIndex": 2}, {"id": "MA_4416", "section": "Mathematics", "topic": "Time&Work", "difficulty": "moderate", "text": {"en": "[Mathematics/Time&Work] Sample exam-style question #4416: Choose the correct option."}, "options": {"en": ["Option A4416", "Option B4416", "Option C4416", "Option D4416"]}, "answerIndex": 0}, {"id": "RE_4440", "section": "Reasoning", "topic": "Analogy", "difficulty": "moderate", "text": {"en": "[Reasoning/Analogy] Sample exam-style question #4440: Choose the correct option."}, "options": {"en": ["Option A4440", "Option B4440", "Option C4440", "Option D4440"]}, "answerIndex": 0}, {"id": "RE_4436", "section": "Reasoning", "topic": "Coding", "difficulty": "moderate", "text": {"en": "[Reasoning/Coding] Sample exam-style question #4436: Choose the correct option."}, "options": {"en": ["Option A4436", "Option B4436", "Option C4436", "Option D4436"]}, "answerIndex": 0}, {"id": "MA_4427", "section": "Mathematics", "topic": "SI", "difficulty": "moderate", "text": {"en": "[Mathematics/SI] Sample exam-style question #4427: Choose the correct option."}, "options": {"en": ["Option A4427", "Option B4427", "Option C4427", "Option D4427"]}, "answerIndex": 3}, {"id": "RE_4439", "section": "Reasoning", "topic": "Analogy", "difficulty": "moderate", "text": {"en": "[Reasoning/Analogy] Sample exam-style question #4439: Choose the correct option."}, "options": {"en": ["Option A4439", "Option B4439", "Option C4439", "Option D4439"]}, "answerIndex": 3}, {"id": "GE_4477", "section": "General Awareness", "topic": "Current Affairs", "difficulty": "moderate", "text": {"en": "[General Awareness/Current Affairs] Sample exam-style question #4477: Choose the correct option."}, "options": {"en": ["Option A4477", "Option B4477", "Option C4477", "Option D4477"]}, "answerIndex": 1}, {"id": "RE_4448", "section": "Reasoning", "topic": "Coding", "difficulty": "moderate", "text": {"en": "[Reasoning/Coding] Sample exam-style question #4448: Choose the correct option."}, "options": {"en": ["Option A4448", "Option B4448", "Option C4448", "Option D4448"]}, "answerIndex": 0}, {"id": "MA_4414", "section": "Mathematics", "topic": "DI", "difficulty": "moderate", "text": {"en": "[Mathematics/DI] Sample exam-style question #4414: Choose the correct option."}, "options": {"en": ["Option A4414", "Option B4414", "Option C4414", "Option D4414"]}, "answerIndex": 2}, {"id": "GE_4492", "section": "General Awareness", "topic": "Polity", "difficulty": "moderate", "text": {"en": "[General Awareness/Polity] Sample exam-style question #4492: Choose the correct option."}, "options": {"en": ["Option A4492", "Option B4492", "Option C4492", "Option D4492"]}, "answerIndex": 0}, {"id": "GE_4491", "section": "General Awareness", "topic": "Geography", "difficulty": "moderate", "text": {"en": "[General Awareness/Geography] Sample exam-style question #4491: Choose the correct option."}, "options": {"en": ["Option A4491", "Option B4491", "Option C4491", "Option D4491"]}, "answerIndex": 3}, {"id": "RE_4444", "section": "Reasoning", "topic": "Syllogism", "difficulty": "moderate", "text": {"en": "[Reasoning/Syllogism] Sample exam-style question #4444: Choose the correct option."}, "options": {"en": ["Option A4444", "Option B4444", "Option C4444", "Option D4444"]}, "answerIndex": 0}, {"id": "MA_4412", "section": "Mathematics", "topic": "Ratio", "difficulty": "moderate", "text": {"en": "[Mathematics/Ratio] Sample exam-style question #4412: Choose the correct option."}, "options": {"en": ["Option A4412", "Option B4412", "Option C4412", "Option D4412"]}, "answerIndex": 0}, {"id": "RE_4443", "section": "Reasoning", "topic": "Coding", "difficulty": "moderate", "text": {"en": "[Reasoning/Coding] Sample exam-style question #4443: Choose the correct option."}, "options": {"en": ["Option A4443", "Option B4443", "Option C4443", "Option D4443"]}, "answerIndex": 3}, {"id": "GE_4483", "section": "General Awareness", "topic": "Polity", "difficulty": "moderate", "text": {"en": "[General Awareness/Polity] Sample exam-style question #4483: Choose the correct option."}, "options": {"en": ["Option A4483", "Option B4483", "Option C4483", "Option D4483"]}, "answerIndex": 3}, {"id": "RE_4437", "section": "Reasoning", "topic": "Analogy", "difficulty": "moderate", "text": {"en": "[Reasoning/Analogy] Sample exam-style question #4437: Choose the correct option."}, "options": {"en": ["Option A4437", "Option B4437", "Option C4437", "Option D4437"]}, "answerIndex": 1}, {"id": "GE_4462", "section": "General Awareness", "topic": "Science", "difficulty": "moderate", "text": {"en": "[General Awareness/Science] Sample exam-style question #4462: Choose the correct option."}, "options": {"en": ["Option A4462", "Option B4462", "Option C4462", "Option D4462"]}, "answerIndex": 2}, {"id": "RE_4447", "section": "Reasoning", "topic": "Analogy", "difficulty": "moderate", "text": {"en": "[Reasoning/Analogy] Sample exam-style question #4447: Choose the correct option."}, "options": {"en": ["Option A4447", "Option B4447", "Option C4447", "Option D4447"]}, "answerIndex": 3}, {"id": "MA_4404", "section": "Mathematics", "topic": "DI", "difficulty": "moderate", "text": {"en": "[Mathematics/DI] Sample exam-style question #4404: Choose the correct option."}, "options": {"en": ["Option A4404", "Option B4404", "Option C4404", "Option D4404"]}, "answerIndex": 0}, {"id": "GE_4485", "section": "General Awareness", "topic": "Polity", "difficulty": "moderate", "text": {"en": "[General Awareness/Polity] Sample exam-style question #4485: Choose the correct option."}, "options": {"en": ["Option A4485", "Option B4485", "Option C4485", "Option D4485"]}, "answerIndex": 1}, {"id": "MA_4408", "section": "Mathematics", "topic": "CI", "difficulty": "moderate", "text": {"en": "[Mathematics/CI] Sample exam-style question #4408: Choose the correct option."}, "options": {"en": ["Option A4408", "Option B4408", "Option C4408", "Option D4408"]}, "answerIndex": 0}, {"id": "RE_4450", "section": "Reasoning", "topic": "Direction", "difficulty": "moderate", "text": {"en": "[Reasoning/Direction] Sample exam-style question #4450: Choose the correct option."}, "options": {"en": ["Option A4450", "Option B4450", "Option C4450", "Option D4450"]}, "answerIndex": 2}, {"id": "GE_4473", "section": "General Awareness", "topic": "History", "difficulty": "moderate", "text": {"en": "[General Awareness/History] Sample exam-style question #4473: Choose the correct option."}, "options": {"en": ["Option A4473", "Option B4473", "Option C4473", "Option D4473"]}, "answerIndex": 1}, {"id": "RE_4446", "section": "Reasoning", "topic": "Series", "difficulty": "moderate", "text": {"en": "[Reasoning/Series] Sample exam-style question #4446: Choose the correct option."}, "options": {"en": ["Option A4446", "Option B4446", "Option C4446", "Option D4446"]}, "answerIndex": 2}, {"id": "GE_4500", "section": "General Awareness", "topic": "Economy", "difficulty": "moderate", "text": {"en": "[General Awareness/Economy] Sample exam-style question #4500: Choose the correct option."}, "options": {"en": ["Option A4500", "Option B4500", "Option C4500", "Option D4500"]}, "answerIndex": 0}, {"id": "GE_4478", "section": "General Awareness", "topic": "Current Affairs", "difficulty": "moderate", "text": {"en": "[General Awareness/Current Affairs] Sample exam-style question #4478: Choose the correct option."}, "options": {"en": ["Option A4478", "Option B4478", "Option C4478", "Option D4478"]}, "answerIndex": 2}, {"id": "RE_4453", "section": "Reasoning", "topic": "Analogy", "difficulty": "moderate", "text": {"en": "[Reasoning/Analogy] Sample exam-style question #4453: Choose the correct option."}, "options": {"en": ["Option A4453", "Option B4453", "Option C4453", "Option D4453"]}, "answerIndex": 1}, {"id": "RE_4433", "section": "Reasoning", "topic": "Syllogism", "difficulty": "moderate", "text": {"en": "[Reasoning/Syllogism] Sample exam-style question #4433: Choose the correct option."}, "options": {"en": ["Option A4433", "Option B4433", "Option C4433", "Option D4433"]}, "answerIndex": 1}, {"id": "MA_4417", "section": "Mathematics", "topic": "Percentage", "difficulty": "moderate", "text": {"en": "[Mathematics/Percentage] Sample exam-style question #4417: Choose the correct option."}, "options": {"en": ["Option A4417", "Option B4417", "Option C4417", "Option D4417"]}, "answerIndex": 1}, {"id": "MA_4421", "section": "Mathematics", "topic": "CI", "difficulty": "moderate", "text": {"en": "[Mathematics/CI] Sample exam-style question #4421: Choose the correct option."}, "options": {"en": ["Option A4421", "Option B4421", "Option C4421", "Option D4421"]}, "answerIndex": 1}, {"id": "RE_4457", "section": "Reasoning", "topic": "Series", "difficulty": "moderate", "text": {"en": "[Reasoning/Series] Sample exam-style question #4457: Choose the correct option."}, "options": {"en": ["Option A4457", "Option B4457", "Option C4457", "Option D4457"]}, "answerIndex": 1}, {"id": "RE_4435", "section": "Reasoning", "topic": "Series", "difficulty": "moderate", "text": {"en": "[Reasoning/Series] Sample exam-style question #4435: Choose the correct option."}, "options": {"en": ["Option A4435", "Option B4435", "Option C4435", "Option D4435"]}, "answerIndex": 3}, {"id": "GE_4463", "section": "General Awareness", "topic": "History", "difficulty": "moderate", "text": {"en": "[General Awareness/History] Sample exam-style question #4463: Choose the correct option."}, "options": {"en": ["Option A4463", "Option B4463", "Option C4463", "Option D4463"]}, "answerIndex": 3}, {"id": "GE_4466", "section": "General Awareness", "topic": "Polity", "difficulty": "moderate", "text": {"en": "[General Awareness/Polity] Sample exam-style question #4466: Choose the correct option."}, "options": {"en": ["Option A4466", "Option B4466", "Option C4466", "Option D4466"]}, "answerIndex": 2}, {"id": "GE_4494", "section": "General Awareness", "topic": "Economy", "difficulty": "moderate", "text": {"en": "[General Awareness/Economy] Sample exam-style question #4494: Choose the correct option."}, "options": {"en": ["Option A4494", "Option B4494", "Option C4494", "Option D4494"]}, "answerIndex": 2}, {"id": "RE_4452", "section": "Reasoning", "topic": "Series", "difficulty": "moderate", "text": {"en": "[Reasoning/Series] Sample exam-style question #4452: Choose the correct option."}, "options": {"en": ["Option A4452", "Option B4452", "Option C4452", "Option D4452"]}, "answerIndex": 0}, {"id": "GE_4467", "section": "General Awareness", "topic": "History", "difficulty": "moderate", "text": {"en": "[General Awareness/History] Sample exam-style question #4467: Choose the correct option."}, "options": {"en": ["Option A4467", "Option B4467", "Option C4467", "Option D4467"]}, "answerIndex": 3}, {"id": "GE_4480", "section": "General Awareness", "topic": "Science", "difficulty": "moderate", "text": {"en": "[General Awareness/Science] Sample exam-style question #4480: Choose the correct option."}, "options": {"en": ["Option A4480", "Option B4480", "Option C4480", "Option D4480"]}, "answerIndex": 0}, {"id": "GE_4499", "section": "General Awareness", "topic": "Current Affairs", "difficulty": "moderate", "text": {"en": "[General Awareness/Current Affairs] Sample exam-style question #4499: Choose the correct option."}, "options": {"en": ["Option A4499", "Option B4499", "Option C4499", "Option D4499"]}, "answerIndex": 3}, {"id": "RE_4441", "section": "Reasoning", "topic": "Puzzle", "difficulty": "moderate", "text": {"en": "[Reasoning/Puzzle] Sample exam-style question #4441: Choose the correct option."}, "options": {"en": ["Option A4441", "Option B4441", "Option C4441", "Option D4441"]}, "answerIndex": 1}, {"id": "GE_4471", "section": "General Awareness", "topic": "History", "difficulty": "moderate", "text": {"en": "[General Awareness/History] Sample exam-style question #4471: Choose the correct option."}, "options": {"en": ["Option A4471", "Option B4471", "Option C4471", "Option D4471"]}, "answerIndex": 3}, {"id": "MA_4419", "section": "Mathematics", "topic": "Percentage", "difficulty": "moderate", "text": {"en": "[Mathematics/Percentage] Sample exam-style question #4419: Choose the correct option."}, "options": {"en": ["Option A4419", "Option B4419", "Option C4419", "Option D4419"]}, "answerIndex": 3}, {"id": "GE_4475", "section": "General Awareness", "topic": "Geography", "difficulty": "moderate", "text": {"en": "[General Awareness/Geography] Sample exam-style question #4475: Choose the correct option."}, "options": {"en": ["Option A4475", "Option B4475", "Option C4475", "Option D4475"]}, "answerIndex": 3}, {"id": "GE_4479", "section": "General Awareness", "topic": "Polity", "difficulty": "moderate", "text": {"en": "[General Awareness/Polity] Sample exam-style question #4479: Choose the correct option."}, "options": {"en": ["Option A4479", "Option B4479", "Option C4479", "Option D4479"]}, "answerIndex": 3}, {"id": "MA_4425", "section": "Mathematics", "topic": "Percentage", "difficulty": "moderate", "text": {"en": "[Mathematics/Percentage] Sample exam-style question #4425: Choose the correct option."}, "options": {"en": ["Option A4425", "Option B4425", "Option C4425", "Option D4425"]}, "answerIndex": 1}, {"id": "GE_4498", "section": "General Awareness", "topic": "Economy", "difficulty": "moderate", "text": {"en": "[General Awareness/Economy] Sample exam-style question #4498: Choose the correct option."}, "options": {"en": ["Option A4498", "Option B4498", "Option C4498", "Option D4498"]}, "answerIndex": 2}, {"id": "GE_4469", "section": "General Awareness", "topic": "Polity", "difficulty": "moderate", "text": {"en": "[General Awareness/Polity] Sample exam-style question #4469: Choose the correct option."}, "options": {"en": ["Option A4469", "Option B4469", "Option C4469", "Option D4469"]}, "answerIndex": 1}, {"id": "RE_4449", "section": "Reasoning", "topic": "Syllogism", "difficulty": "moderate", "text": {"en": "[Reasoning/Syllogism] Sample exam-style question #4449: Choose the correct option."}, "options": {"en": ["Option A4449", "Option B4449", "Option C4449", "Option D4449"]}, "answerIndex": 1}, {"id": "RE_4451", "section": "Reasoning", "topic": "Puzzle", "difficulty": "moderate", "text": {"en": "[Reasoning/Puzzle] Sample exam-style question #4451: Choose the correct option."}, "options": {"en": ["Option A4451", "Option B4451", "Option C4451", "Option D4451"]}, "answerIndex": 3}, {"id": "GE_4496", "section": "General Awareness", "topic": "History", "difficulty": "moderate", "text": {"en": "[General Awareness/History] Sample exam-style question #4496: Choose the correct option."}, "options": {"en": ["Option A4496", "Option B4496", "Option C4496", "Option D4496"]}, "answerIndex": 0}, {"id": "RE_4431", "section": "Reasoning", "topic": "Syllogism", "difficulty": "moderate", "text": {"en": "[Reasoning/Syllogism] Sample exam-style question #4431: Choose the correct option."}, "options": {"en": ["Option A4431", "Option B4431", "Option C4431", "Option D4431"]}, "answerIndex": 3}, {"id": "MA_4402", "section": "Mathematics", "topic": "CI", "difficulty": "moderate", "text": {"en": "[Mathematics/CI] Sample exam-style question #4402: Choose the correct option."}, "options": {"en": ["Option A4402", "Option B4402", "Option C4402", "Option D4402"]}, "answerIndex": 2}, {"id": "MA_4420", "section": "Mathematics", "topic": "Ratio", "difficulty": "moderate", "text": {"en": "[Mathematics/Ratio] Sample exam-style question #4420: Choose the correct option."}, "options": {"en": ["Option A4420", "Option B4420", "Option C4420", "Option D4420"]}, "answerIndex": 0}, {"id": "GE_4481", "section": "General Awareness", "topic": "Science", "difficulty": "moderate", "text": {"en": "[General Awareness/Science] Sample exam-style question #4481: Choose the correct option."}, "options": {"en": ["Option A4481", "Option B4481", "Option C4481", "Option D4481"]}, "answerIndex": 1}, {"id": "MA_4426", "section": "Mathematics", "topic": "Time&Work", "difficulty": "moderate", "text": {"en": "[Mathematics/Time&Work] Sample exam-style question #4426: Choose the correct option."}, "options": {"en": ["Option A4426", "Option B4426", "Option C4426", "Option D4426"]}, "answerIndex": 2}, {"id": "GE_4495", "section": "General Awareness", "topic": "Polity", "difficulty": "moderate", "text": {"en": "[General Awareness/Polity] Sample exam-style question #4495: Choose the correct option."}, "options": {"en": ["Option A4495", "Option B4495", "Option C4495", "Option D4495"]}, "answerIndex": 3}, {"id": "MA_4424", "section": "Mathematics", "topic": "CI", "difficulty": "moderate", "text": {"en": "[Mathematics/CI] Sample exam-style question #4424: Choose the correct option."}, "options": {"en": ["Option A4424", "Option B4424", "Option C4424", "Option D4424"]}, "answerIndex": 0}, {"id": "GE_4484", "section": "General Awareness", "topic": "Polity", "difficulty": "moderate", "text": {"en": "[General Awareness/Polity] Sample exam-style question #4484: Choose the correct option."}, "options": {"en": ["Option A4484", "Option B4484", "Option C4484", "Option D4484"]}, "answerIndex": 0}, {"id": "RE_4434", "section": "Reasoning", "topic": "Series", "difficulty": "moderate", "text": {"en": "[Reasoning/Series] Sample exam-style question #4434: Choose the correct option."}, "options": {"en": ["Option A4434", "Option B4434", "Option C4434", "Option D4434"]}, "answerIndex": 2}, {"id": "GE_4488", "section": "General Awareness", "topic": "Economy", "difficulty": "moderate", "text": {"en": "[General Awareness/Economy] Sample exam-style question #4488: Choose the correct option."}, "options": {"en": ["Option A4488", "Option B4488", "Option C4488", "Option D4488"]}, "answerIndex": 0}, {"id": "MA_4410", "section": "Mathematics", "topic": "Ratio", "difficulty": "moderate", "text": {"en": "[Mathematics/Ratio] Sample exam-style question #4410: Choose the correct option."}, "options": {"en": ["Option A4410", "Option B4410", "Option C4410", "Option D4410"]}, "answerIndex": 2}, {"id": "MA_4428", "section": "Mathematics", "topic": "DI", "difficulty": "moderate", "text": {"en": "[Mathematics/DI] Sample exam-style question #4428: Choose the correct option."}, "options": {"en": ["Option A4428", "Option B4428", "Option C4428", "Option D4428"]}, "answerIndex": 0}, {"id": "RE_4432", "section": "Reasoning", "topic": "Direction", "difficulty": "moderate", "text": {"en": "[Reasoning/Direction] Sample exam-style question #4432: Choose the correct option."}, "options": {"en": ["Option A4432", "Option B4432", "Option C4432", "Option D4432"]}, "answerIndex": 0}, {"id": "RE_4445", "section": "Reasoning", "topic": "Coding", "difficulty": "moderate", "text": {"en": "[Reasoning/Coding] Sample exam-style question #4445: Choose the correct option."}, "options": {"en": ["Option A4445", "Option B4445", "Option C4445", "Option D4445"]}, "answerIndex": 1}, {"id": "MA_4413", "section": "Mathematics", "topic": "Ratio", "difficulty": "moderate", "text": {"en": "[Mathematics/Ratio] Sample exam-style question #4413: Choose the correct option."}, "options": {"en": ["Option A4413", "Option B4413", "Option C4413", "Option D4413"]}, "answerIndex": 1}, {"id": "GE_4489", "section": "General Awareness", "topic": "History", "difficulty": "moderate", "text": {"en": "[General Awareness/History] Sample exam-style question #4489: Choose the correct option."}, "options": {"en": ["Option A4489", "Option B4489", "Option C4489", "Option D4489"]}, "answerIndex": 1}, {"id": "GE_4474", "section": "General Awareness", "topic": "Economy", "difficulty": "moderate", "text": {"en": "[General Awareness/Economy] Sample exam-style question #4474: Choose the correct option."}, "options": {"en": ["Option A4474", "Option B4474", "Option C4474", "Option D4474"]}, "answerIndex": 2}, {"id": "MA_4401", "section": "Mathematics", "topic": "DI", "difficulty": "moderate", "text": {"en": "[Mathematics/DI] Sample exam-style question #4401: Choose the correct option."}, "options": {"en": ["Option A4401", "Option B4401", "Option C4401", "Option D4401"]}, "answerIndex": 1}, {"id": "MA_4430", "section": "Mathematics", "topic": "CI", "difficulty": "moderate", "text": {"en": "[Mathematics/CI] Sample exam-style question #4430: Choose the correct option."}, "options": {"en": ["Option A4430", "Option B4430", "Option C4430", "Option D4430"]}, "answerIndex": 2}, {"id": "MA_4411", "section": "Mathematics", "topic": "Percentage", "difficulty": "moderate", "text": {"en": "[Mathematics/Percentage] Sample exam-style question #4411: Choose the correct option."}, "options": {"en": ["Option A4411", "Option B4411", "Option C4411", "Option D4411"]}, "answerIndex": 3}, {"id": "GE_4465", "section": "General Awareness", "topic": "Economy", "difficulty": "moderate", "text": {"en": "[General Awareness/Economy] Sample exam-style question #4465: Choose the correct option."}, "options": {"en": ["Option A4465", "Option B4465", "Option C4465", "Option D4465"]}, "answerIndex": 1}, {"id": "MA_4423", "section": "Mathematics", "topic": "SI", "difficulty": "moderate", "text": {"en": "[Mathematics/SI] Sample exam-style question #4423: Choose the correct option."}, "options": {"en": ["Option A4423", "Option B4423", "Option C4423", "Option D4423"]}, "answerIndex": 3}, {"id": "GE_4476", "section": "General Awareness", "topic": "Current Affairs", "difficulty": "moderate", "text": {"en": "[General Awareness/Current Affairs] Sample exam-style question #4476: Choose the correct option."}, "options": {"en": ["Option A4476", "Option B4476", "Option C4476", "Option D4476"]}, "answerIndex": 0}, {"id": "GE_4468", "section": "General Awareness", "topic": "Polity", "difficulty": "moderate", "text": {"en": "[General Awareness/Polity] Sample exam-style question #4468: Choose the correct option."}, "options": {"en": ["Option A4468", "Option B4468", "Option C4468", "Option D4468"]}, "answerIndex": 0}, {"id": "MA_4422", "section": "Mathematics", "topic": "CI", "difficulty": "moderate", "text": {"en": "[Mathematics/CI] Sample exam-style question #4422: Choose the correct option."}, "options": {"en": ["Option A4422", "Option B4422", "Option C4422", "Option D4422"]}, "answerIndex": 2}, {"id": "GE_4464", "section": "General Awareness", "topic": "Polity", "difficulty": "moderate", "text": {"en": "[General Awareness/Polity] Sample exam-style question #4464: Choose the correct option."}, "options": {"en": ["Option A4464", "Option B4464", "Option C4464", "Option D4464"]}, "answerIndex": 0}, {"id": "GE_4493", "section": "General Awareness", "topic": "Polity", "difficulty": "moderate", "text": {"en": "[General Awareness/Polity] Sample exam-style question #4493: Choose the correct option."}, "options": {"en": ["Option A4493", "Option B4493", "Option C4493", "Option D4493"]}, "answerIndex": 1}, {"id": "RE_4442", "section": "Reasoning", "topic": "Series", "difficulty": "moderate", "text": {"en": "[Reasoning/Series] Sample exam-style question #4442: Choose the correct option."}, "options": {"en": ["Option A4442", "Option B4442", "Option C4442", "Option D4442"]}, "answerIndex": 2}, {"id": "MA_4418", "section": "Mathematics", "topic": "Ratio", "difficulty": "moderate", "text": {"en": "[Mathematics/Ratio] Sample exam-style question #4418: Choose the correct option."}, "options": {"en": ["Option A4418", "Option B4418", "Option C4418", "Option D4418"]}, "answerIndex": 2}, {"id": "RE_4460", "section": "Reasoning", "topic": "Puzzle", "difficulty": "moderate", "text": {"en": "[Reasoning/Puzzle] Sample exam-style question #4460: Choose the correct option."}, "options": {"en": ["Option A4460", "Option B4460", "Option C4460", "Option D4460"]}, "answerIndex": 0}, {"id": "MA_4415", "section": "Mathematics", "topic": "DI", "difficulty": "moderate", "text": {"en": "[Mathematics/DI] Sample exam-style question #4415: Choose the correct option."}, "options": {"en": ["Option A4415", "Option B4415", "Option C4415", "Option D4415"]}, "answerIndex": 3}, {"id": "GE_4461", "section": "General Awareness", "topic": "Current Affairs", "difficulty": "moderate", "text": {"en": "[General Awareness/Current Affairs] Sample exam-style question #4461: Choose the correct option."}, "options": {"en": ["Option A4461", "Option B4461", "Option C4461", "Option D4461"]}, "answerIndex": 1}, {"id": "RE_4459", "section": "Reasoning", "topic": "Direction", "difficulty": "moderate", "text": {"en": "[Reasoning/Direction] Sample exam-style question #4459: Choose the correct option."}, "options": {"en": ["Option A4459", "Option B4459", "Option C4459", "Option D4459"]}, "answerIndex": 3}, {"id": "RE_4455", "section": "Reasoning", "topic": "Syllogism", "difficulty": "moderate", "text": {"en": "[Reasoning/Syllogism] Sample exam-style question #4455: Choose the correct option."}, "options": {"en": ["Option A4455", "Option B4455", "Option C4455", "Option D4455"]}, "answerIndex": 3}, {"id": "GE_4497", "section": "General Awareness", "topic": "Science", "difficulty": "moderate", "text": {"en": "[General Awareness/Science] Sample exam-style question #4497: Choose the correct option."}, "options": {"en": ["Option A4497", "Option B4497", "Option C4497", "Option D4497"]}, "answerIndex": 1}, {"id": "GE_4486", "section": "General Awareness", "topic": "History", "difficulty": "moderate", "text": {"en": "[General Awareness/History] Sample exam-style question #4486: Choose the correct option."}, "options": {"en": ["Option A4486", "Option B4486", "Option C4486", "Option D4486"]}, "answerIndex": 2}, {"id": "GE_4490", "section": "General Awareness", "topic": "Polity", "difficulty": "moderate", "text": {"en": "[General Awareness/Polity] Sample exam-style question #4490: Choose the correct option."}, "options": {"en": ["Option A4490", "Option B4490", "Option C4490", "Option D4490"]}, "answerIndex": 2}, {"id": "MA_4405", "section": "Mathematics", "topic": "Speed", "difficulty": "moderate", "text": {"en": "[Mathematics/Speed] Sample exam-style question #4405: Choose the correct option."}, "options": {"en": ["Option A4405", "Option B4405", "Option C4405", "Option D4405"]}, "answerIndex": 1}, {"id": "GE_4487", "section": "General Awareness", "topic": "Current Affairs", "difficulty": "moderate", "text": {"en": "[General Awareness/Current Affairs] Sample exam-style question #4487: Choose the correct option."}, "options": {"en": ["Option A4487", "Option B4487", "Option C4487", "Option D4487"]}, "answerIndex": 3}]}