{"testId": "025", "questions": [{"id": "MA_2419", "section": "Mathematics", "topic": "SI", "difficulty": "moderate", "text": {"en": "[Mathematics/SI] Sample exam-style question #2419: Choose the correct option."}, "options": {"en": ["Option A2419", "Option B2419", "Option C2419", "Option D2419"]}, "answerIndex": 3}, {"id": "MA_2410", "section": "Mathematics", "topic": "Percentage", "difficulty": "moderate", "text": {"en": "[Mathematics/Percentage] Sample exam-style question #2410: Choose the correct option."}, "options": {"en": ["Option A2410", "Option B2410", "Option C2410", "Option D2410"]}, "answerIndex": 2}, {"id": "MA_2404", "section": "Mathematics", "topic": "SI", "difficulty": "moderate", "text": {"en": "[Mathematics/SI] Sample exam-style question #2404: Choose the correct option."}, "options": {"en": ["Option A2404", "Option B2404", "Option C2404", "Option D2404"]}, "answerIndex": 0}, {"id": "RE_2459", "section": "Reasoning", "topic": "Coding", "difficulty": "moderate", "text": {"en": "[Reasoning/Coding] Sample exam-style question #2459: Choose the correct option."}, "options": {"en": ["Option A2459", "Option B2459", "Option C2459", "Option D2459"]}, "answerIndex": 3}, {"id": "RE_2454", "section": "Reasoning", "topic": "Syllogism", "difficulty": "moderate", "text": {"en": "[Reasoning/Syllogism] Sample exam-style question #2454: Choose the correct option."}, "options": {"en": ["Option A2454", "Option B2454", "Option C2454", "Option D2454"]}, "answerIndex": 2}, {"id": "GE_2493", "section": "General Awareness", "topic": "Science", "difficulty": "moderate", "text": {"en": "[General Awareness/Science] Sample exam-style question #2493: Choose the correct option."}, "options": {"en": ["Option A2493", "Option B2493", "Option C2493", "Option D2493"]}, "answerIndex": 1}, {"id": "MA_2422", "section": "Mathematics", "topic": "Speed", "difficulty": "moderate", "text": {"en": "[Mathematics/Speed] Sample exam-style question #2422: Choose the correct option."}, "options": {"en": ["Option A2422", "Option B2422", "Option C2422", "Option D2422"]}, "answerIndex": 2}, {"id": "GE_2481", "section": "General Awareness", "topic": "Science", "difficulty": "moderate", "text": {"en": "[General Awareness/Science] Sample exam-style question #2481: Choose the correct option."}, "options": {"en": ["Option A2481", "Option B2481", "Option C2481", "Option D2481"]}, "answerIndex": 1}, {"id": "MA_2428", "section": "Mathematics", "topic": "CI", "difficulty": "moderate", "text": {"en": "[Mathematics/CI] Sample exam-style question #2428: Choose the correct option."}, "options": {"en": ["Option A2428", "Option B2428", "Option C2428", "Option D2428"]}, "answerIndex": 0}, {"id": "GE_2485", "section": "General Awareness", "topic": "Current Affairs", "difficulty": "moderate", "text": {"en": "[General Awareness/Current Affairs] Sample exam-style question #2485: Choose the correct option."}, "options": {"en": ["Option A2485", "Option B2485", "Option C2485", "Option D2485"]}, "answerIndex": 1}, {"id": "GE_2491", "section": "General Awareness", "topic": "Geography", "difficulty": "moderate", "text": {"en": "[General Awareness/Geography] Sample exam-style question #2491: Choose the correct option."}, "options": {"en": ["Option A2491", "Option B2491", "Option C2491", "Option D2491"]}, "answerIndex": 3}, {"id": "GE_2461", "section": "General Awareness", "topic": "Economy", "difficulty": "moderate", "text": {"en": "[General Awareness/Economy] Sample exam-style question #2461: Choose the correct option."}, "options": {"en": ["Option A2461", "Option B2461", "Option C2461", "Option D2461"]}, "answerIndex": 1}, {"id": "MA_2425", "section": "Mathematics", "topic": "Time&Work", "difficulty": "moderate", "text": {"en": "[Mathematics/Time&Work] Sample exam-style question #2425: Choose the correct option."}, "options": {"en": ["Option A2425", "Option B2425", "Option C2425", "Option D2425"]}, "answerIndex": 1}, {"id": "MA_2429", "section": "Mathematics", "topic": "Ratio", "difficulty": "moderate", "text": {"en": "[Mathematics/Ratio] Sample exam-style question #2429: Choose the correct option."}, "options": {"en": ["Option A2429", "Option B2429", "Option C2429", "Option D2429"]}, "answerIndex": 1}, {"id": "GE_2494", "section": "General Awareness", "topic": "Current Affairs", "difficulty": "moderate", "text": {"en": "[General Awareness/Current Affairs] Sample exam-style question #2494: Choose the correct option."}, "options": {"en": ["Option A2494", "Option B2494", "Option C2494", "Option D2494"]}, "answerIndex": 2}, {"id": "GE_2468", "section": "General Awareness", "topic": "Science", "difficulty": "moderate", "text": {"en": "[General Awareness/Science] Sample exam-style question #2468: Choose the correct option."}, "options": {"en": ["Option A2468", "Option B2468", "Option C2468", "Option D2468"]}, "answerIndex": 0}, {"id": "GE_2466", "section": "General Awareness", "topic": "Geography", "difficulty": "moderate", "text": {"en": "[General Awareness/Geography] Sample exam-style question #2466: Choose the correct option."}, "options": {"en": ["Option A2466", "Option B2466", "Option C2466", "Option D2466"]}, "answerIndex": 2}, {"id": "GE_2495", "section": "General Awareness", "topic": "Science", "difficulty": "moderate", "text": {"en": "[General Awareness/Science] Sample exam-style question #2495: Choose the correct option."}, "options": {"en": ["Option A2495", "Option B2495", "Option C2495", "Option D2495"]}, "answerIndex": 3}, {"id": "RE_2440", "section": "Reasoning", "topic": "Analogy", "difficulty": "moderate", "text": {"en": "[Reasoning/Analogy] Sample exam-style question #2440: Choose the correct option."}, "options": {"en": ["Option A2440", "Option B2440", "Option C2440", "Option D2440"]}, "answerIndex": 0}, {"id": "MA_2407", "section": "Mathematics", "topic": "Speed", "difficulty": "moderate", "text": {"en": "[Mathematics/Speed] Sample exam-style question #2407: Choose the correct option."}, "options": {"en": ["Option A2407", "Option B2407", "Option C2407", "Option D2407"]}, "answerIndex": 3}, {"id": "MA_2411", "section": "Mathematics", "topic": "Percentage", "difficulty": "moderate", "text": {"en": "[Mathematics/Percentage] Sample exam-style question #2411: Choose the correct option."}, "options": {"en": ["Option A2411", "Option B2411", "Option C2411", "Option D2411"]}, "answerIndex": 3}, {"id": "RE_2431", "section": "Reasoning", "topic": "Coding", "difficulty": "moderate", "text": {"en": "[Reasoning/Coding] Sample exam-style question #2431: Choose the correct option."}, "options": {"en": ["Option A2431", "Option B2431", "Option C2431", "Option D2431"]}, "answerIndex": 3}, {"id": "GE_2496", "section": "General Awareness", "topic": "History", "difficulty": "moderate", "text": {"en": "[General Awareness/History] Sample exam-style question #2496: Choose the correct option."}, "options": {"en": ["Option A2496", "Option B2496", "Option C2496", "Option D2496"]}, "answerIndex": 0}, {"id": "GE_2474", "section": "General Awareness", "topic": "Economy", "difficulty": "moderate", "text": {"en": "[General Awareness/Economy] Sample exam-style question #2474: Choose the correct option."}, "options": {"en": ["Option A2474", "Option B2474", "Option C2474", "Option D2474"]}, "answerIndex": 2}, {"id": "RE_2434", "section": "Reasoning", "topic": "Coding", "difficulty": "moderate", "text": {"en": "[Reasoning/Coding] Sample exam-style question #2434: Choose the correct option."}, "options": {"en": ["Option A2434", "Option B2434", "Option C2434", "Option D2434"]}, "answerIndex": 2}, {"id": "RE_2436", "section": "Reasoning", "topic": "Direction", "difficulty": "moderate", "text": {"en": "[Reasoning/Direction] Sample exam-style question #2436: Choose the correct option."}, "options": {"en": ["Option A2436", "Option B2436", "Option C2436", "Option D2436"]}, "answerIndex": 0}, {"id": "GE_2470", "section": "General Awareness", "topic": "Science", "difficulty": "moderate", "text": {"en": "[General Awareness/Science] Sample exam-style question #2470: Choose the correct option."}, "options": {"en": ["Option A2470", "Option B2470", "Option C2470", "Option D2470"]}, "answerIndex": 2}, {"id": "GE_2476", "section": "General Awareness", "topic": "Current Affairs", "difficulty": "moderate", "text": {"en": "[General Awareness/Current Affairs] Sample exam-style question #2476: Choose the correct option."}, "options": {"en": ["Option A2476", "Option B2476", "Option C2476", "Option D2476"]}, "answerIndex": 0}, {"id": "GE_2465", "section": "General Awareness", "topic": "Science", "difficulty": "moderate", "text": {"en": "[General Awareness/Science] Sample exam-style question #2465: Choose the correct option."}, "options": {"en": ["Option A2465", "Option B2465", "Option C2465", "Option D2465"]}, "answerIndex": 1}, {"id": "GE_2464", "section": "General Awareness", "topic": "Science", "difficulty": "moderate", "text": {"en": "[General Awareness/Science] Sample exam-style question #2464: Choose the correct option."}, "options": {"en": ["Option A2464", "Option B2464", "Option C2464", "Option D2464"]}, "answerIndex": 0}, {"id": "RE_2458", "section": "Reasoning", "topic": "Coding", "difficulty": "moderate", "text": {"en": "[Reasoning/Coding] Sample exam-style question #2458: Choose the correct option."}, "options": {"en": ["Option A2458", "Option B2458", "Option C2458", "Option D2458"]}, "answerIndex": 2}, {"id": "GE_2484", "section": "General Awareness", "topic": "Geography", "difficulty": "moderate", "text": {"en": "[General Awareness/Geography] Sample exam-style question #2484: Choose the correct option."}, "options": {"en": ["Option A2484", "Option B2484", "Option C2484", "Option D2484"]}, "answerIndex": 0}, {"id": "GE_2498", "section": "General Awareness", "topic": "Economy", "difficulty": "moderate", "text": {"en": "[General Awareness/Economy] Sample exam-style question #2498: Choose the correct option."}, "options": {"en": ["Option A2498", "Option B2498", "Option C2498", "Option D2498"]}, "answerIndex": 2}, {"id": "RE_2451", "section": "Reasoning", "topic": "Analogy", "difficulty": "moderate", "text": {"en": "[Reasoning/Analogy] Sample exam-style question #2451: Choose the correct option."}, "options": {"en": ["Option A2451", "Option B2451", "Option C2451", "Option D2451"]}, "answerIndex": 3}, {"id": "GE_2490", "section": "General Awareness", "topic": "Science", "difficulty": "moderate", "text": {"en": "[General Awareness/Science] Sample exam-style question #2490: Choose the correct option."}, "options": {"en": ["Option A2490", "Option B2490", "Option C2490", "Option D2490"]}, "answerIndex": 2}, {"id": "GE_2471", "section": "General Awareness", "topic": "Polity", "difficulty": "moderate", "text": {"en": "[General Awareness/Polity] Sample exam-style question #2471: Choose the correct option."}, "options": {"en": ["Option A2471", "Option B2471", "Option C2471", "Option D2471"]}, "answerIndex": 3}, {"id": "MA_2414", "section": "Mathematics", "topic": "CI", "difficulty": "moderate", "text": {"en": "[Mathematics/CI] Sample exam-style question #2414: Choose the correct option."}, "options": {"en": ["Option A2414", "Option B2414", "Option C2414", "Option D2414"]}, "answerIndex": 2}, {"id": "RE_2433", "section": "Reasoning", "topic": "Direction", "difficulty": "moderate", "text": {"en": "[Reasoning/Direction] Sample exam-style question #2433: Choose the correct option."}, "options": {"en": ["Option A2433", "Option B2433", "Option C2433", "Option D2433"]}, "answerIndex": 1}, {"id": "GE_2488", "section": "General Awareness", "topic": "Economy", "difficulty": "moderate", "text": {"en": "[General Awareness/Economy] Sample exam-style question #2488: Choose the correct option."}, "options": {"en": ["Option A2488", "Option B2488", "Option C2488", "Option D2488"]}, "answerIndex": 0}, {"id": "GE_2463", "section": "General Awareness", "topic": "Geography", "difficulty": "moderate", "text": {"en": "[General Awareness/Geography] Sample exam-style question #2463: Choose the correct option."}, "options": {"en": ["Option A2463", "Option B2463", "Option C2463", "Option D2463"]}, "answerIndex": 3}, {"id": "MA_2402", "section": "Mathematics", "topic": "Ratio", "difficulty": "moderate", "text": {"en": "[Mathematics/Ratio] Sample exam-style question #2402: Choose the correct option."}, "options": {"en": ["Option A2402", "Option B2402", "Option C2402", "Option D2402"]}, "answerIndex": 2}, {"id": "RE_2437", "section": "Reasoning", "topic": "Series", "difficulty": "moderate", "text": {"en": "[Reasoning/Series] Sample exam-style question #2437: Choose the correct option."}, "options": {"en": ["Option A2437", "Option B2437", "Option C2437", "Option D2437"]}, "answerIndex": 1}, {"id": "RE_2449", "section": "Reasoning", "topic": "Analogy", "difficulty": "moderate", "text": {"en": "[Reasoning/Analogy] Sample exam-style question #2449: Choose the correct option."}, "options": {"en": ["Option A2449", "Option B2449", "Option C2449", "Option D2449"]}, "answerIndex": 1}, {"id": "GE_2477", "section": "General Awareness", "topic": "Economy", "difficulty": "moderate", "text": {"en": "[General Awareness/Economy] Sample exam-style question #2477: Choose the correct option."}, "options": {"en": ["Option A2477", "Option B2477", "Option C2477", "Option D2477"]}, "answerIndex": 1}, {"id": "RE_2452", "section": "Reasoning", "topic": "Analogy", "difficulty": "moderate", "text": {"en": "[Reasoning/Analogy] Sample exam-style question #2452: Choose the correct option."}, "options": {"en": ["Option A2452", "Option B2452", "Option C2452", "Option D2452"]}, "answerIndex": 0}, {"id": "MA_2417", "section": "Mathematics", "topic": "Time&Work", "difficulty": "moderate", "text": {"en": "[Mathematics/Time&Work] Sample exam-style question #2417: Choose the correct option."}, "options": {"en": ["Option A2417", "Option B2417", "Option C2417", "Option D2417"]}, "answerIndex": 1}, {"id": "GE_2479", "section": "General Awareness", "topic": "Economy", "difficulty": "moderate", "text": {"en": "[General Awareness/Economy] Sample exam-style question #2479: Choose the correct option."}, "options": {"en": ["Option A2479", "Option B2479", "Option C2479", "Option D2479"]}, "answerIndex": 3}, {"id": "MA_2420", "section": "Mathematics", "topic": "DI", "difficulty": "moderate", "text": {"en": "[Mathematics/DI] Sample exam-style question #2420: Choose the correct option."}, "options": {"en": ["Option A2420", "Option B2420", "Option C2420", "Option D2420"]}, "answerIndex": 0}, {"id": "MA_2421", "section": "Mathematics", "topic": "SI", "difficulty": "moderate", "text": {"en": "[Mathematics/SI] Sample exam-style question #2421: Choose the correct option."}, "options": {"en": ["Option A2421", "Option B2421", "Option C2421", "Option D2421"]}, "answerIndex": 1}, {"id": "RE_2456", "section": "Reasoning", "topic": "Coding", "difficulty": "moderate", "text": {"en": "[Reasoning/Coding] Sample exam-style question #2456: Choose the correct option."}, "options": {"en": ["Option A2456", "Option B2456", "Option C2456", "Option D2456"]}, "answerIndex": 0}, {"id": "RE_2448", "section": "Reasoning", "topic": "Coding", "difficulty": "moderate", "text": {"en": "[Reasoning/Coding] Sample exam-style question #2448: Choose the correct option."}, "options": {"en": ["Option A2448", "Option B2448", "Option C2448", "Option D2448"]}, "answerIndex": 0}, {"id": "GE_2478", "section": "General Awareness", "topic": "Science", "difficulty": "moderate", "text": {"en": "[General Awareness/Science] Sample exam-style question #2478: Choose the correct option."}, "options": {"en": ["Option A2478", "Option B2478", "Option C2478", "Option D2478"]}, "answerIndex": 2}, {"id": "RE_2447", "section": "Reasoning", "topic": "Syllogism", "difficulty": "moderate", "text": {"en": "[Reasoning/Syllogism] Sample exam-style question #2447: Choose the correct option."}, "options": {"en": ["Option A2447", "Option B2447", "Option C2447", "Option D2447"]}, "answerIndex": 3}, {"id": "RE_2460", "section": "Reasoning", "topic": "Coding", "difficulty": "moderate", "text": {"en": "[Reasoning/Coding] Sample exam-style question #2460: Choose the correct option."}, "options": {"en": ["Option A2460", "Option B2460", "Option C2460", "Option D2460"]}, "answerIndex": 0}, {"id": "GE_2475", "section": "General Awareness", "topic": "Current Affairs", "difficulty": "moderate", "text": {"en": "[General Awareness/Current Affairs] Sample exam-style question #2475: Choose the correct option."}, "options": {"en": ["Option A2475", "Option B2475", "Option C2475", "Option D2475"]}, "answerIndex": 3}, {"id": "MA_2424", "section": "Mathematics", "topic": "Ratio", "difficulty": "moderate", "text": {"en": "[Mathematics/Ratio] Sample exam-style question #2424: Choose the correct option."}, "options": {"en": ["Option A2424", "Option B2424", "Option C2424", "Option D2424"]}, "answerIndex": 0}, {"id": "RE_2455", "section": "Reasoning", "topic": "Puzzle", "difficulty": "moderate", "text": {"en": "[Reasoning/Puzzle] Sample exam-style question #2455: Choose the correct option."}, "options": {"en": ["Option A2455", "Option B2455", "Option C2455", "Option D2455"]}, "answerIndex": 3}, {"id": "GE_2489", "section": "General Awareness", "topic": "Current Affairs", "difficulty": "moderate", "text": {"en": "[General Awareness/Current Affairs] Sample exam-style question #2489: Choose the correct option."}, "options": {"en": ["Option A2489", "Option B2489", "Option C2489", "Option D2489"]}, "answerIndex": 1}, {"id": "MA_2403", "section": "Mathematics", "topic": "Time&Work", "difficulty": "moderate", "text": {"en": "[Mathematics/Time&Work] Sample exam-style question #2403: Choose the correct option."}, "options": {"en": ["Option A2403", "Option B2403", "Option C2403", "Option D2403"]}, "answerIndex": 3}, {"id": "RE_2457", "section": "Reasoning", "topic": "Series", "difficulty": "moderate", "text": {"en": "[Reasoning/Series] Sample exam-style question #2457: Choose the correct option."}, "options": {"en": ["Option A2457", "Option B2457", "Option C2457", "Option D2457"]}, "answerIndex": 1}, {"id": "GE_2486", "section": "General Awareness", "topic": "Polity", "difficulty": "moderate", "text": {"en": "[General Awareness/Polity] Sample exam-style question #2486: Choose the correct option."}, "options": {"en": ["Option A2486", "Option B2486", "Option C2486", "Option D2486"]}, "answerIndex": 2}, {"id": "MA_2426", "section": "Mathematics", "topic": "SI", "difficulty": "moderate", "text": {"en": "[Mathematics/SI] Sample exam-style question #2426: Choose the correct option."}, "options": {"en": ["Option A2426", "Option B2426", "Option C2426", "Option D2426"]}, "answerIndex": 2}, {"id": "MA_2412", "section": "Mathematics", "topic": "Speed", "difficulty": "moderate", "text": {"en": "[Mathematics/Speed] Sample exam-style question #2412: Choose the correct option."}, "options": {"en": ["Option A2412", "Option B2412", "Option C2412", "Option D2412"]}, "answerIndex": 0}, {"id": "GE_2480", "section": "General Awareness", "topic": "Economy", "difficulty": "moderate", "text": {"en": "[General Awareness/Economy] Sample exam-style question #2480: Choose the correct option."}, "options": {"en": ["Option A2480", "Option B2480", "Option C2480", "Option D2480"]}, "answerIndex": 0}, {"id": "RE_2443", "section": "Reasoning", "topic": "Series", "difficulty": "moderate", "text": {"en": "[Reasoning/Series] Sample exam-style question #2443: Choose the correct option."}, "options": {"en": ["Option A2443", "Option B2443", "Option C2443", "Option D2443"]}, "answerIndex": 3}, {"id": "GE_2492", "section": "General Awareness", "topic": "History", "difficulty": "moderate", "text": {"en": "[General Awareness/History] Sample exam-style question #2492: Choose the correct option."}, "options": {"en": ["Option A2492", "Option B2492", "Option C2492", "Option D2492"]}, "answerIndex": 0}, {"id": "GE_2469", "section": "General Awareness", "topic": "History", "difficulty": "moderate", "text": {"en": "[General Awareness/History] Sample exam-style question #2469: Choose the correct option."}, "options": {"en": ["Option A2469", "Option B2469", "Option C2469", "Option D2469"]}, "answerIndex": 1}, {"id": "RE_2453", "section": "Reasoning", "topic": "Coding", "difficulty": "moderate", "text": {"en": "[Reasoning/Coding] Sample exam-style question #2453: Choose the correct option."}, "options": {"en": ["Option A2453", "Option B2453", "Option C2453", "Option D2453"]}, "answerIndex": 1}, {"id": "RE_2442", "section": "Reasoning", "topic": "Analogy", "difficulty": "moderate", "text": {"en": "[Reasoning/Analogy] Sample exam-style question #2442: Choose the correct option."}, "options": {"en": ["Option A2442", "Option B2442", "Option C2442", "Option D2442"]}, "answerIndex": 2}, {"id": "MA_2423", "section": "Mathematics", "topic": "CI", "difficulty": "moderate", "text": {"en": "[Mathematics/CI] Sample exam-style question #2423: Choose the correct option."}, "options": {"en": ["Option A2423", "Option B2423", "Option C2423", "Option D2423"]}, "answerIndex": 3}, {"id": "GE_2483", "section": "General Awareness", "topic": "History", "difficulty": "moderate", "text": {"en": "[General Awareness/History] Sample exam-style question #2483: Choose the correct option."}, "options": {"en": ["Option A2483", "Option B2483", "Option C2483", "Option D2483"]}, "answerIndex": 3}, {"id": "GE_2499", "section": "General Awareness", "topic": "Science", "difficulty": "moderate", "text": {"en": "[General Awareness/Science] Sample exam-style question #2499: Choose the correct option."}, "options": {"en": ["Option A2499", "Option B2499", "Option C2499", "Option D2499"]}, "answerIndex": 3}, {"id": "MA_2405", "section": "Mathematics", "topic": "CI", "difficulty": "moderate", "text": {"en": "[Mathematics/CI] Sample exam-style question #2405: Choose the correct option."}, "options": {"en": ["Option A2405", "Option B2405", "Option C2405", "Option D2405"]}, "answerIndex": 1}, {"id": "RE_2435", "section": "Reasoning", "topic": "Analogy", "difficulty": "moderate", "text": {"en": "[Reasoning/Analogy] Sample exam-style question #2435: Choose the correct option."}, "options": {"en": ["Option A2435", "Option B2435", "Option C2435", "Option D2435"]}, "answerIndex": 3}, {"id": "MA_2401", "section": "Mathematics", "topic": "Time&Work", "difficulty": "moderate", "text": {"en": "[Mathematics/Time&Work] Sample exam-style question #2401: Choose the correct option."}, "options": {"en": ["Option A2401", "Option B2401", "Option C2401", "Option D2401"]}, "answerIndex": 1}, {"id": "GE_2467", "section": "General Awareness", "topic": "Economy", "difficulty": "moderate", "text": {"en": "[General Awareness/Economy] Sample exam-style question #2467: Choose the correct option."}, "options": {"en": ["Option A2467", "Option B2467", "Option C2467", "Option D2467"]}, "answerIndex": 3}, {"id": "MA_2415", "section": "Mathematics", "topic": "Time&Work", "difficulty": "moderate", "text": {"en": "[Mathematics/Time&Work] Sample exam-style question #2415: Choose the correct option."}, "options": {"en": ["Option A2415", "Option B2415", "Option C2415", "Option D2415"]}, "answerIndex": 3}, {"id": "MA_2416", "section": "Mathematics", "topic": "CI", "difficulty": "moderate", "text": {"en": "[Mathematics/CI] Sample exam-style question #2416: Choose the correct option."}, "options": {"en": ["Option A2416", "Option B2416", "Option C2416", "Option D2416"]}, "answerIndex": 0}, {"id": "RE_2439", "section": "Reasoning", "topic": "Syllogism", "difficulty": "moderate", "text": {"en": "[Reasoning/Syllogism] Sample exam-style question #2439: Choose the correct option."}, "options": {"en": ["Option A2439", "Option B2439", "Option C2439", "Option D2439"]}, "answerIndex": 3}, {"id": "GE_2473", "section": "General Awareness", "topic": "Geography", "difficulty": "moderate", "text": {"en": "[General Awareness/Geography] Sample exam-style question #2473: Choose the correct option."}, "options": {"en": ["Option A2473", "Option B2473", "Option C2473", "Option D2473"]}, "answerIndex": 1}, {"id": "GE_2497", "section": "General Awareness", "topic": "History", "difficulty": "moderate", "text": {"en": "[General Awareness/History] Sample exam-style question #2497: Choose the correct option."}, "options": {"en": ["Option A2497", "Option B2497", "Option C2497", "Option D2497"]}, "answerIndex": 1}, {"id": "GE_2472", "section": "General Awareness", "topic": "Polity", "difficulty": "moderate", "text": {"en": "[General Awareness/Polity] Sample exam-style question #2472: Choose the correct option."}, "options": {"en": ["Option A2472", "Option B2472", "Option C2472", "Option D2472"]}, "answerIndex": 0}, {"id": "RE_2444", "section": "Reasoning", "topic": "Puzzle", "difficulty": "moderate", "text": {"en": "[Reasoning/Puzzle] Sample exam-style question #2444: Choose the correct option."}, "options": {"en": ["Option A2444", "Option B2444", "Option C2444", "Option D2444"]}, "answerIndex": 0}, {"id": "MA_2413", "section": "Mathematics", "topic": "Ratio", "difficulty": "moderate", "text": {"en": "[Mathematics/Ratio] Sample exam-style question #2413: Choose the correct option."}, "options": {"en": ["Option A2413", "Option B2413", "Option C2413", "Option D2413"]}, "answerIndex": 1}, {"id": "MA_2409", "section": "Mathematics", "topic": "Ratio", "difficulty": "moderate", "text": {"en": "[Mathematics/Ratio] Sample exam-style question #2409: Choose the correct option."}, "options": {"en": ["Option A2409", "Option B2409", "Option C2409", "Option D2409"]}, "answerIndex": 1}, {"id": "RE_2438", "section": "Reasoning", "topic": "Analogy", "difficulty": "moderate", "text": {"en": "[Reasoning/Analogy] Sample exam-style question #2438: Choose the correct option."}, "options": {"en": ["Option A2438", "Option B2438", "Option C2438", "Option D2438"]}, "answerIndex": 2}, {"id": "MA_2418", "section": "Mathematics", "topic": "Percentage", "difficulty": "moderate", "text": {"en": "[Mathematics/Percentage] Sample exam-style question #2418: Choose the correct option."}, "options": {"en": ["Option A2418", "Option B2418", "Option C2418", "Option D2418"]}, "answerIndex": 2}, {"id": "RE_2446", "section": "Reasoning", "topic": "Syllogism", "difficulty": "moderate", "text": {"en": "[Reasoning/Syllogism] Sample exam-style question #2446: Choose the correct option."}, "options": {"en": ["Option A2446", "Option B2446", "Option C2446", "Option D2446"]}, "answerIndex": 2}, {"id": "GE_2462", "section": "General Awareness", "topic": "Polity", "difficulty": "moderate", "text": {"en": "[General Awareness/Polity] Sample exam-style question #2462: Choose the correct option."}, "options": {"en": ["Option A2462", "Option B2462", "Option C2462", "Option D2462"]}, "answerIndex": 2}, {"id": "RE_2441", "section": "Reasoning", "topic": "Syllogism", "difficulty": "moderate", "text": {"en": "[Reasoning/Syllogism] Sample exam-style question #2441: Choose the correct option."}, "options": {"en": ["Option A2441", "Option B2441", "Option C2441", "Option D2441"]}, "answerIndex": 1}, {"id": "RE_2450", "section": "Reasoning", "topic": "Analogy", "difficulty": "moderate", "text": {"en": "[Reasoning/Analogy] Sample exam-style question #2450: Choose the correct option."}, "options": {"en": ["Option A2450", "Option B2450", "Option C2450", "Option D2450"]}, "answerIndex": 2}, {"id": "RE_2432", "section": "Reasoning", "topic": "Series", "difficulty": "moderate", "text": {"en": "[Reasoning/Series] Sample exam-style question #2432: Choose the correct option."}, "options": {"en": ["Option A2432", "Option B2432", "Option C2432", "Option D2432"]}, "answerIndex": 0}, {"id": "GE_2487", "section": "General Awareness", "topic": "Economy", "difficulty": "moderate", "text": {"en": "[General Awareness/Economy] Sample exam-style question #2487: Choose the correct option."}, "options": {"en": ["Option A2487", "Option B2487", "Option C2487", "Option D2487"]}, "answerIndex": 3}, {"id": "GE_2482", "section": "General Awareness", "topic": "Polity", "difficulty": "moderate", "text": {"en": "[General Awareness/Polity] Sample exam-style question #2482: Choose the correct option."}, "options": {"en": ["Option A2482", "Option B2482", "Option C2482", "Option D2482"]}, "answerIndex": 2}, {"id": "MA_2430", "section": "Mathematics", "topic": "Percentage", "difficulty": "moderate", "text": {"en": "[Mathematics/Percentage] Sample exam-style question #2430: Choose the correct option."}, "options": {"en": ["Option A2430", "Option B2430", "Option C2430", "Option D2430"]}, "answerIndex": 2}, {"id": "RE_2445", "section": "Reasoning", "topic": "Puzzle", "difficulty": "moderate", "text": {"en": "[Reasoning/Puzzle] Sample exam-style question #2445: Choose the correct option."}, "options": {"en": ["Option A2445", "Option B2445", "Option C2445", "Option D2445"]}, "answerIndex": 1}, {"id": "GE_2500", "section": "General Awareness", "topic": "Polity", "difficulty": "moderate", "text": {"en": "[General Awareness/Polity] Sample exam-style question #2500: Choose the correct option."}, "options": {"en": ["Option A2500", "Option B2500", "Option C2500", "Option D2500"]}, "answerIndex": 0}, {"id": "MA_2406", "section": "Mathematics", "topic": "SI", "difficulty": "moderate", "text": {"en": "[Mathematics/SI] Sample exam-style question #2406: Choose the correct option."}, "options": {"en": ["Option A2406", "Option B2406", "Option C2406", "Option D2406"]}, "answerIndex": 2}, {"id": "MA_2408", "section": "Mathematics", "topic": "SI", "difficulty": "moderate", "text": {"en": "[Mathematics/SI] Sample exam-style question #2408: Choose the correct option."}, "options": {"en": ["Option A2408", "Option B2408", "Option C2408", "Option D2408"]}, "answerIndex": 0}, {"id": "MA_2427", "section": "Mathematics", "topic": "Speed", "difficulty": "moderate", "text": {"en": "[Mathematics/Speed] Sample exam-style question #2427: Choose the correct option."}, "options": {"en": ["Option A2427", "Option B2427", "Option C2427", "Option D2427"]}, "answerIndex": 3}]}