{"testId": "003", "questions": [{"id": "GE_0300", "section": "General Awareness", "topic": "Polity", "difficulty": "moderate", "text": {"en": "[General Awareness/Polity] Sample exam-style question #300: Choose the correct option."}, "options": {"en": ["Option A300", "Option B300", "Option C300", "Option D300"]}, "answerIndex": 0}, {"id": "GE_0286", "section": "General Awareness", "topic": "Geography", "difficulty": "moderate", "text": {"en": "[General Awareness/Geography] Sample exam-style question #286: Choose the correct option."}, "options": {"en": ["Option A286", "Option B286", "Option C286", "Option D286"]}, "answerIndex": 2}, {"id": "GE_0278", "section": "General Awareness", "topic": "History", "difficulty": "moderate", "text": {"en": "[General Awareness/History] Sample exam-style question #278: Choose the correct option."}, "options": {"en": ["Option A278", "Option B278", "Option C278", "Option D278"]}, "answerIndex": 2}, {"id": "GE_0266", "section": "General Awareness", "topic": "Science", "difficulty": "moderate", "text": {"en": "[General Awareness/Science] Sample exam-style question #266: Choose the correct option."}, "options": {"en": ["Option A266", "Option B266", "Option C266", "Option D266"]}, "answerIndex": 2}, {"id": "RE_0237", "section": "Reasoning", "topic": "Syllogism", "difficulty": "moderate", "text": {"en": "[Reasoning/Syllogism] Sample exam-style question #237: Choose the correct option."}, "options": {"en": ["Option A237", "Option B237", "Option C237", "Option D237"]}, "answerIndex": 1}, {"id": "MA_0216", "section": "Mathematics", "topic": "Percentage", "difficulty": "moderate", "text": {"en": "[Mathematics/Percentage] Sample exam-style question #216: Choose the correct option."}, "options": {"en": ["Option A216", "Option B216", "Option C216", "Option D216"]}, "answerIndex": 0}, {"id": "GE_0262", "section": "General Awareness", "topic": "Polity", "difficulty": "moderate", "text": {"en": "[General Awareness/Polity] Sample exam-style question #262: Choose the correct option."}, "options": {"en": ["Option A262", "Option B262", "Option C262", "Option D262"]}, "answerIndex": 2}, {"id": "RE_0234", "section": "Reasoning", "topic": "Analogy", "difficulty": "moderate", "text": {"en": "[Reasoning/Analogy] Sample exam-style question #234: Choose the correct option."}, "options": {"en": ["Option A234", "Option B234", "Option C234", "Option D234"]}, "answerIndex": 2}, {"id": "RE_0245", "section": "Reasoning", "topic": "Series", "difficulty": "moderate", "text": {"en": "[Reasoning/Series] Sample exam-style question #245: Choose the correct option."}, "options": {"en": ["Option A245", "Option B245", "Option C245", "Option D245"]}, "answerIndex": 1}, {"id": "RE_0242", "section": "Reasoning", "topic": "Direction", "difficulty": "moderate", "text": {"en": "[Reasoning/Direction] Sample exam-style question #242: Choose the correct option."}, "options": {"en": ["Option A242", "Option B242", "Option C242", "Option D242"]}, "answerIndex": 2}, {"id": "GE_0274", "section": "General Awareness", "topic": "Current Affairs", "difficulty": "moderate", "text": {"en": "[General Awareness/Current Affairs] Sample exam-style question #274: Choose the correct option."}, "options": {"en": ["Option A274", "Option B274", "Option C274", "Option D274"]}, "answerIndex": 2}, {"id": "RE_0236", "section": "Reasoning", "topic": "Analogy", "difficulty": "moderate", "text": {"en": "[Reasoning/Analogy] Sample exam-style question #236: Choose the correct option."}, "options": {"en": ["Option A236", "Option B236", "Option C236", "Option D236"]}, "answerIndex": 0}, {"id": "MA_0221", "section": "Mathematics", "topic": "Ratio", "difficulty": "moderate", "text": {"en": "[Mathematics/Ratio] Sample exam-style question #221: Choose the correct option."}, "options": {"en": ["Option A221", "Option B221", "Option C221", "Option D221"]}, "answerIndex": 1}, {"id": "MA_0220", "section": "Mathematics", "topic": "Ratio", "difficulty": "moderate", "text": {"en": "[Mathematics/Ratio] Sample exam-style question #220: Choose the correct option."}, "options": {"en": ["Option A220", "Option B220", "Option C220", "Option D220"]}, "answerIndex": 0}, {"id": "RE_0235", "section": "Reasoning", "topic": "Coding", "difficulty": "moderate", "text": {"en": "[Reasoning/Coding] Sample exam-style question #235: Choose the correct option."}, "options": {"en": ["Option A235", "Option B235", "Option C235", "Option D235"]}, "answerIndex": 3}, {"id": "RE_0239", "section": "Reasoning", "topic": "Analogy", "difficulty": "moderate", "text": {"en": "[Reasoning/Analogy] Sample exam-style question #239: Choose the correct option."}, "options": {"en": ["Option A239", "Option B239", "Option C239", "Option D239"]}, "answerIndex": 3}, {"id": "MA_0211", "section": "Mathematics", "topic": "Percentage", "difficulty": "moderate", "text": {"en": "[Mathematics/Percentage] Sample exam-style question #211: Choose the correct option."}, "options": {"en": ["Option A211", "Option B211", "Option C211", "Option D211"]}, "answerIndex": 3}, {"id": "MA_0219", "section": "Mathematics", "topic": "DI", "difficulty": "moderate", "text": {"en": "[Mathematics/DI] Sample exam-style question #219: Choose the correct option."}, "options": {"en": ["Option A219", "Option B219", "Option C219", "Option D219"]}, "answerIndex": 3}, {"id": "MA_0227", "section": "Mathematics", "topic": "Time&Work", "difficulty": "moderate", "text": {"en": "[Mathematics/Time&Work] Sample exam-style question #227: Choose the correct option."}, "options": {"en": ["Option A227", "Option B227", "Option C227", "Option D227"]}, "answerIndex": 3}, {"id": "MA_0215", "section": "Mathematics", "topic": "DI", "difficulty": "moderate", "text": {"en": "[Mathematics/DI] Sample exam-style question #215: Choose the correct option."}, "options": {"en": ["Option A215", "Option B215", "Option C215", "Option D215"]}, "answerIndex": 3}, {"id": "MA_0203", "section": "Mathematics", "topic": "SI", "difficulty": "moderate", "text": {"en": "[Mathematics/SI] Sample exam-style question #203: Choose the correct option."}, "options": {"en": ["Option A203", "Option B203", "Option C203", "Option D203"]}, "answerIndex": 3}, {"id": "GE_0273", "section": "General Awareness", "topic": "History", "difficulty": "moderate", "text": {"en": "[General Awareness/History] Sample exam-style question #273: Choose the correct option."}, "options": {"en": ["Option A273", "Option B273", "Option C273", "Option D273"]}, "answerIndex": 1}, {"id": "RE_0232", "section": "Reasoning", "topic": "Puzzle", "difficulty": "moderate", "text": {"en": "[Reasoning/Puzzle] Sample exam-style question #232: Choose the correct option."}, "options": {"en": ["Option A232", "Option B232", "Option C232", "Option D232"]}, "answerIndex": 0}, {"id": "RE_0246", "section": "Reasoning", "topic": "Coding", "difficulty": "moderate", "text": {"en": "[Reasoning/Coding] Sample exam-style question #246: Choose the correct option."}, "options": {"en": ["Option A246", "Option B246", "Option C246", "Option D246"]}, "answerIndex": 2}, {"id": "GE_0288", "section": "General Awareness", "topic": "Economy", "difficulty": "moderate", "text": {"en": "[General Awareness/Economy] Sample exam-style question #288: Choose the correct option."}, "options": {"en": ["Option A288", "Option B288", "Option C288", "Option D288"]}, "answerIndex": 0}, {"id": "MA_0206", "section": "Mathematics", "topic": "SI", "difficulty": "moderate", "text": {"en": "[Mathematics/SI] Sample exam-style question #206: Choose the correct option."}, "options": {"en": ["Option A206", "Option B206", "Option C206", "Option D206"]}, "answerIndex": 2}, {"id": "MA_0214", "section": "Mathematics", "topic": "CI", "difficulty": "moderate", "text": {"en": "[Mathematics/CI] Sample exam-style question #214: Choose the correct option."}, "options": {"en": ["Option A214", "Option B214", "Option C214", "Option D214"]}, "answerIndex": 2}, {"id": "MA_0223", "section": "Mathematics", "topic": "CI", "difficulty": "moderate", "text": {"en": "[Mathematics/CI] Sample exam-style question #223: Choose the correct option."}, "options": {"en": ["Option A223", "Option B223", "Option C223", "Option D223"]}, "answerIndex": 3}, {"id": "GE_0299", "section": "General Awareness", "topic": "Geography", "difficulty": "moderate", "text": {"en": "[General Awareness/Geography] Sample exam-style question #299: Choose the correct option."}, "options": {"en": ["Option A299", "Option B299", "Option C299", "Option D299"]}, "answerIndex": 3}, {"id": "MA_0207", "section": "Mathematics", "topic": "Ratio", "difficulty": "moderate", "text": {"en": "[Mathematics/Ratio] Sample exam-style question #207: Choose the correct option."}, "options": {"en": ["Option A207", "Option B207", "Option C207", "Option D207"]}, "answerIndex": 3}, {"id": "GE_0263", "section": "General Awareness", "topic": "Polity", "difficulty": "moderate", "text": {"en": "[General Awareness/Polity] Sample exam-style question #263: Choose the correct option."}, "options": {"en": ["Option A263", "Option B263", "Option C263", "Option D263"]}, "answerIndex": 3}, {"id": "RE_0248", "section": "Reasoning", "topic": "Series", "difficulty": "moderate", "text": {"en": "[Reasoning/Series] Sample exam-style question #248: Choose the correct option."}, "options": {"en": ["Option A248", "Option B248", "Option C248", "Option D248"]}, "answerIndex": 0}, {"id": "GE_0284", "section": "General Awareness", "topic": "Current Affairs", "difficulty": "moderate", "text": {"en": "[General Awareness/Current Affairs] Sample exam-style question #284: Choose the correct option."}, "options": {"en": ["Option A284", "Option B284", "Option C284", "Option D284"]}, "answerIndex": 0}, {"id": "RE_0233", "section": "Reasoning", "topic": "Analogy", "difficulty": "moderate", "text": {"en": "[Reasoning/Analogy] Sample exam-style question #233: Choose the correct option."}, "options": {"en": ["Option A233", "Option B233", "Option C233", "Option D233"]}, "answerIndex": 1}, {"id": "MA_0210", "section": "Mathematics", "topic": "Time&Work", "difficulty": "moderate", "text": {"en": "[Mathematics/Time&Work] Sample exam-style question #210: Choose the correct option."}, "options": {"en": ["Option A210", "Option B210", "Option C210", "Option D210"]}, "answerIndex": 2}, {"id": "MA_0224", "section": "Mathematics", "topic": "Time&Work", "difficulty": "moderate", "text": {"en": "[Mathematics/Time&Work] Sample exam-style question #224: Choose the correct option."}, "options": {"en": ["Option A224", "Option B224", "Option C224", "Option D224"]}, "answerIndex": 0}, {"id": "GE_0297", "section": "General Awareness", "topic": "Economy", "difficulty": "moderate", "text": {"en": "[General Awareness/Economy] Sample exam-style question #297: Choose the correct option."}, "options": {"en": ["Option A297", "Option B297", "Option C297", "Option D297"]}, "answerIndex": 1}, {"id": "MA_0222", "section": "Mathematics", "topic": "Speed", "difficulty": "moderate", "text": {"en": "[Mathematics/Speed] Sample exam-style question #222: Choose the correct option."}, "options": {"en": ["Option A222", "Option B222", "Option C222", "Option D222"]}, "answerIndex": 2}, {"id": "GE_0291", "section": "General Awareness", "topic": "Polity", "difficulty": "moderate", "text": {"en": "[General Awareness/Polity] Sample exam-style question #291: Choose the correct option."}, "options": {"en": ["Option A291", "Option B291", "Option C291", "Option D291"]}, "answerIndex": 3}, {"id": "RE_0256", "section": "Reasoning", "topic": "Series", "difficulty": "moderate", "text": {"en": "[Reasoning/Series] Sample exam-style question #256: Choose the correct option."}, "options": {"en": ["Option A256", "Option B256", "Option C256", "Option D256"]}, "answerIndex": 0}, {"id": "MA_0202", "section": "Mathematics", "topic": "Percentage", "difficulty": "moderate", "text": {"en": "[Mathematics/Percentage] Sample exam-style question #202: Choose the correct option."}, "options": {"en": ["Option A202", "Option B202", "Option C202", "Option D202"]}, "answerIndex": 2}, {"id": "GE_0282", "section": "General Awareness", "topic": "Polity", "difficulty": "moderate", "text": {"en": "[General Awareness/Polity] Sample exam-style question #282: Choose the correct option."}, "options": {"en": ["Option A282", "Option B282", "Option C282", "Option D282"]}, "answerIndex": 2}, {"id": "GE_0268", "section": "General Awareness", "topic": "Geography", "difficulty": "moderate", "text": {"en": "[General Awareness/Geography] Sample exam-style question #268: Choose the correct option."}, "options": {"en": ["Option A268", "Option B268", "Option C268", "Option D268"]}, "answerIndex": 0}, {"id": "RE_0240", "section": "Reasoning", "topic": "Analogy", "difficulty": "moderate", "text": {"en": "[Reasoning/Analogy] Sample exam-style question #240: Choose the correct option."}, "options": {"en": ["Option A240", "Option B240", "Option C240", "Option D240"]}, "answerIndex": 0}, {"id": "GE_0281", "section": "General Awareness", "topic": "History", "difficulty": "moderate", "text": {"en": "[General Awareness/History] Sample exam-style question #281: Choose the correct option."}, "options": {"en": ["Option A281", "Option B281", "Option C281", "Option D281"]}, "answerIndex": 1}, {"id": "GE_0298", "section": "General Awareness", "topic": "Current Affairs", "difficulty": "moderate", "text": {"en": "[General Awareness/Current Affairs] Sample exam-style question #298: Choose the correct option."}, "options": {"en": ["Option A298", "Option B298", "Option C298", "Option D298"]}, "answerIndex": 2}, {"id": "GE_0295", "section": "General Awareness", "topic": "Polity", "difficulty": "moderate", "text": {"en": "[General Awareness/Polity] Sample exam-style question #295: Choose the correct option."}, "options": {"en": ["Option A295", "Option B295", "Option C295", "Option D295"]}, "answerIndex": 3}, {"id": "GE_0267", "section": "General Awareness", "topic": "History", "difficulty": "moderate", "text": {"en": "[General Awareness/History] Sample exam-style question #267: Choose the correct option."}, "options": {"en": ["Option A267", "Option B267", "Option C267", "Option D267"]}, "answerIndex": 3}, {"id": "RE_0253", "section": "Reasoning", "topic": "Coding", "difficulty": "moderate", "text": {"en": "[Reasoning/Coding] Sample exam-style question #253: Choose the correct option."}, "options": {"en": ["Option A253", "Option B253", "Option C253", "Option D253"]}, "answerIndex": 1}, {"id": "GE_0271", "section": "General Awareness", "topic": "History", "difficulty": "moderate", "text": {"en": "[General Awareness/History] Sample exam-style question #271: Choose the correct option."}, "options": {"en": ["Option A271", "Option B271", "Option C271", "Option D271"]}, "answerIndex": 3}, {"id": "RE_0257", "section": "Reasoning", "topic": "Series", "difficulty": "moderate", "text": {"en": "[Reasoning/Series] Sample exam-style question #257: Choose the correct option."}, "options": {"en": ["Option A257", "Option B257", "Option C257", "Option D257"]}, "answerIndex": 1}, {"id": "RE_0249", "section": "Reasoning", "topic": "Syllogism", "difficulty": "moderate", "text": {"en": "[Reasoning/Syllogism] Sample exam-style question #249: Choose the correct option."}, "options": {"en": ["Option A249", "Option B249", "Option C249", "Option D249"]}, "answerIndex": 1}, {"id": "RE_0254", "section": "Reasoning", "topic": "Puzzle", "difficulty": "moderate", "text": {"en": "[Reasoning/Puzzle] Sample exam-style question #254: Choose the correct option."}, "options": {"en": ["Option A254", "Option B254", "Option C254", "Option D254"]}, "answerIndex": 2}, {"id": "MA_0213", "section": "Mathematics", "topic": "Speed", "difficulty": "moderate", "text": {"en": "[Mathematics/Speed] Sample exam-style question #213: Choose the correct option."}, "options": {"en": ["Option A213", "Option B213", "Option C213", "Option D213"]}, "answerIndex": 1}, {"id": "MA_0228", "section": "Mathematics", "topic": "DI", "difficulty": "moderate", "text": {"en": "[Mathematics/DI] Sample exam-style question #228: Choose the correct option."}, "options": {"en": ["Option A228", "Option B228", "Option C228", "Option D228"]}, "answerIndex": 0}, {"id": "MA_0225", "section": "Mathematics", "topic": "Ratio", "difficulty": "moderate", "text": {"en": "[Mathematics/Ratio] Sample exam-style question #225: Choose the correct option."}, "options": {"en": ["Option A225", "Option B225", "Option C225", "Option D225"]}, "answerIndex": 1}, {"id": "MA_0217", "section": "Mathematics", "topic": "DI", "difficulty": "moderate", "text": {"en": "[Mathematics/DI] Sample exam-style question #217: Choose the correct option."}, "options": {"en": ["Option A217", "Option B217", "Option C217", "Option D217"]}, "answerIndex": 1}, {"id": "RE_0255", "section": "Reasoning", "topic": "Coding", "difficulty": "moderate", "text": {"en": "[Reasoning/Coding] Sample exam-style question #255: Choose the correct option."}, "options": {"en": ["Option A255", "Option B255", "Option C255", "Option D255"]}, "answerIndex": 3}, {"id": "GE_0287", "section": "General Awareness", "topic": "Economy", "difficulty": "moderate", "text": {"en": "[General Awareness/Economy] Sample exam-style question #287: Choose the correct option."}, "options": {"en": ["Option A287", "Option B287", "Option C287", "Option D287"]}, "answerIndex": 3}, {"id": "GE_0292", "section": "General Awareness", "topic": "Current Affairs", "difficulty": "moderate", "text": {"en": "[General Awareness/Current Affairs] Sample exam-style question #292: Choose the correct option."}, "options": {"en": ["Option A292", "Option B292", "Option C292", "Option D292"]}, "answerIndex": 0}, {"id": "MA_0226", "section": "Mathematics", "topic": "SI", "difficulty": "moderate", "text": {"en": "[Mathematics/SI] Sample exam-style question #226: Choose the correct option."}, "options": {"en": ["Option A226", "Option B226", "Option C226", "Option D226"]}, "answerIndex": 2}, {"id": "GE_0279", "section": "General Awareness", "topic": "Economy", "difficulty": "moderate", "text": {"en": "[General Awareness/Economy] Sample exam-style question #279: Choose the correct option."}, "options": {"en": ["Option A279", "Option B279", "Option C279", "Option D279"]}, "answerIndex": 3}, {"id": "GE_0290", "section": "General Awareness", "topic": "Current Affairs", "difficulty": "moderate", "text": {"en": "[General Awareness/Current Affairs] Sample exam-style question #290: Choose the correct option."}, "options": {"en": ["Option A290", "Option B290", "Option C290", "Option D290"]}, "answerIndex": 2}, {"id": "RE_0250", "section": "Reasoning", "topic": "Series", "difficulty": "moderate", "text": {"en": "[Reasoning/Series] Sample exam-style question #250: Choose the correct option."}, "options": {"en": ["Option A250", "Option B250", "Option C250", "Option D250"]}, "answerIndex": 2}, {"id": "RE_0231", "section": "Reasoning", "topic": "Coding", "difficulty": "moderate", "text": {"en": "[Reasoning/Coding] Sample exam-style question #231: Choose the correct option."}, "options": {"en": ["Option A231", "Option B231", "Option C231", "Option D231"]}, "answerIndex": 3}, {"id": "GE_0277", "section": "General Awareness", "topic": "Economy", "difficulty": "moderate", "text": {"en": "[General Awareness/Economy] Sample exam-style question #277: Choose the correct option."}, "options": {"en": ["Option A277", "Option B277", "Option C277", "Option D277"]}, "answerIndex": 1}, {"id": "GE_0280", "section": "General Awareness", "topic": "Economy", "difficulty": "moderate", "text": {"en": "[General Awareness/Economy] Sample exam-style question #280: Choose the correct option."}, "options": {"en": ["Option A280", "Option B280", "Option C280", "Option D280"]}, "answerIndex": 0}, {"id": "RE_0251", "section": "Reasoning", "topic": "Puzzle", "difficulty": "moderate", "text": {"en": "[Reasoning/Puzzle] Sample exam-style question #251: Choose the correct option."}, "options": {"en": ["Option A251", "Option B251", "Option C251", "Option D251"]}, "answerIndex": 3}, {"id": "MA_0218", "section": "Mathematics", "topic": "Time&Work", "difficulty": "moderate", "text": {"en": "[Mathematics/Time&Work] Sample exam-style question #218: Choose the correct option."}, "options": {"en": ["Option A218", "Option B218", "Option C218", "Option D218"]}, "answerIndex": 2}, {"id": "MA_0201", "section": "Mathematics", "topic": "Percentage", "difficulty": "moderate", "text": {"en": "[Mathematics/Percentage] Sample exam-style question #201: Choose the correct option."}, "options": {"en": ["Option A201", "Option B201", "Option C201", "Option D201"]}, "answerIndex": 1}, {"id": "GE_0276", "section": "General Awareness", "topic": "Science", "difficulty": "moderate", "text": {"en": "[General Awareness/Science] Sample exam-style question #276: Choose the correct option."}, "options": {"en": ["Option A276", "Option B276", "Option C276", "Option D276"]}, "answerIndex": 0}, {"id": "RE_0241", "section": "Reasoning", "topic": "Syllogism", "difficulty": "moderate", "text": {"en": "[Reasoning/Syllogism] Sample exam-style question #241: Choose the correct option."}, "options": {"en": ["Option A241", "Option B241", "Option C241", "Option D241"]}, "answerIndex": 1}, {"id": "MA_0208", "section": "Mathematics", "topic": "Percentage", "difficulty": "moderate", "text": {"en": "[Mathematics/Percentage] Sample exam-style question #208: Choose the correct option."}, "options": {"en": ["Option A208", "Option B208", "Option C208", "Option D208"]}, "answerIndex": 0}, {"id": "GE_0296", "section": "General Awareness", "topic": "Polity", "difficulty": "moderate", "text": {"en": "[General Awareness/Polity] Sample exam-style question #296: Choose the correct option."}, "options": {"en": ["Option A296", "Option B296", "Option C296", "Option D296"]}, "answerIndex": 0}, {"id": "GE_0269", "section": "General Awareness", "topic": "Current Affairs", "difficulty": "moderate", "text": {"en": "[General Awareness/Current Affairs] Sample exam-style question #269: Choose the correct option."}, "options": {"en": ["Option A269", "Option B269", "Option C269", "Option D269"]}, "answerIndex": 1}, {"id": "MA_0230", "section": "Mathematics", "topic": "CI", "difficulty": "moderate", "text": {"en": "[Mathematics/CI] Sample exam-style question #230: Choose the correct option."}, "options": {"en": ["Option A230", "Option B230", "Option C230", "Option D230"]}, "answerIndex": 2}, {"id": "MA_0205", "section": "Mathematics", "topic": "DI", "difficulty": "moderate", "text": {"en": "[Mathematics/DI] Sample exam-style question #205: Choose the correct option."}, "options": {"en": ["Option A205", "Option B205", "Option C205", "Option D205"]}, "answerIndex": 1}, {"id": "GE_0283", "section": "General Awareness", "topic": "Polity", "difficulty": "moderate", "text": {"en": "[General Awareness/Polity] Sample exam-style question #283: Choose the correct option."}, "options": {"en": ["Option A283", "Option B283", "Option C283", "Option D283"]}, "answerIndex": 3}, {"id": "GE_0275", "section": "General Awareness", "topic": "Science", "difficulty": "moderate", "text": {"en": "[General Awareness/Science] Sample exam-style question #275: Choose the correct option."}, "options": {"en": ["Option A275", "Option B275", "Option C275", "Option D275"]}, "answerIndex": 3}, {"id": "RE_0244", "section": "Reasoning", "topic": "Direction", "difficulty": "moderate", "text": {"en": "[Reasoning/Direction] Sample exam-style question #244: Choose the correct option."}, "options": {"en": ["Option A244", "Option B244", "Option C244", "Option D244"]}, "answerIndex": 0}, {"id": "RE_0238", "section": "Reasoning", "topic": "Direction", "difficulty": "moderate", "text": {"en": "[Reasoning/Direction] Sample exam-style question #238: Choose the correct option."}, "options": {"en": ["Option A238", "Option B238", "Option C238", "Option D238"]}, "answerIndex": 2}, {"id": "MA_0212", "section": "Mathematics", "topic": "Percentage", "difficulty": "moderate", "text": {"en": "[Mathematics/Percentage] Sample exam-style question #212: Choose the correct option."}, "options": {"en": ["Option A212", "Option B212", "Option C212", "Option D212"]}, "answerIndex": 0}, {"id": "GE_0285", "section": "General Awareness", "topic": "Economy", "difficulty": "moderate", "text": {"en": "[General Awareness/Economy] Sample exam-style question #285: Choose the correct option."}, "options": {"en": ["Option A285", "Option B285", "Option C285", "Option D285"]}, "answerIndex": 1}, {"id": "GE_0294", "section": "General Awareness", "topic": "Current Affairs", "difficulty": "moderate", "text": {"en": "[General Awareness/Current Affairs] Sample exam-style question #294: Choose the correct option."}, "options": {"en": ["Option A294", "Option B294", "Option C294", "Option D294"]}, "answerIndex": 2}, {"id": "GE_0265", "section": "General Awareness", "topic": "Polity", "difficulty": "moderate", "text": {"en": "[General Awareness/Polity] Sample exam-style question #265: Choose the correct option."}, "options": {"en": ["Option A265", "Option B265", "Option C265", "Option D265"]}, "answerIndex": 1}, {"id": "GE_0261", "section": "General Awareness", "topic": "History", "difficulty": "moderate", "text": {"en": "[General Awareness/History] Sample exam-style question #261: Choose the correct option."}, "options": {"en": ["Option A261", "Option B261", "Option C261", "Option D261"]}, "answerIndex": 1}, {"id": "MA_0209", "section": "Mathematics", "topic": "Ratio", "difficulty": "moderate", "text": {"en": "[Mathematics/Ratio] Sample exam-style question #209: Choose the correct option."}, "options": {"en": ["Option A209", "Option B209", "Option C209", "Option D209"]}, "answerIndex": 1}, {"id": "RE_0243", "section": "Reasoning", "topic": "Puzzle", "difficulty": "moderate", "text": {"en": "[Reasoning/Puzzle] Sample exam-style question #243: Choose the correct option."}, "options": {"en": ["Option A243", "Option B243", "Option C243", "Option D243"]}, "answerIndex": 3}, {"id": "GE_0289", "section": "General Awareness", "topic": "Economy", "difficulty": "moderate", "text": {"en": "[General Awareness/Economy] Sample exam-style question #289: Choose the correct option."}, "options": {"en": ["Option A289", "Option B289", "Option C289", "Option D289"]}, "answerIndex": 1}, {"id": "MA_0204", "section": "Mathematics", "topic": "DI", "difficulty": "moderate", "text": {"en": "[Mathematics/DI] Sample exam-style question #204: Choose the correct option."}, "options": {"en": ["Option A204", "Option B204", "Option C204", "Option D204"]}, "answerIndex": 0}, {"id": "RE_0252", "section": "Reasoning", "topic": "Puzzle", "difficulty": "moderate", "text": {"en": "[Reasoning/Puzzle] Sample exam-style question #252: Choose the correct option."}, "options": {"en": ["Option A252", "Option B252", "Option C252", "Option D252"]}, "answerIndex": 0}, {"id": "RE_0259", "section": "Reasoning", "topic": "Analogy", "difficulty": "moderate", "text": {"en": "[Reasoning/Analogy] Sample exam-style question #259: Choose the correct option."}, "options": {"en": ["Option A259", "Option B259", "Option C259", "Option D259"]}, "answerIndex": 3}, {"id": "GE_0270", "section": "General Awareness", "topic": "Economy", "difficulty": "moderate", "text": {"en": "[General Awareness/Economy] Sample exam-style question #270: Choose the correct option."}, "options": {"en": ["Option A270", "Option B270", "Option C270", "Option D270"]}, "answerIndex": 2}, {"id": "RE_0258", "section": "Reasoning", "topic": "Analogy", "difficulty": "moderate", "text": {"en": "[Reasoning/Analogy] Sample exam-style question #258: Choose the correct option."}, "options": {"en": ["Option A258", "Option B258", "Option C258", "Option D258"]}, "answerIndex": 2}, {"id": "RE_0260", "section": "Reasoning", "topic": "Series", "difficulty": "moderate", "text": {"en": "[Reasoning/Series] Sample exam-style question #260: Choose the correct option."}, "options": {"en": ["Option A260", "Option B260", "Option C260", "Option D260"]}, "answerIndex": 0}, {"id": "GE_0293", "section": "General Awareness", "topic": "Current Affairs", "difficulty": "moderate", "text": {"en": "[General Awareness/Current Affairs] Sample exam-style question #293: Choose the correct option."}, "options": {"en": ["Option A293", "Option B293", "Option C293", "Option D293"]}, "answerIndex": 1}, {"id": "MA_0229", "section": "Mathematics", "topic": "Time&Work", "difficulty": "moderate", "text": {"en": "[Mathematics/Time&Work] Sample exam-style question #229: Choose the correct option."}, "options": {"en": ["Option A229", "Option B229", "Option C229", "Option D229"]}, "answerIndex": 1}, {"id": "RE_0247", "section": "Reasoning", "topic": "Coding", "difficulty": "moderate", "text": {"en": "[Reasoning/Coding] Sample exam-style question #247: Choose the correct option."}, "options": {"en": ["Option A247", "Option B247", "Option C247", "Option D247"]}, "answerIndex": 3}, {"id": "GE_0272", "section": "General Awareness", "topic": "Science", "difficulty": "moderate", "text": {"en": "[General Awareness/Science] Sample exam-style question #272: Choose the correct option."}, "options": {"en": ["Option A272", "Option B272", "Option C272", "Option D272"]}, "answerIndex": 0}, {"id": "GE_0264", "section": "General Awareness", "topic": "Geography", "difficulty": "moderate", "text": {"en": "[General Awareness/Geography] Sample exam-style question #264: Choose the correct option."}, "options": {"en": ["Option A264", "Option B264", "Option C264", "Option D264"]}, "answerIndex": 0}]}