{"testId": "005", "questions": [{"id": "RE_0458", "section": "Reasoning", "topic": "Syllogism", "difficulty": "moderate", "text": {"en": "[Reasoning/Syllogism] Sample exam-style question #458: Choose the correct option."}, "options": {"en": ["Option A458", "Option B458", "Option C458", "Option D458"]}, "answerIndex": 2}, {"id": "RE_0443", "section": "Reasoning", "topic": "Analogy", "difficulty": "moderate", "text": {"en": "[Reasoning/Analogy] Sample exam-style question #443: Choose the correct option."}, "options": {"en": ["Option A443", "Option B443", "Option C443", "Option D443"]}, "answerIndex": 3}, {"id": "MA_0417", "section": "Mathematics", "topic": "SI", "difficulty": "moderate", "text": {"en": "[Mathematics/SI] Sample exam-style question #417: Choose the correct option."}, "options": {"en": ["Option A417", "Option B417", "Option C417", "Option D417"]}, "answerIndex": 1}, {"id": "RE_0456", "section": "Reasoning", "topic": "Puzzle", "difficulty": "moderate", "text": {"en": "[Reasoning/Puzzle] Sample exam-style question #456: Choose the correct option."}, "options": {"en": ["Option A456", "Option B456", "Option C456", "Option D456"]}, "answerIndex": 0}, {"id": "GE_0500", "section": "General Awareness", "topic": "Geography", "difficulty": "moderate", "text": {"en": "[General Awareness/Geography] Sample exam-style question #500: Choose the correct option."}, "options": {"en": ["Option A500", "Option B500", "Option C500", "Option D500"]}, "answerIndex": 0}, {"id": "MA_0414", "section": "Mathematics", "topic": "Time&Work", "difficulty": "moderate", "text": {"en": "[Mathematics/Time&Work] Sample exam-style question #414: Choose the correct option."}, "options": {"en": ["Option A414", "Option B414", "Option C414", "Option D414"]}, "answerIndex": 2}, {"id": "GE_0477", "section": "General Awareness", "topic": "Polity", "difficulty": "moderate", "text": {"en": "[General Awareness/Polity] Sample exam-style question #477: Choose the correct option."}, "options": {"en": ["Option A477", "Option B477", "Option C477", "Option D477"]}, "answerIndex": 1}, {"id": "MA_0404", "section": "Mathematics", "topic": "CI", "difficulty": "moderate", "text": {"en": "[Mathematics/CI] Sample exam-style question #404: Choose the correct option."}, "options": {"en": ["Option A404", "Option B404", "Option C404", "Option D404"]}, "answerIndex": 0}, {"id": "GE_0470", "section": "General Awareness", "topic": "History", "difficulty": "moderate", "text": {"en": "[General Awareness/History] Sample exam-style question #470: Choose the correct option."}, "options": {"en": ["Option A470", "Option B470", "Option C470", "Option D470"]}, "answerIndex": 2}, {"id": "GE_0490", "section": "General Awareness", "topic": "Polity", "difficulty": "moderate", "text": {"en": "[General Awareness/Polity] Sample exam-style question #490: Choose the correct option."}, "options": {"en": ["Option A490", "Option B490", "Option C490", "Option D490"]}, "answerIndex": 2}, {"id": "GE_0472", "section": "General Awareness", "topic": "Economy", "difficulty": "moderate", "text": {"en": "[General Awareness/Economy] Sample exam-style question #472: Choose the correct option."}, "options": {"en": ["Option A472", "Option B472", "Option C472", "Option D472"]}, "answerIndex": 0}, {"id": "MA_0409", "section": "Mathematics", "topic": "CI", "difficulty": "moderate", "text": {"en": "[Mathematics/CI] Sample exam-style question #409: Choose the correct option."}, "options": {"en": ["Option A409", "Option B409", "Option C409", "Option D409"]}, "answerIndex": 1}, {"id": "GE_0473", "section": "General Awareness", "topic": "Science", "difficulty": "moderate", "text": {"en": "[General Awareness/Science] Sample exam-style question #473: Choose the correct option."}, "options": {"en": ["Option A473", "Option B473", "Option C473", "Option D473"]}, "answerIndex": 1}, {"id": "MA_0420", "section": "Mathematics", "topic": "Percentage", "difficulty": "moderate", "text": {"en": "[Mathematics/Percentage] Sample exam-style question #420: Choose the correct option."}, "options": {"en": ["Option A420", "Option B420", "Option C420", "Option D420"]}, "answerIndex": 0}, {"id": "RE_0445", "section": "Reasoning", "topic": "Coding", "difficulty": "moderate", "text": {"en": "[Reasoning/Coding] Sample exam-style question #445: Choose the correct option."}, "options": {"en": ["Option A445", "Option B445", "Option C445", "Option D445"]}, "answerIndex": 1}, {"id": "MA_0425", "section": "Mathematics", "topic": "CI", "difficulty": "moderate", "text": {"en": "[Mathematics/CI] Sample exam-style question #425: Choose the correct option."}, "options": {"en": ["Option A425", "Option B425", "Option C425", "Option D425"]}, "answerIndex": 1}, {"id": "RE_0441", "section": "Reasoning", "topic": "Series", "difficulty": "moderate", "text": {"en": "[Reasoning/Series] Sample exam-style question #441: Choose the correct option."}, "options": {"en": ["Option A441", "Option B441", "Option C441", "Option D441"]}, "answerIndex": 1}, {"id": "GE_0486", "section": "General Awareness", "topic": "Science", "difficulty": "moderate", "text": {"en": "[General Awareness/Science] Sample exam-style question #486: Choose the correct option."}, "options": {"en": ["Option A486", "Option B486", "Option C486", "Option D486"]}, "answerIndex": 2}, {"id": "MA_0421", "section": "Mathematics", "topic": "Ratio", "difficulty": "moderate", "text": {"en": "[Mathematics/Ratio] Sample exam-style question #421: Choose the correct option."}, "options": {"en": ["Option A421", "Option B421", "Option C421", "Option D421"]}, "answerIndex": 1}, {"id": "GE_0467", "section": "General Awareness", "topic": "History", "difficulty": "moderate", "text": {"en": "[General Awareness/History] Sample exam-style question #467: Choose the correct option."}, "options": {"en": ["Option A467", "Option B467", "Option C467", "Option D467"]}, "answerIndex": 3}, {"id": "GE_0481", "section": "General Awareness", "topic": "History", "difficulty": "moderate", "text": {"en": "[General Awareness/History] Sample exam-style question #481: Choose the correct option."}, "options": {"en": ["Option A481", "Option B481", "Option C481", "Option D481"]}, "answerIndex": 1}, {"id": "MA_0411", "section": "Mathematics", "topic": "Time&Work", "difficulty": "moderate", "text": {"en": "[Mathematics/Time&Work] Sample exam-style question #411: Choose the correct option."}, "options": {"en": ["Option A411", "Option B411", "Option C411", "Option D411"]}, "answerIndex": 3}, {"id": "RE_0454", "section": "Reasoning", "topic": "Analogy", "difficulty": "moderate", "text": {"en": "[Reasoning/Analogy] Sample exam-style question #454: Choose the correct option."}, "options": {"en": ["Option A454", "Option B454", "Option C454", "Option D454"]}, "answerIndex": 2}, {"id": "GE_0492", "section": "General Awareness", "topic": "Geography", "difficulty": "moderate", "text": {"en": "[General Awareness/Geography] Sample exam-style question #492: Choose the correct option."}, "options": {"en": ["Option A492", "Option B492", "Option C492", "Option D492"]}, "answerIndex": 0}, {"id": "MA_0428", "section": "Mathematics", "topic": "Speed", "difficulty": "moderate", "text": {"en": "[Mathematics/Speed] Sample exam-style question #428: Choose the correct option."}, "options": {"en": ["Option A428", "Option B428", "Option C428", "Option D428"]}, "answerIndex": 0}, {"id": "GE_0479", "section": "General Awareness", "topic": "Polity", "difficulty": "moderate", "text": {"en": "[General Awareness/Polity] Sample exam-style question #479: Choose the correct option."}, "options": {"en": ["Option A479", "Option B479", "Option C479", "Option D479"]}, "answerIndex": 3}, {"id": "GE_0478", "section": "General Awareness", "topic": "Polity", "difficulty": "moderate", "text": {"en": "[General Awareness/Polity] Sample exam-style question #478: Choose the correct option."}, "options": {"en": ["Option A478", "Option B478", "Option C478", "Option D478"]}, "answerIndex": 2}, {"id": "MA_0415", "section": "Mathematics", "topic": "Ratio", "difficulty": "moderate", "text": {"en": "[Mathematics/Ratio] Sample exam-style question #415: Choose the correct option."}, "options": {"en": ["Option A415", "Option B415", "Option C415", "Option D415"]}, "answerIndex": 3}, {"id": "GE_0483", "section": "General Awareness", "topic": "Polity", "difficulty": "moderate", "text": {"en": "[General Awareness/Polity] Sample exam-style question #483: Choose the correct option."}, "options": {"en": ["Option A483", "Option B483", "Option C483", "Option D483"]}, "answerIndex": 3}, {"id": "RE_0450", "section": "Reasoning", "topic": "Analogy", "difficulty": "moderate", "text": {"en": "[Reasoning/Analogy] Sample exam-style question #450: Choose the correct option."}, "options": {"en": ["Option A450", "Option B450", "Option C450", "Option D450"]}, "answerIndex": 2}, {"id": "RE_0432", "section": "Reasoning", "topic": "Puzzle", "difficulty": "moderate", "text": {"en": "[Reasoning/Puzzle] Sample exam-style question #432: Choose the correct option."}, "options": {"en": ["Option A432", "Option B432", "Option C432", "Option D432"]}, "answerIndex": 0}, {"id": "RE_0449", "section": "Reasoning", "topic": "Coding", "difficulty": "moderate", "text": {"en": "[Reasoning/Coding] Sample exam-style question #449: Choose the correct option."}, "options": {"en": ["Option A449", "Option B449", "Option C449", "Option D449"]}, "answerIndex": 1}, {"id": "GE_0468", "section": "General Awareness", "topic": "Current Affairs", "difficulty": "moderate", "text": {"en": "[General Awareness/Current Affairs] Sample exam-style question #468: Choose the correct option."}, "options": {"en": ["Option A468", "Option B468", "Option C468", "Option D468"]}, "answerIndex": 0}, {"id": "MA_0401", "section": "Mathematics", "topic": "Speed", "difficulty": "moderate", "text": {"en": "[Mathematics/Speed] Sample exam-style question #401: Choose the correct option."}, "options": {"en": ["Option A401", "Option B401", "Option C401", "Option D401"]}, "answerIndex": 1}, {"id": "GE_0495", "section": "General Awareness", "topic": "History", "difficulty": "moderate", "text": {"en": "[General Awareness/History] Sample exam-style question #495: Choose the correct option."}, "options": {"en": ["Option A495", "Option B495", "Option C495", "Option D495"]}, "answerIndex": 3}, {"id": "MA_0403", "section": "Mathematics", "topic": "SI", "difficulty": "moderate", "text": {"en": "[Mathematics/SI] Sample exam-style question #403: Choose the correct option."}, "options": {"en": ["Option A403", "Option B403", "Option C403", "Option D403"]}, "answerIndex": 3}, {"id": "MA_0410", "section": "Mathematics", "topic": "Time&Work", "difficulty": "moderate", "text": {"en": "[Mathematics/Time&Work] Sample exam-style question #410: Choose the correct option."}, "options": {"en": ["Option A410", "Option B410", "Option C410", "Option D410"]}, "answerIndex": 2}, {"id": "GE_0465", "section": "General Awareness", "topic": "Polity", "difficulty": "moderate", "text": {"en": "[General Awareness/Polity] Sample exam-style question #465: Choose the correct option."}, "options": {"en": ["Option A465", "Option B465", "Option C465", "Option D465"]}, "answerIndex": 1}, {"id": "RE_0457", "section": "Reasoning", "topic": "Direction", "difficulty": "moderate", "text": {"en": "[Reasoning/Direction] Sample exam-style question #457: Choose the correct option."}, "options": {"en": ["Option A457", "Option B457", "Option C457", "Option D457"]}, "answerIndex": 1}, {"id": "RE_0447", "section": "Reasoning", "topic": "Syllogism", "difficulty": "moderate", "text": {"en": "[Reasoning/Syllogism] Sample exam-style question #447: Choose the correct option."}, "options": {"en": ["Option A447", "Option B447", "Option C447", "Option D447"]}, "answerIndex": 3}, {"id": "GE_0476", "section": "General Awareness", "topic": "Science", "difficulty": "moderate", "text": {"en": "[General Awareness/Science] Sample exam-style question #476: Choose the correct option."}, "options": {"en": ["Option A476", "Option B476", "Option C476", "Option D476"]}, "answerIndex": 0}, {"id": "RE_0437", "section": "Reasoning", "topic": "Analogy", "difficulty": "moderate", "text": {"en": "[Reasoning/Analogy] Sample exam-style question #437: Choose the correct option."}, "options": {"en": ["Option A437", "Option B437", "Option C437", "Option D437"]}, "answerIndex": 1}, {"id": "GE_0491", "section": "General Awareness", "topic": "Geography", "difficulty": "moderate", "text": {"en": "[General Awareness/Geography] Sample exam-style question #491: Choose the correct option."}, "options": {"en": ["Option A491", "Option B491", "Option C491", "Option D491"]}, "answerIndex": 3}, {"id": "RE_0436", "section": "Reasoning", "topic": "Syllogism", "difficulty": "moderate", "text": {"en": "[Reasoning/Syllogism] Sample exam-style question #436: Choose the correct option."}, "options": {"en": ["Option A436", "Option B436", "Option C436", "Option D436"]}, "answerIndex": 0}, {"id": "GE_0499", "section": "General Awareness", "topic": "Polity", "difficulty": "moderate", "text": {"en": "[General Awareness/Polity] Sample exam-style question #499: Choose the correct option."}, "options": {"en": ["Option A499", "Option B499", "Option C499", "Option D499"]}, "answerIndex": 3}, {"id": "MA_0426", "section": "Mathematics", "topic": "DI", "difficulty": "moderate", "text": {"en": "[Mathematics/DI] Sample exam-style question #426: Choose the correct option."}, "options": {"en": ["Option A426", "Option B426", "Option C426", "Option D426"]}, "answerIndex": 2}, {"id": "GE_0464", "section": "General Awareness", "topic": "Polity", "difficulty": "moderate", "text": {"en": "[General Awareness/Polity] Sample exam-style question #464: Choose the correct option."}, "options": {"en": ["Option A464", "Option B464", "Option C464", "Option D464"]}, "answerIndex": 0}, {"id": "MA_0424", "section": "Mathematics", "topic": "Ratio", "difficulty": "moderate", "text": {"en": "[Mathematics/Ratio] Sample exam-style question #424: Choose the correct option."}, "options": {"en": ["Option A424", "Option B424", "Option C424", "Option D424"]}, "answerIndex": 0}, {"id": "MA_0402", "section": "Mathematics", "topic": "Speed", "difficulty": "moderate", "text": {"en": "[Mathematics/Speed] Sample exam-style question #402: Choose the correct option."}, "options": {"en": ["Option A402", "Option B402", "Option C402", "Option D402"]}, "answerIndex": 2}, {"id": "GE_0466", "section": "General Awareness", "topic": "Geography", "difficulty": "moderate", "text": {"en": "[General Awareness/Geography] Sample exam-style question #466: Choose the correct option."}, "options": {"en": ["Option A466", "Option B466", "Option C466", "Option D466"]}, "answerIndex": 2}, {"id": "RE_0459", "section": "Reasoning", "topic": "Series", "difficulty": "moderate", "text": {"en": "[Reasoning/Series] Sample exam-style question #459: Choose the correct option."}, "options": {"en": ["Option A459", "Option B459", "Option C459", "Option D459"]}, "answerIndex": 3}, {"id": "MA_0419", "section": "Mathematics", "topic": "SI", "difficulty": "moderate", "text": {"en": "[Mathematics/SI] Sample exam-style question #419: Choose the correct option."}, "options": {"en": ["Option A419", "Option B419", "Option C419", "Option D419"]}, "answerIndex": 3}, {"id": "GE_0497", "section": "General Awareness", "topic": "History", "difficulty": "moderate", "text": {"en": "[General Awareness/History] Sample exam-style question #497: Choose the correct option."}, "options": {"en": ["Option A497", "Option B497", "Option C497", "Option D497"]}, "answerIndex": 1}, {"id": "RE_0433", "section": "Reasoning", "topic": "Series", "difficulty": "moderate", "text": {"en": "[Reasoning/Series] Sample exam-style question #433: Choose the correct option."}, "options": {"en": ["Option A433", "Option B433", "Option C433", "Option D433"]}, "answerIndex": 1}, {"id": "MA_0422", "section": "Mathematics", "topic": "SI", "difficulty": "moderate", "text": {"en": "[Mathematics/SI] Sample exam-style question #422: Choose the correct option."}, "options": {"en": ["Option A422", "Option B422", "Option C422", "Option D422"]}, "answerIndex": 2}, {"id": "MA_0429", "section": "Mathematics", "topic": "SI", "difficulty": "moderate", "text": {"en": "[Mathematics/SI] Sample exam-style question #429: Choose the correct option."}, "options": {"en": ["Option A429", "Option B429", "Option C429", "Option D429"]}, "answerIndex": 1}, {"id": "GE_0487", "section": "General Awareness", "topic": "History", "difficulty": "moderate", "text": {"en": "[General Awareness/History] Sample exam-style question #487: Choose the correct option."}, "options": {"en": ["Option A487", "Option B487", "Option C487", "Option D487"]}, "answerIndex": 3}, {"id": "RE_0431", "section": "Reasoning", "topic": "Analogy", "difficulty": "moderate", "text": {"en": "[Reasoning/Analogy] Sample exam-style question #431: Choose the correct option."}, "options": {"en": ["Option A431", "Option B431", "Option C431", "Option D431"]}, "answerIndex": 3}, {"id": "GE_0480", "section": "General Awareness", "topic": "Current Affairs", "difficulty": "moderate", "text": {"en": "[General Awareness/Current Affairs] Sample exam-style question #480: Choose the correct option."}, "options": {"en": ["Option A480", "Option B480", "Option C480", "Option D480"]}, "answerIndex": 0}, {"id": "GE_0498", "section": "General Awareness", "topic": "Current Affairs", "difficulty": "moderate", "text": {"en": "[General Awareness/Current Affairs] Sample exam-style question #498: Choose the correct option."}, "options": {"en": ["Option A498", "Option B498", "Option C498", "Option D498"]}, "answerIndex": 2}, {"id": "MA_0418", "section": "Mathematics", "topic": "Ratio", "difficulty": "moderate", "text": {"en": "[Mathematics/Ratio] Sample exam-style question #418: Choose the correct option."}, "options": {"en": ["Option A418", "Option B418", "Option C418", "Option D418"]}, "answerIndex": 2}, {"id": "RE_0460", "section": "Reasoning", "topic": "Series", "difficulty": "moderate", "text": {"en": "[Reasoning/Series] Sample exam-style question #460: Choose the correct option."}, "options": {"en": ["Option A460", "Option B460", "Option C460", "Option D460"]}, "answerIndex": 0}, {"id": "RE_0455", "section": "Reasoning", "topic": "Syllogism", "difficulty": "moderate", "text": {"en": "[Reasoning/Syllogism] Sample exam-style question #455: Choose the correct option."}, "options": {"en": ["Option A455", "Option B455", "Option C455", "Option D455"]}, "answerIndex": 3}, {"id": "RE_0440", "section": "Reasoning", "topic": "Syllogism", "difficulty": "moderate", "text": {"en": "[Reasoning/Syllogism] Sample exam-style question #440: Choose the correct option."}, "options": {"en": ["Option A440", "Option B440", "Option C440", "Option D440"]}, "answerIndex": 0}, {"id": "RE_0435", "section": "Reasoning", "topic": "Puzzle", "difficulty": "moderate", "text": {"en": "[Reasoning/Puzzle] Sample exam-style question #435: Choose the correct option."}, "options": {"en": ["Option A435", "Option B435", "Option C435", "Option D435"]}, "answerIndex": 3}, {"id": "MA_0407", "section": "Mathematics", "topic": "Percentage", "difficulty": "moderate", "text": {"en": "[Mathematics/Percentage] Sample exam-style question #407: Choose the correct option."}, "options": {"en": ["Option A407", "Option B407", "Option C407", "Option D407"]}, "answerIndex": 3}, {"id": "GE_0493", "section": "General Awareness", "topic": "Polity", "difficulty": "moderate", "text": {"en": "[General Awareness/Polity] Sample exam-style question #493: Choose the correct option."}, "options": {"en": ["Option A493", "Option B493", "Option C493", "Option D493"]}, "answerIndex": 1}, {"id": "RE_0451", "section": "Reasoning", "topic": "Syllogism", "difficulty": "moderate", "text": {"en": "[Reasoning/Syllogism] Sample exam-style question #451: Choose the correct option."}, "options": {"en": ["Option A451", "Option B451", "Option C451", "Option D451"]}, "answerIndex": 3}, {"id": "GE_0484", "section": "General Awareness", "topic": "Geography", "difficulty": "moderate", "text": {"en": "[General Awareness/Geography] Sample exam-style question #484: Choose the correct option."}, "options": {"en": ["Option A484", "Option B484", "Option C484", "Option D484"]}, "answerIndex": 0}, {"id": "GE_0461", "section": "General Awareness", "topic": "Current Affairs", "difficulty": "moderate", "text": {"en": "[General Awareness/Current Affairs] Sample exam-style question #461: Choose the correct option."}, "options": {"en": ["Option A461", "Option B461", "Option C461", "Option D461"]}, "answerIndex": 1}, {"id": "GE_0488", "section": "General Awareness", "topic": "Economy", "difficulty": "moderate", "text": {"en": "[General Awareness/Economy] Sample exam-style question #488: Choose the correct option."}, "options": {"en": ["Option A488", "Option B488", "Option C488", "Option D488"]}, "answerIndex": 0}, {"id": "RE_0438", "section": "Reasoning", "topic": "Series", "difficulty": "moderate", "text": {"en": "[Reasoning/Series] Sample exam-style question #438: Choose the correct option."}, "options": {"en": ["Option A438", "Option B438", "Option C438", "Option D438"]}, "answerIndex": 2}, {"id": "MA_0412", "section": "Mathematics", "topic": "Percentage", "difficulty": "moderate", "text": {"en": "[Mathematics/Percentage] Sample exam-style question #412: Choose the correct option."}, "options": {"en": ["Option A412", "Option B412", "Option C412", "Option D412"]}, "answerIndex": 0}, {"id": "MA_0430", "section": "Mathematics", "topic": "Time&Work", "difficulty": "moderate", "text": {"en": "[Mathematics/Time&Work] Sample exam-style question #430: Choose the correct option."}, "options": {"en": ["Option A430", "Option B430", "Option C430", "Option D430"]}, "answerIndex": 2}, {"id": "RE_0434", "section": "Reasoning", "topic": "Analogy", "difficulty": "moderate", "text": {"en": "[Reasoning/Analogy] Sample exam-style question #434: Choose the correct option."}, "options": {"en": ["Option A434", "Option B434", "Option C434", "Option D434"]}, "answerIndex": 2}, {"id": "MA_0413", "section": "Mathematics", "topic": "Percentage", "difficulty": "moderate", "text": {"en": "[Mathematics/Percentage] Sample exam-style question #413: Choose the correct option."}, "options": {"en": ["Option A413", "Option B413", "Option C413", "Option D413"]}, "answerIndex": 1}, {"id": "GE_0489", "section": "General Awareness", "topic": "History", "difficulty": "moderate", "text": {"en": "[General Awareness/History] Sample exam-style question #489: Choose the correct option."}, "options": {"en": ["Option A489", "Option B489", "Option C489", "Option D489"]}, "answerIndex": 1}, {"id": "RE_0444", "section": "Reasoning", "topic": "Puzzle", "difficulty": "moderate", "text": {"en": "[Reasoning/Puzzle] Sample exam-style question #444: Choose the correct option."}, "options": {"en": ["Option A444", "Option B444", "Option C444", "Option D444"]}, "answerIndex": 0}, {"id": "MA_0408", "section": "Mathematics", "topic": "Percentage", "difficulty": "moderate", "text": {"en": "[Mathematics/Percentage] Sample exam-style question #408: Choose the correct option."}, "options": {"en": ["Option A408", "Option B408", "Option C408", "Option D408"]}, "answerIndex": 0}, {"id": "GE_0494", "section": "General Awareness", "topic": "Geography", "difficulty": "moderate", "text": {"en": "[General Awareness/Geography] Sample exam-style question #494: Choose the correct option."}, "options": {"en": ["Option A494", "Option B494", "Option C494", "Option D494"]}, "answerIndex": 2}, {"id": "MA_0406", "section": "Mathematics", "topic": "DI", "difficulty": "moderate", "text": {"en": "[Mathematics/DI] Sample exam-style question #406: Choose the correct option."}, "options": {"en": ["Option A406", "Option B406", "Option C406", "Option D406"]}, "answerIndex": 2}, {"id": "GE_0475", "section": "General Awareness", "topic": "Economy", "difficulty": "moderate", "text": {"en": "[General Awareness/Economy] Sample exam-style question #475: Choose the correct option."}, "options": {"en": ["Option A475", "Option B475", "Option C475", "Option D475"]}, "answerIndex": 3}, {"id": "MA_0405", "section": "Mathematics", "topic": "SI", "difficulty": "moderate", "text": {"en": "[Mathematics/SI] Sample exam-style question #405: Choose the correct option."}, "options": {"en": ["Option A405", "Option B405", "Option C405", "Option D405"]}, "answerIndex": 1}, {"id": "MA_0427", "section": "Mathematics", "topic": "Time&Work", "difficulty": "moderate", "text": {"en": "[Mathematics/Time&Work] Sample exam-style question #427: Choose the correct option."}, "options": {"en": ["Option A427", "Option B427", "Option C427", "Option D427"]}, "answerIndex": 3}, {"id": "RE_0448", "section": "Reasoning", "topic": "Puzzle", "difficulty": "moderate", "text": {"en": "[Reasoning/Puzzle] Sample exam-style question #448: Choose the correct option."}, "options": {"en": ["Option A448", "Option B448", "Option C448", "Option D448"]}, "answerIndex": 0}, {"id": "RE_0442", "section": "Reasoning", "topic": "Series", "difficulty": "moderate", "text": {"en": "[Reasoning/Series] Sample exam-style question #442: Choose the correct option."}, "options": {"en": ["Option A442", "Option B442", "Option C442", "Option D442"]}, "answerIndex": 2}, {"id": "GE_0496", "section": "General Awareness", "topic": "Current Affairs", "difficulty": "moderate", "text": {"en": "[General Awareness/Current Affairs] Sample exam-style question #496: Choose the correct option."}, "options": {"en": ["Option A496", "Option B496", "Option C496", "Option D496"]}, "answerIndex": 0}, {"id": "MA_0416", "section": "Mathematics", "topic": "Time&Work", "difficulty": "moderate", "text": {"en": "[Mathematics/Time&Work] Sample exam-style question #416: Choose the correct option."}, "options": {"en": ["Option A416", "Option B416", "Option C416", "Option D416"]}, "answerIndex": 0}, {"id": "GE_0463", "section": "General Awareness", "topic": "Geography", "difficulty": "moderate", "text": {"en": "[General Awareness/Geography] Sample exam-style question #463: Choose the correct option."}, "options": {"en": ["Option A463", "Option B463", "Option C463", "Option D463"]}, "answerIndex": 3}, {"id": "MA_0423", "section": "Mathematics", "topic": "SI", "difficulty": "moderate", "text": {"en": "[Mathematics/SI] Sample exam-style question #423: Choose the correct option."}, "options": {"en": ["Option A423", "Option B423", "Option C423", "Option D423"]}, "answerIndex": 3}, {"id": "GE_0485", "section": "General Awareness", "topic": "Science", "difficulty": "moderate", "text": {"en": "[General Awareness/Science] Sample exam-style question #485: Choose the correct option."}, "options": {"en": ["Option A485", "Option B485", "Option C485", "Option D485"]}, "answerIndex": 1}, {"id": "GE_0471", "section": "General Awareness", "topic": "Current Affairs", "difficulty": "moderate", "text": {"en": "[General Awareness/Current Affairs] Sample exam-style question #471: Choose the correct option."}, "options": {"en": ["Option A471", "Option B471", "Option C471", "Option D471"]}, "answerIndex": 3}, {"id": "RE_0446", "section": "Reasoning", "topic": "Syllogism", "difficulty": "moderate", "text": {"en": "[Reasoning/Syllogism] Sample exam-style question #446: Choose the correct option."}, "options": {"en": ["Option A446", "Option B446", "Option C446", "Option D446"]}, "answerIndex": 2}, {"id": "RE_0439", "section": "Reasoning", "topic": "Coding", "difficulty": "moderate", "text": {"en": "[Reasoning/Coding] Sample exam-style question #439: Choose the correct option."}, "options": {"en": ["Option A439", "Option B439", "Option C439", "Option D439"]}, "answerIndex": 3}, {"id": "GE_0482", "section": "General Awareness", "topic": "Science", "difficulty": "moderate", "text": {"en": "[General Awareness/Science] Sample exam-style question #482: Choose the correct option."}, "options": {"en": ["Option A482", "Option B482", "Option C482", "Option D482"]}, "answerIndex": 2}, {"id": "GE_0474", "section": "General Awareness", "topic": "Current Affairs", "difficulty": "moderate", "text": {"en": "[General Awareness/Current Affairs] Sample exam-style question #474: Choose the correct option."}, "options": {"en": ["Option A474", "Option B474", "Option C474", "Option D474"]}, "answerIndex": 2}, {"id": "RE_0453", "section": "Reasoning", "topic": "Analogy", "difficulty": "moderate", "text": {"en": "[Reasoning/Analogy] Sample exam-style question #453: Choose the correct option."}, "options": {"en": ["Option A453", "Option B453", "Option C453", "Option D453"]}, "answerIndex": 1}, {"id": "GE_0469", "section": "General Awareness", "topic": "Geography", "difficulty": "moderate", "text": {"en": "[General Awareness/Geography] Sample exam-style question #469: Choose the correct option."}, "options": {"en": ["Option A469", "Option B469", "Option C469", "Option D469"]}, "answerIndex": 1}, {"id": "RE_0452", "section": "Reasoning", "topic": "Coding", "difficulty": "moderate", "text": {"en": "[Reasoning/Coding] Sample exam-style question #452: Choose the correct option."}, "options": {"en": ["Option A452", "Option B452", "Option C452", "Option D452"]}, "answerIndex": 0}, {"id": "GE_0462", "section": "General Awareness", "topic": "Economy", "difficulty": "moderate", "text": {"en": "[General Awareness/Economy] Sample exam-style question #462: Choose the correct option."}, "options": {"en": ["Option A462", "Option B462", "Option C462", "Option D462"]}, "answerIndex": 2}]}