{"testId": "018", "questions": [{"id": "RE_1740", "section": "Reasoning", "topic": "Analogy", "difficulty": "moderate", "text": {"en": "[Reasoning/Analogy] Sample exam-style question #1740: Choose the correct option."}, "options": {"en": ["Option A1740", "Option B1740", "Option C1740", "Option D1740"]}, "answerIndex": 0}, {"id": "GE_1799", "section": "General Awareness", "topic": "Current Affairs", "difficulty": "moderate", "text": {"en": "[General Awareness/Current Affairs] Sample exam-style question #1799: Choose the correct option."}, "options": {"en": ["Option A1799", "Option B1799", "Option C1799", "Option D1799"]}, "answerIndex": 3}, {"id": "RE_1756", "section": "Reasoning", "topic": "Coding", "difficulty": "moderate", "text": {"en": "[Reasoning/Coding] Sample exam-style question #1756: Choose the correct option."}, "options": {"en": ["Option A1756", "Option B1756", "Option C1756", "Option D1756"]}, "answerIndex": 0}, {"id": "GE_1764", "section": "General Awareness", "topic": "Polity", "difficulty": "moderate", "text": {"en": "[General Awareness/Polity] Sample exam-style question #1764: Choose the correct option."}, "options": {"en": ["Option A1764", "Option B1764", "Option C1764", "Option D1764"]}, "answerIndex": 0}, {"id": "MA_1717", "section": "Mathematics", "topic": "Speed", "difficulty": "moderate", "text": {"en": "[Mathematics/Speed] Sample exam-style question #1717: Choose the correct option."}, "options": {"en": ["Option A1717", "Option B1717", "Option C1717", "Option D1717"]}, "answerIndex": 1}, {"id": "RE_1752", "section": "Reasoning", "topic": "Series", "difficulty": "moderate", "text": {"en": "[Reasoning/Series] Sample exam-style question #1752: Choose the correct option."}, "options": {"en": ["Option A1752", "Option B1752", "Option C1752", "Option D1752"]}, "answerIndex": 0}, {"id": "RE_1757", "section": "Reasoning", "topic": "Analogy", "difficulty": "moderate", "text": {"en": "[Reasoning/Analogy] Sample exam-style question #1757: Choose the correct option."}, "options": {"en": ["Option A1757", "Option B1757", "Option C1757", "Option D1757"]}, "answerIndex": 1}, {"id": "MA_1727", "section": "Mathematics", "topic": "Percentage", "difficulty": "moderate", "text": {"en": "[Mathematics/Percentage] Sample exam-style question #1727: Choose the correct option."}, "options": {"en": ["Option A1727", "Option B1727", "Option C1727", "Option D1727"]}, "answerIndex": 3}, {"id": "RE_1736", "section": "Reasoning", "topic": "Puzzle", "difficulty": "moderate", "text": {"en": "[Reasoning/Puzzle] Sample exam-style question #1736: Choose the correct option."}, "options": {"en": ["Option A1736", "Option B1736", "Option C1736", "Option D1736"]}, "answerIndex": 0}, {"id": "GE_1767", "section": "General Awareness", "topic": "History", "difficulty": "moderate", "text": {"en": "[General Awareness/History] Sample exam-style question #1767: Choose the correct option."}, "options": {"en": ["Option A1767", "Option B1767", "Option C1767", "Option D1767"]}, "answerIndex": 3}, {"id": "GE_1770", "section": "General Awareness", "topic": "Science", "difficulty": "moderate", "text": {"en": "[General Awareness/Science] Sample exam-style question #1770: Choose the correct option."}, "options": {"en": ["Option A1770", "Option B1770", "Option C1770", "Option D1770"]}, "answerIndex": 2}, {"id": "GE_1798", "section": "General Awareness", "topic": "Polity", "difficulty": "moderate", "text": {"en": "[General Awareness/Polity] Sample exam-style question #1798: Choose the correct option."}, "options": {"en": ["Option A1798", "Option B1798", "Option C1798", "Option D1798"]}, "answerIndex": 2}, {"id": "MA_1706", "section": "Mathematics", "topic": "CI", "difficulty": "moderate", "text": {"en": "[Mathematics/CI] Sample exam-style question #1706: Choose the correct option."}, "options": {"en": ["Option A1706", "Option B1706", "Option C1706", "Option D1706"]}, "answerIndex": 2}, {"id": "MA_1718", "section": "Mathematics", "topic": "SI", "difficulty": "moderate", "text": {"en": "[Mathematics/SI] Sample exam-style question #1718: Choose the correct option."}, "options": {"en": ["Option A1718", "Option B1718", "Option C1718", "Option D1718"]}, "answerIndex": 2}, {"id": "MA_1730", "section": "Mathematics", "topic": "Speed", "difficulty": "moderate", "text": {"en": "[Mathematics/Speed] Sample exam-style question #1730: Choose the correct option."}, "options": {"en": ["Option A1730", "Option B1730", "Option C1730", "Option D1730"]}, "answerIndex": 2}, {"id": "GE_1788", "section": "General Awareness", "topic": "History", "difficulty": "moderate", "text": {"en": "[General Awareness/History] Sample exam-style question #1788: Choose the correct option."}, "options": {"en": ["Option A1788", "Option B1788", "Option C1788", "Option D1788"]}, "answerIndex": 0}, {"id": "RE_1735", "section": "Reasoning", "topic": "Series", "difficulty": "moderate", "text": {"en": "[Reasoning/Series] Sample exam-style question #1735: Choose the correct option."}, "options": {"en": ["Option A1735", "Option B1735", "Option C1735", "Option D1735"]}, "answerIndex": 3}, {"id": "GE_1771", "section": "General Awareness", "topic": "Science", "difficulty": "moderate", "text": {"en": "[General Awareness/Science] Sample exam-style question #1771: Choose the correct option."}, "options": {"en": ["Option A1771", "Option B1771", "Option C1771", "Option D1771"]}, "answerIndex": 3}, {"id": "GE_1766", "section": "General Awareness", "topic": "Science", "difficulty": "moderate", "text": {"en": "[General Awareness/Science] Sample exam-style question #1766: Choose the correct option."}, "options": {"en": ["Option A1766", "Option B1766", "Option C1766", "Option D1766"]}, "answerIndex": 2}, {"id": "RE_1737", "section": "Reasoning", "topic": "Puzzle", "difficulty": "moderate", "text": {"en": "[Reasoning/Puzzle] Sample exam-style question #1737: Choose the correct option."}, "options": {"en": ["Option A1737", "Option B1737", "Option C1737", "Option D1737"]}, "answerIndex": 1}, {"id": "GE_1784", "section": "General Awareness", "topic": "Geography", "difficulty": "moderate", "text": {"en": "[General Awareness/Geography] Sample exam-style question #1784: Choose the correct option."}, "options": {"en": ["Option A1784", "Option B1784", "Option C1784", "Option D1784"]}, "answerIndex": 0}, {"id": "MA_1704", "section": "Mathematics", "topic": "CI", "difficulty": "moderate", "text": {"en": "[Mathematics/CI] Sample exam-style question #1704: Choose the correct option."}, "options": {"en": ["Option A1704", "Option B1704", "Option C1704", "Option D1704"]}, "answerIndex": 0}, {"id": "GE_1786", "section": "General Awareness", "topic": "Geography", "difficulty": "moderate", "text": {"en": "[General Awareness/Geography] Sample exam-style question #1786: Choose the correct option."}, "options": {"en": ["Option A1786", "Option B1786", "Option C1786", "Option D1786"]}, "answerIndex": 2}, {"id": "MA_1725", "section": "Mathematics", "topic": "DI", "difficulty": "moderate", "text": {"en": "[Mathematics/DI] Sample exam-style question #1725: Choose the correct option."}, "options": {"en": ["Option A1725", "Option B1725", "Option C1725", "Option D1725"]}, "answerIndex": 1}, {"id": "GE_1790", "section": "General Awareness", "topic": "Science", "difficulty": "moderate", "text": {"en": "[General Awareness/Science] Sample exam-style question #1790: Choose the correct option."}, "options": {"en": ["Option A1790", "Option B1790", "Option C1790", "Option D1790"]}, "answerIndex": 2}, {"id": "RE_1760", "section": "Reasoning", "topic": "Series", "difficulty": "moderate", "text": {"en": "[Reasoning/Series] Sample exam-style question #1760: Choose the correct option."}, "options": {"en": ["Option A1760", "Option B1760", "Option C1760", "Option D1760"]}, "answerIndex": 0}, {"id": "MA_1721", "section": "Mathematics", "topic": "Speed", "difficulty": "moderate", "text": {"en": "[Mathematics/Speed] Sample exam-style question #1721: Choose the correct option."}, "options": {"en": ["Option A1721", "Option B1721", "Option C1721", "Option D1721"]}, "answerIndex": 1}, {"id": "RE_1749", "section": "Reasoning", "topic": "Puzzle", "difficulty": "moderate", "text": {"en": "[Reasoning/Puzzle] Sample exam-style question #1749: Choose the correct option."}, "options": {"en": ["Option A1749", "Option B1749", "Option C1749", "Option D1749"]}, "answerIndex": 1}, {"id": "RE_1748", "section": "Reasoning", "topic": "Syllogism", "difficulty": "moderate", "text": {"en": "[Reasoning/Syllogism] Sample exam-style question #1748: Choose the correct option."}, "options": {"en": ["Option A1748", "Option B1748", "Option C1748", "Option D1748"]}, "answerIndex": 0}, {"id": "GE_1797", "section": "General Awareness", "topic": "Polity", "difficulty": "moderate", "text": {"en": "[General Awareness/Polity] Sample exam-style question #1797: Choose the correct option."}, "options": {"en": ["Option A1797", "Option B1797", "Option C1797", "Option D1797"]}, "answerIndex": 1}, {"id": "RE_1739", "section": "Reasoning", "topic": "Syllogism", "difficulty": "moderate", "text": {"en": "[Reasoning/Syllogism] Sample exam-style question #1739: Choose the correct option."}, "options": {"en": ["Option A1739", "Option B1739", "Option C1739", "Option D1739"]}, "answerIndex": 3}, {"id": "GE_1782", "section": "General Awareness", "topic": "Geography", "difficulty": "moderate", "text": {"en": "[General Awareness/Geography] Sample exam-style question #1782: Choose the correct option."}, "options": {"en": ["Option A1782", "Option B1782", "Option C1782", "Option D1782"]}, "answerIndex": 2}, {"id": "RE_1731", "section": "Reasoning", "topic": "Analogy", "difficulty": "moderate", "text": {"en": "[Reasoning/Analogy] Sample exam-style question #1731: Choose the correct option."}, "options": {"en": ["Option A1731", "Option B1731", "Option C1731", "Option D1731"]}, "answerIndex": 3}, {"id": "RE_1746", "section": "Reasoning", "topic": "Analogy", "difficulty": "moderate", "text": {"en": "[Reasoning/Analogy] Sample exam-style question #1746: Choose the correct option."}, "options": {"en": ["Option A1746", "Option B1746", "Option C1746", "Option D1746"]}, "answerIndex": 2}, {"id": "GE_1762", "section": "General Awareness", "topic": "Science", "difficulty": "moderate", "text": {"en": "[General Awareness/Science] Sample exam-style question #1762: Choose the correct option."}, "options": {"en": ["Option A1762", "Option B1762", "Option C1762", "Option D1762"]}, "answerIndex": 2}, {"id": "GE_1777", "section": "General Awareness", "topic": "Current Affairs", "difficulty": "moderate", "text": {"en": "[General Awareness/Current Affairs] Sample exam-style question #1777: Choose the correct option."}, "options": {"en": ["Option A1777", "Option B1777", "Option C1777", "Option D1777"]}, "answerIndex": 1}, {"id": "RE_1732", "section": "Reasoning", "topic": "Syllogism", "difficulty": "moderate", "text": {"en": "[Reasoning/Syllogism] Sample exam-style question #1732: Choose the correct option."}, "options": {"en": ["Option A1732", "Option B1732", "Option C1732", "Option D1732"]}, "answerIndex": 0}, {"id": "RE_1743", "section": "Reasoning", "topic": "Syllogism", "difficulty": "moderate", "text": {"en": "[Reasoning/Syllogism] Sample exam-style question #1743: Choose the correct option."}, "options": {"en": ["Option A1743", "Option B1743", "Option C1743", "Option D1743"]}, "answerIndex": 3}, {"id": "MA_1716", "section": "Mathematics", "topic": "SI", "difficulty": "moderate", "text": {"en": "[Mathematics/SI] Sample exam-style question #1716: Choose the correct option."}, "options": {"en": ["Option A1716", "Option B1716", "Option C1716", "Option D1716"]}, "answerIndex": 0}, {"id": "GE_1793", "section": "General Awareness", "topic": "Polity", "difficulty": "moderate", "text": {"en": "[General Awareness/Polity] Sample exam-style question #1793: Choose the correct option."}, "options": {"en": ["Option A1793", "Option B1793", "Option C1793", "Option D1793"]}, "answerIndex": 1}, {"id": "MA_1709", "section": "Mathematics", "topic": "CI", "difficulty": "moderate", "text": {"en": "[Mathematics/CI] Sample exam-style question #1709: Choose the correct option."}, "options": {"en": ["Option A1709", "Option B1709", "Option C1709", "Option D1709"]}, "answerIndex": 1}, {"id": "GE_1765", "section": "General Awareness", "topic": "Geography", "difficulty": "moderate", "text": {"en": "[General Awareness/Geography] Sample exam-style question #1765: Choose the correct option."}, "options": {"en": ["Option A1765", "Option B1765", "Option C1765", "Option D1765"]}, "answerIndex": 1}, {"id": "RE_1745", "section": "Reasoning", "topic": "Direction", "difficulty": "moderate", "text": {"en": "[Reasoning/Direction] Sample exam-style question #1745: Choose the correct option."}, "options": {"en": ["Option A1745", "Option B1745", "Option C1745", "Option D1745"]}, "answerIndex": 1}, {"id": "GE_1772", "section": "General Awareness", "topic": "Current Affairs", "difficulty": "moderate", "text": {"en": "[General Awareness/Current Affairs] Sample exam-style question #1772: Choose the correct option."}, "options": {"en": ["Option A1772", "Option B1772", "Option C1772", "Option D1772"]}, "answerIndex": 0}, {"id": "MA_1711", "section": "Mathematics", "topic": "CI", "difficulty": "moderate", "text": {"en": "[Mathematics/CI] Sample exam-style question #1711: Choose the correct option."}, "options": {"en": ["Option A1711", "Option B1711", "Option C1711", "Option D1711"]}, "answerIndex": 3}, {"id": "GE_1773", "section": "General Awareness", "topic": "Current Affairs", "difficulty": "moderate", "text": {"en": "[General Awareness/Current Affairs] Sample exam-style question #1773: Choose the correct option."}, "options": {"en": ["Option A1773", "Option B1773", "Option C1773", "Option D1773"]}, "answerIndex": 1}, {"id": "RE_1734", "section": "Reasoning", "topic": "Puzzle", "difficulty": "moderate", "text": {"en": "[Reasoning/Puzzle] Sample exam-style question #1734: Choose the correct option."}, "options": {"en": ["Option A1734", "Option B1734", "Option C1734", "Option D1734"]}, "answerIndex": 2}, {"id": "MA_1705", "section": "Mathematics", "topic": "Ratio", "difficulty": "moderate", "text": {"en": "[Mathematics/Ratio] Sample exam-style question #1705: Choose the correct option."}, "options": {"en": ["Option A1705", "Option B1705", "Option C1705", "Option D1705"]}, "answerIndex": 1}, {"id": "MA_1701", "section": "Mathematics", "topic": "DI", "difficulty": "moderate", "text": {"en": "[Mathematics/DI] Sample exam-style question #1701: Choose the correct option."}, "options": {"en": ["Option A1701", "Option B1701", "Option C1701", "Option D1701"]}, "answerIndex": 1}, {"id": "GE_1796", "section": "General Awareness", "topic": "Current Affairs", "difficulty": "moderate", "text": {"en": "[General Awareness/Current Affairs] Sample exam-style question #1796: Choose the correct option."}, "options": {"en": ["Option A1796", "Option B1796", "Option C1796", "Option D1796"]}, "answerIndex": 0}, {"id": "RE_1744", "section": "Reasoning", "topic": "Analogy", "difficulty": "moderate", "text": {"en": "[Reasoning/Analogy] Sample exam-style question #1744: Choose the correct option."}, "options": {"en": ["Option A1744", "Option B1744", "Option C1744", "Option D1744"]}, "answerIndex": 0}, {"id": "GE_1795", "section": "General Awareness", "topic": "Current Affairs", "difficulty": "moderate", "text": {"en": "[General Awareness/Current Affairs] Sample exam-style question #1795: Choose the correct option."}, "options": {"en": ["Option A1795", "Option B1795", "Option C1795", "Option D1795"]}, "answerIndex": 3}, {"id": "RE_1738", "section": "Reasoning", "topic": "Puzzle", "difficulty": "moderate", "text": {"en": "[Reasoning/Puzzle] Sample exam-style question #1738: Choose the correct option."}, "options": {"en": ["Option A1738", "Option B1738", "Option C1738", "Option D1738"]}, "answerIndex": 2}, {"id": "MA_1712", "section": "Mathematics", "topic": "Speed", "difficulty": "moderate", "text": {"en": "[Mathematics/Speed] Sample exam-style question #1712: Choose the correct option."}, "options": {"en": ["Option A1712", "Option B1712", "Option C1712", "Option D1712"]}, "answerIndex": 0}, {"id": "GE_1778", "section": "General Awareness", "topic": "Current Affairs", "difficulty": "moderate", "text": {"en": "[General Awareness/Current Affairs] Sample exam-style question #1778: Choose the correct option."}, "options": {"en": ["Option A1778", "Option B1778", "Option C1778", "Option D1778"]}, "answerIndex": 2}, {"id": "GE_1761", "section": "General Awareness", "topic": "Geography", "difficulty": "moderate", "text": {"en": "[General Awareness/Geography] Sample exam-style question #1761: Choose the correct option."}, "options": {"en": ["Option A1761", "Option B1761", "Option C1761", "Option D1761"]}, "answerIndex": 1}, {"id": "MA_1708", "section": "Mathematics", "topic": "DI", "difficulty": "moderate", "text": {"en": "[Mathematics/DI] Sample exam-style question #1708: Choose the correct option."}, "options": {"en": ["Option A1708", "Option B1708", "Option C1708", "Option D1708"]}, "answerIndex": 0}, {"id": "MA_1722", "section": "Mathematics", "topic": "CI", "difficulty": "moderate", "text": {"en": "[Mathematics/CI] Sample exam-style question #1722: Choose the correct option."}, "options": {"en": ["Option A1722", "Option B1722", "Option C1722", "Option D1722"]}, "answerIndex": 2}, {"id": "MA_1703", "section": "Mathematics", "topic": "CI", "difficulty": "moderate", "text": {"en": "[Mathematics/CI] Sample exam-style question #1703: Choose the correct option."}, "options": {"en": ["Option A1703", "Option B1703", "Option C1703", "Option D1703"]}, "answerIndex": 3}, {"id": "RE_1758", "section": "Reasoning", "topic": "Direction", "difficulty": "moderate", "text": {"en": "[Reasoning/Direction] Sample exam-style question #1758: Choose the correct option."}, "options": {"en": ["Option A1758", "Option B1758", "Option C1758", "Option D1758"]}, "answerIndex": 2}, {"id": "MA_1710", "section": "Mathematics", "topic": "CI", "difficulty": "moderate", "text": {"en": "[Mathematics/CI] Sample exam-style question #1710: Choose the correct option."}, "options": {"en": ["Option A1710", "Option B1710", "Option C1710", "Option D1710"]}, "answerIndex": 2}, {"id": "RE_1759", "section": "Reasoning", "topic": "Coding", "difficulty": "moderate", "text": {"en": "[Reasoning/Coding] Sample exam-style question #1759: Choose the correct option."}, "options": {"en": ["Option A1759", "Option B1759", "Option C1759", "Option D1759"]}, "answerIndex": 3}, {"id": "RE_1754", "section": "Reasoning", "topic": "Puzzle", "difficulty": "moderate", "text": {"en": "[Reasoning/Puzzle] Sample exam-style question #1754: Choose the correct option."}, "options": {"en": ["Option A1754", "Option B1754", "Option C1754", "Option D1754"]}, "answerIndex": 2}, {"id": "GE_1774", "section": "General Awareness", "topic": "Science", "difficulty": "moderate", "text": {"en": "[General Awareness/Science] Sample exam-style question #1774: Choose the correct option."}, "options": {"en": ["Option A1774", "Option B1774", "Option C1774", "Option D1774"]}, "answerIndex": 2}, {"id": "MA_1702", "section": "Mathematics", "topic": "Ratio", "difficulty": "moderate", "text": {"en": "[Mathematics/Ratio] Sample exam-style question #1702: Choose the correct option."}, "options": {"en": ["Option A1702", "Option B1702", "Option C1702", "Option D1702"]}, "answerIndex": 2}, {"id": "RE_1733", "section": "Reasoning", "topic": "Coding", "difficulty": "moderate", "text": {"en": "[Reasoning/Coding] Sample exam-style question #1733: Choose the correct option."}, "options": {"en": ["Option A1733", "Option B1733", "Option C1733", "Option D1733"]}, "answerIndex": 1}, {"id": "GE_1789", "section": "General Awareness", "topic": "History", "difficulty": "moderate", "text": {"en": "[General Awareness/History] Sample exam-style question #1789: Choose the correct option."}, "options": {"en": ["Option A1789", "Option B1789", "Option C1789", "Option D1789"]}, "answerIndex": 1}, {"id": "GE_1763", "section": "General Awareness", "topic": "Geography", "difficulty": "moderate", "text": {"en": "[General Awareness/Geography] Sample exam-style question #1763: Choose the correct option."}, "options": {"en": ["Option A1763", "Option B1763", "Option C1763", "Option D1763"]}, "answerIndex": 3}, {"id": "RE_1742", "section": "Reasoning", "topic": "Direction", "difficulty": "moderate", "text": {"en": "[Reasoning/Direction] Sample exam-style question #1742: Choose the correct option."}, "options": {"en": ["Option A1742", "Option B1742", "Option C1742", "Option D1742"]}, "answerIndex": 2}, {"id": "GE_1792", "section": "General Awareness", "topic": "Economy", "difficulty": "moderate", "text": {"en": "[General Awareness/Economy] Sample exam-style question #1792: Choose the correct option."}, "options": {"en": ["Option A1792", "Option B1792", "Option C1792", "Option D1792"]}, "answerIndex": 0}, {"id": "GE_1779", "section": "General Awareness", "topic": "Geography", "difficulty": "moderate", "text": {"en": "[General Awareness/Geography] Sample exam-style question #1779: Choose the correct option."}, "options": {"en": ["Option A1779", "Option B1779", "Option C1779", "Option D1779"]}, "answerIndex": 3}, {"id": "MA_1726", "section": "Mathematics", "topic": "Percentage", "difficulty": "moderate", "text": {"en": "[Mathematics/Percentage] Sample exam-style question #1726: Choose the correct option."}, "options": {"en": ["Option A1726", "Option B1726", "Option C1726", "Option D1726"]}, "answerIndex": 2}, {"id": "MA_1714", "section": "Mathematics", "topic": "SI", "difficulty": "moderate", "text": {"en": "[Mathematics/SI] Sample exam-style question #1714: Choose the correct option."}, "options": {"en": ["Option A1714", "Option B1714", "Option C1714", "Option D1714"]}, "answerIndex": 2}, {"id": "RE_1747", "section": "Reasoning", "topic": "Series", "difficulty": "moderate", "text": {"en": "[Reasoning/Series] Sample exam-style question #1747: Choose the correct option."}, "options": {"en": ["Option A1747", "Option B1747", "Option C1747", "Option D1747"]}, "answerIndex": 3}, {"id": "GE_1780", "section": "General Awareness", "topic": "Polity", "difficulty": "moderate", "text": {"en": "[General Awareness/Polity] Sample exam-style question #1780: Choose the correct option."}, "options": {"en": ["Option A1780", "Option B1780", "Option C1780", "Option D1780"]}, "answerIndex": 0}, {"id": "MA_1720", "section": "Mathematics", "topic": "Ratio", "difficulty": "moderate", "text": {"en": "[Mathematics/Ratio] Sample exam-style question #1720: Choose the correct option."}, "options": {"en": ["Option A1720", "Option B1720", "Option C1720", "Option D1720"]}, "answerIndex": 0}, {"id": "RE_1755", "section": "Reasoning", "topic": "Coding", "difficulty": "moderate", "text": {"en": "[Reasoning/Coding] Sample exam-style question #1755: Choose the correct option."}, "options": {"en": ["Option A1755", "Option B1755", "Option C1755", "Option D1755"]}, "answerIndex": 3}, {"id": "GE_1781", "section": "General Awareness", "topic": "History", "difficulty": "moderate", "text": {"en": "[General Awareness/History] Sample exam-style question #1781: Choose the correct option."}, "options": {"en": ["Option A1781", "Option B1781", "Option C1781", "Option D1781"]}, "answerIndex": 1}, {"id": "MA_1707", "section": "Mathematics", "topic": "SI", "difficulty": "moderate", "text": {"en": "[Mathematics/SI] Sample exam-style question #1707: Choose the correct option."}, "options": {"en": ["Option A1707", "Option B1707", "Option C1707", "Option D1707"]}, "answerIndex": 3}, {"id": "GE_1785", "section": "General Awareness", "topic": "Geography", "difficulty": "moderate", "text": {"en": "[General Awareness/Geography] Sample exam-style question #1785: Choose the correct option."}, "options": {"en": ["Option A1785", "Option B1785", "Option C1785", "Option D1785"]}, "answerIndex": 1}, {"id": "GE_1775", "section": "General Awareness", "topic": "Polity", "difficulty": "moderate", "text": {"en": "[General Awareness/Polity] Sample exam-style question #1775: Choose the correct option."}, "options": {"en": ["Option A1775", "Option B1775", "Option C1775", "Option D1775"]}, "answerIndex": 3}, {"id": "MA_1719", "section": "Mathematics", "topic": "SI", "difficulty": "moderate", "text": {"en": "[Mathematics/SI] Sample exam-style question #1719: Choose the correct option."}, "options": {"en": ["Option A1719", "Option B1719", "Option C1719", "Option D1719"]}, "answerIndex": 3}, {"id": "MA_1723", "section": "Mathematics", "topic": "Percentage", "difficulty": "moderate", "text": {"en": "[Mathematics/Percentage] Sample exam-style question #1723: Choose the correct option."}, "options": {"en": ["Option A1723", "Option B1723", "Option C1723", "Option D1723"]}, "answerIndex": 3}, {"id": "GE_1769", "section": "General Awareness", "topic": "Science", "difficulty": "moderate", "text": {"en": "[General Awareness/Science] Sample exam-style question #1769: Choose the correct option."}, "options": {"en": ["Option A1769", "Option B1769", "Option C1769", "Option D1769"]}, "answerIndex": 1}, {"id": "RE_1750", "section": "Reasoning", "topic": "Syllogism", "difficulty": "moderate", "text": {"en": "[Reasoning/Syllogism] Sample exam-style question #1750: Choose the correct option."}, "options": {"en": ["Option A1750", "Option B1750", "Option C1750", "Option D1750"]}, "answerIndex": 2}, {"id": "MA_1715", "section": "Mathematics", "topic": "CI", "difficulty": "moderate", "text": {"en": "[Mathematics/CI] Sample exam-style question #1715: Choose the correct option."}, "options": {"en": ["Option A1715", "Option B1715", "Option C1715", "Option D1715"]}, "answerIndex": 3}, {"id": "MA_1728", "section": "Mathematics", "topic": "CI", "difficulty": "moderate", "text": {"en": "[Mathematics/CI] Sample exam-style question #1728: Choose the correct option."}, "options": {"en": ["Option A1728", "Option B1728", "Option C1728", "Option D1728"]}, "answerIndex": 0}, {"id": "RE_1753", "section": "Reasoning", "topic": "Puzzle", "difficulty": "moderate", "text": {"en": "[Reasoning/Puzzle] Sample exam-style question #1753: Choose the correct option."}, "options": {"en": ["Option A1753", "Option B1753", "Option C1753", "Option D1753"]}, "answerIndex": 1}, {"id": "GE_1768", "section": "General Awareness", "topic": "Economy", "difficulty": "moderate", "text": {"en": "[General Awareness/Economy] Sample exam-style question #1768: Choose the correct option."}, "options": {"en": ["Option A1768", "Option B1768", "Option C1768", "Option D1768"]}, "answerIndex": 0}, {"id": "MA_1724", "section": "Mathematics", "topic": "Percentage", "difficulty": "moderate", "text": {"en": "[Mathematics/Percentage] Sample exam-style question #1724: Choose the correct option."}, "options": {"en": ["Option A1724", "Option B1724", "Option C1724", "Option D1724"]}, "answerIndex": 0}, {"id": "GE_1794", "section": "General Awareness", "topic": "History", "difficulty": "moderate", "text": {"en": "[General Awareness/History] Sample exam-style question #1794: Choose the correct option."}, "options": {"en": ["Option A1794", "Option B1794", "Option C1794", "Option D1794"]}, "answerIndex": 2}, {"id": "RE_1741", "section": "Reasoning", "topic": "Series", "difficulty": "moderate", "text": {"en": "[Reasoning/Series] Sample exam-style question #1741: Choose the correct option."}, "options": {"en": ["Option A1741", "Option B1741", "Option C1741", "Option D1741"]}, "answerIndex": 1}, {"id": "GE_1776", "section": "General Awareness", "topic": "Science", "difficulty": "moderate", "text": {"en": "[General Awareness/Science] Sample exam-style question #1776: Choose the correct option."}, "options": {"en": ["Option A1776", "Option B1776", "Option C1776", "Option D1776"]}, "answerIndex": 0}, {"id": "MA_1729", "section": "Mathematics", "topic": "Percentage", "difficulty": "moderate", "text": {"en": "[Mathematics/Percentage] Sample exam-style question #1729: Choose the correct option."}, "options": {"en": ["Option A1729", "Option B1729", "Option C1729", "Option D1729"]}, "answerIndex": 1}, {"id": "GE_1787", "section": "General Awareness", "topic": "Polity", "difficulty": "moderate", "text": {"en": "[General Awareness/Polity] Sample exam-style question #1787: Choose the correct option."}, "options": {"en": ["Option A1787", "Option B1787", "Option C1787", "Option D1787"]}, "answerIndex": 3}, {"id": "MA_1713", "section": "Mathematics", "topic": "Percentage", "difficulty": "moderate", "text": {"en": "[Mathematics/Percentage] Sample exam-style question #1713: Choose the correct option."}, "options": {"en": ["Option A1713", "Option B1713", "Option C1713", "Option D1713"]}, "answerIndex": 1}, {"id": "GE_1791", "section": "General Awareness", "topic": "Current Affairs", "difficulty": "moderate", "text": {"en": "[General Awareness/Current Affairs] Sample exam-style question #1791: Choose the correct option."}, "options": {"en": ["Option A1791", "Option B1791", "Option C1791", "Option D1791"]}, "answerIndex": 3}, {"id": "GE_1800", "section": "General Awareness", "topic": "Science", "difficulty": "moderate", "text": {"en": "[General Awareness/Science] Sample exam-style question #1800: Choose the correct option."}, "options": {"en": ["Option A1800", "Option B1800", "Option C1800", "Option D1800"]}, "answerIndex": 0}, {"id": "GE_1783", "section": "General Awareness", "topic": "Current Affairs", "difficulty": "moderate", "text": {"en": "[General Awareness/Current Affairs] Sample exam-style question #1783: Choose the correct option."}, "options": {"en": ["Option A1783", "Option B1783", "Option C1783", "Option D1783"]}, "answerIndex": 3}, {"id": "RE_1751", "section": "Reasoning", "topic": "Syllogism", "difficulty": "moderate", "text": {"en": "[Reasoning/Syllogism] Sample exam-style question #1751: Choose the correct option."}, "options": {"en": ["Option A1751", "Option B1751", "Option C1751", "Option D1751"]}, "answerIndex": 3}]}