{"testId": "040", "questions": [{"id": "GE_3992", "section": "General Awareness", "topic": "Economy", "difficulty": "moderate", "text": {"en": "[General Awareness/Economy] Sample exam-style question #3992: Choose the correct option."}, "options": {"en": ["Option A3992", "Option B3992", "Option C3992", "Option D3992"]}, "answerIndex": 0}, {"id": "RE_3952", "section": "Reasoning", "topic": "Analogy", "difficulty": "moderate", "text": {"en": "[Reasoning/Analogy] Sample exam-style question #3952: Choose the correct option."}, "options": {"en": ["Option A3952", "Option B3952", "Option C3952", "Option D3952"]}, "answerIndex": 0}, {"id": "MA_3920", "section": "Mathematics", "topic": "DI", "difficulty": "moderate", "text": {"en": "[Mathematics/DI] Sample exam-style question #3920: Choose the correct option."}, "options": {"en": ["Option A3920", "Option B3920", "Option C3920", "Option D3920"]}, "answerIndex": 0}, {"id": "RE_3954", "section": "Reasoning", "topic": "Coding", "difficulty": "moderate", "text": {"en": "[Reasoning/Coding] Sample exam-style question #3954: Choose the correct option."}, "options": {"en": ["Option A3954", "Option B3954", "Option C3954", "Option D3954"]}, "answerIndex": 2}, {"id": "RE_3944", "section": "Reasoning", "topic": "Series", "difficulty": "moderate", "text": {"en": "[Reasoning/Series] Sample exam-style question #3944: Choose the correct option."}, "options": {"en": ["Option A3944", "Option B3944", "Option C3944", "Option D3944"]}, "answerIndex": 0}, {"id": "GE_3961", "section": "General Awareness", "topic": "Geography", "difficulty": "moderate", "text": {"en": "[General Awareness/Geography] Sample exam-style question #3961: Choose the correct option."}, "options": {"en": ["Option A3961", "Option B3961", "Option C3961", "Option D3961"]}, "answerIndex": 1}, {"id": "RE_3942", "section": "Reasoning", "topic": "Coding", "difficulty": "moderate", "text": {"en": "[Reasoning/Coding] Sample exam-style question #3942: Choose the correct option."}, "options": {"en": ["Option A3942", "Option B3942", "Option C3942", "Option D3942"]}, "answerIndex": 2}, {"id": "MA_3911", "section": "Mathematics", "topic": "SI", "difficulty": "moderate", "text": {"en": "[Mathematics/SI] Sample exam-style question #3911: Choose the correct option."}, "options": {"en": ["Option A3911", "Option B3911", "Option C3911", "Option D3911"]}, "answerIndex": 3}, {"id": "GE_3982", "section": "General Awareness", "topic": "Current Affairs", "difficulty": "moderate", "text": {"en": "[General Awareness/Current Affairs] Sample exam-style question #3982: Choose the correct option."}, "options": {"en": ["Option A3982", "Option B3982", "Option C3982", "Option D3982"]}, "answerIndex": 2}, {"id": "MA_3919", "section": "Mathematics", "topic": "Ratio", "difficulty": "moderate", "text": {"en": "[Mathematics/Ratio] Sample exam-style question #3919: Choose the correct option."}, "options": {"en": ["Option A3919", "Option B3919", "Option C3919", "Option D3919"]}, "answerIndex": 3}, {"id": "GE_3993", "section": "General Awareness", "topic": "History", "difficulty": "moderate", "text": {"en": "[General Awareness/History] Sample exam-style question #3993: Choose the correct option."}, "options": {"en": ["Option A3993", "Option B3993", "Option C3993", "Option D3993"]}, "answerIndex": 1}, {"id": "RE_3960", "section": "Reasoning", "topic": "Analogy", "difficulty": "moderate", "text": {"en": "[Reasoning/Analogy] Sample exam-style question #3960: Choose the correct option."}, "options": {"en": ["Option A3960", "Option B3960", "Option C3960", "Option D3960"]}, "answerIndex": 0}, {"id": "RE_3951", "section": "Reasoning", "topic": "Coding", "difficulty": "moderate", "text": {"en": "[Reasoning/Coding] Sample exam-style question #3951: Choose the correct option."}, "options": {"en": ["Option A3951", "Option B3951", "Option C3951", "Option D3951"]}, "answerIndex": 3}, {"id": "MA_3907", "section": "Mathematics", "topic": "DI", "difficulty": "moderate", "text": {"en": "[Mathematics/DI] Sample exam-style question #3907: Choose the correct option."}, "options": {"en": ["Option A3907", "Option B3907", "Option C3907", "Option D3907"]}, "answerIndex": 3}, {"id": "MA_3905", "section": "Mathematics", "topic": "Ratio", "difficulty": "moderate", "text": {"en": "[Mathematics/Ratio] Sample exam-style question #3905: Choose the correct option."}, "options": {"en": ["Option A3905", "Option B3905", "Option C3905", "Option D3905"]}, "answerIndex": 1}, {"id": "MA_3921", "section": "Mathematics", "topic": "Ratio", "difficulty": "moderate", "text": {"en": "[Mathematics/Ratio] Sample exam-style question #3921: Choose the correct option."}, "options": {"en": ["Option A3921", "Option B3921", "Option C3921", "Option D3921"]}, "answerIndex": 1}, {"id": "MA_3928", "section": "Mathematics", "topic": "Time&Work", "difficulty": "moderate", "text": {"en": "[Mathematics/Time&Work] Sample exam-style question #3928: Choose the correct option."}, "options": {"en": ["Option A3928", "Option B3928", "Option C3928", "Option D3928"]}, "answerIndex": 0}, {"id": "GE_3979", "section": "General Awareness", "topic": "Polity", "difficulty": "moderate", "text": {"en": "[General Awareness/Polity] Sample exam-style question #3979: Choose the correct option."}, "options": {"en": ["Option A3979", "Option B3979", "Option C3979", "Option D3979"]}, "answerIndex": 3}, {"id": "MA_3910", "section": "Mathematics", "topic": "Speed", "difficulty": "moderate", "text": {"en": "[Mathematics/Speed] Sample exam-style question #3910: Choose the correct option."}, "options": {"en": ["Option A3910", "Option B3910", "Option C3910", "Option D3910"]}, "answerIndex": 2}, {"id": "GE_3963", "section": "General Awareness", "topic": "Economy", "difficulty": "moderate", "text": {"en": "[General Awareness/Economy] Sample exam-style question #3963: Choose the correct option."}, "options": {"en": ["Option A3963", "Option B3963", "Option C3963", "Option D3963"]}, "answerIndex": 3}, {"id": "GE_3971", "section": "General Awareness", "topic": "Current Affairs", "difficulty": "moderate", "text": {"en": "[General Awareness/Current Affairs] Sample exam-style question #3971: Choose the correct option."}, "options": {"en": ["Option A3971", "Option B3971", "Option C3971", "Option D3971"]}, "answerIndex": 3}, {"id": "GE_3989", "section": "General Awareness", "topic": "Science", "difficulty": "moderate", "text": {"en": "[General Awareness/Science] Sample exam-style question #3989: Choose the correct option."}, "options": {"en": ["Option A3989", "Option B3989", "Option C3989", "Option D3989"]}, "answerIndex": 1}, {"id": "MA_3913", "section": "Mathematics", "topic": "Speed", "difficulty": "moderate", "text": {"en": "[Mathematics/Speed] Sample exam-style question #3913: Choose the correct option."}, "options": {"en": ["Option A3913", "Option B3913", "Option C3913", "Option D3913"]}, "answerIndex": 1}, {"id": "MA_3917", "section": "Mathematics", "topic": "Ratio", "difficulty": "moderate", "text": {"en": "[Mathematics/Ratio] Sample exam-style question #3917: Choose the correct option."}, "options": {"en": ["Option A3917", "Option B3917", "Option C3917", "Option D3917"]}, "answerIndex": 1}, {"id": "GE_3970", "section": "General Awareness", "topic": "Science", "difficulty": "moderate", "text": {"en": "[General Awareness/Science] Sample exam-style question #3970: Choose the correct option."}, "options": {"en": ["Option A3970", "Option B3970", "Option C3970", "Option D3970"]}, "answerIndex": 2}, {"id": "GE_3972", "section": "General Awareness", "topic": "Geography", "difficulty": "moderate", "text": {"en": "[General Awareness/Geography] Sample exam-style question #3972: Choose the correct option."}, "options": {"en": ["Option A3972", "Option B3972", "Option C3972", "Option D3972"]}, "answerIndex": 0}, {"id": "RE_3956", "section": "Reasoning", "topic": "Direction", "difficulty": "moderate", "text": {"en": "[Reasoning/Direction] Sample exam-style question #3956: Choose the correct option."}, "options": {"en": ["Option A3956", "Option B3956", "Option C3956", "Option D3956"]}, "answerIndex": 0}, {"id": "MA_3922", "section": "Mathematics", "topic": "DI", "difficulty": "moderate", "text": {"en": "[Mathematics/DI] Sample exam-style question #3922: Choose the correct option."}, "options": {"en": ["Option A3922", "Option B3922", "Option C3922", "Option D3922"]}, "answerIndex": 2}, {"id": "GE_3988", "section": "General Awareness", "topic": "Polity", "difficulty": "moderate", "text": {"en": "[General Awareness/Polity] Sample exam-style question #3988: Choose the correct option."}, "options": {"en": ["Option A3988", "Option B3988", "Option C3988", "Option D3988"]}, "answerIndex": 0}, {"id": "MA_3902", "section": "Mathematics", "topic": "Percentage", "difficulty": "moderate", "text": {"en": "[Mathematics/Percentage] Sample exam-style question #3902: Choose the correct option."}, "options": {"en": ["Option A3902", "Option B3902", "Option C3902", "Option D3902"]}, "answerIndex": 2}, {"id": "MA_3929", "section": "Mathematics", "topic": "SI", "difficulty": "moderate", "text": {"en": "[Mathematics/SI] Sample exam-style question #3929: Choose the correct option."}, "options": {"en": ["Option A3929", "Option B3929", "Option C3929", "Option D3929"]}, "answerIndex": 1}, {"id": "RE_3936", "section": "Reasoning", "topic": "Syllogism", "difficulty": "moderate", "text": {"en": "[Reasoning/Syllogism] Sample exam-style question #3936: Choose the correct option."}, "options": {"en": ["Option A3936", "Option B3936", "Option C3936", "Option D3936"]}, "answerIndex": 0}, {"id": "MA_3912", "section": "Mathematics", "topic": "DI", "difficulty": "moderate", "text": {"en": "[Mathematics/DI] Sample exam-style question #3912: Choose the correct option."}, "options": {"en": ["Option A3912", "Option B3912", "Option C3912", "Option D3912"]}, "answerIndex": 0}, {"id": "MA_3914", "section": "Mathematics", "topic": "Time&Work", "difficulty": "moderate", "text": {"en": "[Mathematics/Time&Work] Sample exam-style question #3914: Choose the correct option."}, "options": {"en": ["Option A3914", "Option B3914", "Option C3914", "Option D3914"]}, "answerIndex": 2}, {"id": "GE_3974", "section": "General Awareness", "topic": "Geography", "difficulty": "moderate", "text": {"en": "[General Awareness/Geography] Sample exam-style question #3974: Choose the correct option."}, "options": {"en": ["Option A3974", "Option B3974", "Option C3974", "Option D3974"]}, "answerIndex": 2}, {"id": "MA_3926", "section": "Mathematics", "topic": "Time&Work", "difficulty": "moderate", "text": {"en": "[Mathematics/Time&Work] Sample exam-style question #3926: Choose the correct option."}, "options": {"en": ["Option A3926", "Option B3926", "Option C3926", "Option D3926"]}, "answerIndex": 2}, {"id": "GE_3976", "section": "General Awareness", "topic": "Economy", "difficulty": "moderate", "text": {"en": "[General Awareness/Economy] Sample exam-style question #3976: Choose the correct option."}, "options": {"en": ["Option A3976", "Option B3976", "Option C3976", "Option D3976"]}, "answerIndex": 0}, {"id": "RE_3957", "section": "Reasoning", "topic": "Direction", "difficulty": "moderate", "text": {"en": "[Reasoning/Direction] Sample exam-style question #3957: Choose the correct option."}, "options": {"en": ["Option A3957", "Option B3957", "Option C3957", "Option D3957"]}, "answerIndex": 1}, {"id": "MA_3916", "section": "Mathematics", "topic": "CI", "difficulty": "moderate", "text": {"en": "[Mathematics/CI] Sample exam-style question #3916: Choose the correct option."}, "options": {"en": ["Option A3916", "Option B3916", "Option C3916", "Option D3916"]}, "answerIndex": 0}, {"id": "GE_3984", "section": "General Awareness", "topic": "Current Affairs", "difficulty": "moderate", "text": {"en": "[General Awareness/Current Affairs] Sample exam-style question #3984: Choose the correct option."}, "options": {"en": ["Option A3984", "Option B3984", "Option C3984", "Option D3984"]}, "answerIndex": 0}, {"id": "RE_3932", "section": "Reasoning", "topic": "Coding", "difficulty": "moderate", "text": {"en": "[Reasoning/Coding] Sample exam-style question #3932: Choose the correct option."}, "options": {"en": ["Option A3932", "Option B3932", "Option C3932", "Option D3932"]}, "answerIndex": 0}, {"id": "RE_3937", "section": "Reasoning", "topic": "Puzzle", "difficulty": "moderate", "text": {"en": "[Reasoning/Puzzle] Sample exam-style question #3937: Choose the correct option."}, "options": {"en": ["Option A3937", "Option B3937", "Option C3937", "Option D3937"]}, "answerIndex": 1}, {"id": "GE_3980", "section": "General Awareness", "topic": "Current Affairs", "difficulty": "moderate", "text": {"en": "[General Awareness/Current Affairs] Sample exam-style question #3980: Choose the correct option."}, "options": {"en": ["Option A3980", "Option B3980", "Option C3980", "Option D3980"]}, "answerIndex": 0}, {"id": "GE_3968", "section": "General Awareness", "topic": "Polity", "difficulty": "moderate", "text": {"en": "[General Awareness/Polity] Sample exam-style question #3968: Choose the correct option."}, "options": {"en": ["Option A3968", "Option B3968", "Option C3968", "Option D3968"]}, "answerIndex": 0}, {"id": "RE_3950", "section": "Reasoning", "topic": "Coding", "difficulty": "moderate", "text": {"en": "[Reasoning/Coding] Sample exam-style question #3950: Choose the correct option."}, "options": {"en": ["Option A3950", "Option B3950", "Option C3950", "Option D3950"]}, "answerIndex": 2}, {"id": "GE_3969", "section": "General Awareness", "topic": "Economy", "difficulty": "moderate", "text": {"en": "[General Awareness/Economy] Sample exam-style question #3969: Choose the correct option."}, "options": {"en": ["Option A3969", "Option B3969", "Option C3969", "Option D3969"]}, "answerIndex": 1}, {"id": "GE_3966", "section": "General Awareness", "topic": "Polity", "difficulty": "moderate", "text": {"en": "[General Awareness/Polity] Sample exam-style question #3966: Choose the correct option."}, "options": {"en": ["Option A3966", "Option B3966", "Option C3966", "Option D3966"]}, "answerIndex": 2}, {"id": "GE_3962", "section": "General Awareness", "topic": "Current Affairs", "difficulty": "moderate", "text": {"en": "[General Awareness/Current Affairs] Sample exam-style question #3962: Choose the correct option."}, "options": {"en": ["Option A3962", "Option B3962", "Option C3962", "Option D3962"]}, "answerIndex": 2}, {"id": "GE_3998", "section": "General Awareness", "topic": "Geography", "difficulty": "moderate", "text": {"en": "[General Awareness/Geography] Sample exam-style question #3998: Choose the correct option."}, "options": {"en": ["Option A3998", "Option B3998", "Option C3998", "Option D3998"]}, "answerIndex": 2}, {"id": "RE_3945", "section": "Reasoning", "topic": "Syllogism", "difficulty": "moderate", "text": {"en": "[Reasoning/Syllogism] Sample exam-style question #3945: Choose the correct option."}, "options": {"en": ["Option A3945", "Option B3945", "Option C3945", "Option D3945"]}, "answerIndex": 1}, {"id": "MA_3924", "section": "Mathematics", "topic": "DI", "difficulty": "moderate", "text": {"en": "[Mathematics/DI] Sample exam-style question #3924: Choose the correct option."}, "options": {"en": ["Option A3924", "Option B3924", "Option C3924", "Option D3924"]}, "answerIndex": 0}, {"id": "RE_3955", "section": "Reasoning", "topic": "Analogy", "difficulty": "moderate", "text": {"en": "[Reasoning/Analogy] Sample exam-style question #3955: Choose the correct option."}, "options": {"en": ["Option A3955", "Option B3955", "Option C3955", "Option D3955"]}, "answerIndex": 3}, {"id": "RE_3939", "section": "Reasoning", "topic": "Puzzle", "difficulty": "moderate", "text": {"en": "[Reasoning/Puzzle] Sample exam-style question #3939: Choose the correct option."}, "options": {"en": ["Option A3939", "Option B3939", "Option C3939", "Option D3939"]}, "answerIndex": 3}, {"id": "MA_3930", "section": "Mathematics", "topic": "Time&Work", "difficulty": "moderate", "text": {"en": "[Mathematics/Time&Work] Sample exam-style question #3930: Choose the correct option."}, "options": {"en": ["Option A3930", "Option B3930", "Option C3930", "Option D3930"]}, "answerIndex": 2}, {"id": "RE_3946", "section": "Reasoning", "topic": "Analogy", "difficulty": "moderate", "text": {"en": "[Reasoning/Analogy] Sample exam-style question #3946: Choose the correct option."}, "options": {"en": ["Option A3946", "Option B3946", "Option C3946", "Option D3946"]}, "answerIndex": 2}, {"id": "MA_3927", "section": "Mathematics", "topic": "SI", "difficulty": "moderate", "text": {"en": "[Mathematics/SI] Sample exam-style question #3927: Choose the correct option."}, "options": {"en": ["Option A3927", "Option B3927", "Option C3927", "Option D3927"]}, "answerIndex": 3}, {"id": "GE_3983", "section": "General Awareness", "topic": "Economy", "difficulty": "moderate", "text": {"en": "[General Awareness/Economy] Sample exam-style question #3983: Choose the correct option."}, "options": {"en": ["Option A3983", "Option B3983", "Option C3983", "Option D3983"]}, "answerIndex": 3}, {"id": "GE_3986", "section": "General Awareness", "topic": "Current Affairs", "difficulty": "moderate", "text": {"en": "[General Awareness/Current Affairs] Sample exam-style question #3986: Choose the correct option."}, "options": {"en": ["Option A3986", "Option B3986", "Option C3986", "Option D3986"]}, "answerIndex": 2}, {"id": "RE_3933", "section": "Reasoning", "topic": "Syllogism", "difficulty": "moderate", "text": {"en": "[Reasoning/Syllogism] Sample exam-style question #3933: Choose the correct option."}, "options": {"en": ["Option A3933", "Option B3933", "Option C3933", "Option D3933"]}, "answerIndex": 1}, {"id": "MA_3915", "section": "Mathematics", "topic": "Speed", "difficulty": "moderate", "text": {"en": "[Mathematics/Speed] Sample exam-style question #3915: Choose the correct option."}, "options": {"en": ["Option A3915", "Option B3915", "Option C3915", "Option D3915"]}, "answerIndex": 3}, {"id": "MA_3903", "section": "Mathematics", "topic": "DI", "difficulty": "moderate", "text": {"en": "[Mathematics/DI] Sample exam-style question #3903: Choose the correct option."}, "options": {"en": ["Option A3903", "Option B3903", "Option C3903", "Option D3903"]}, "answerIndex": 3}, {"id": "MA_3918", "section": "Mathematics", "topic": "Time&Work", "difficulty": "moderate", "text": {"en": "[Mathematics/Time&Work] Sample exam-style question #3918: Choose the correct option."}, "options": {"en": ["Option A3918", "Option B3918", "Option C3918", "Option D3918"]}, "answerIndex": 2}, {"id": "GE_3985", "section": "General Awareness", "topic": "Current Affairs", "difficulty": "moderate", "text": {"en": "[General Awareness/Current Affairs] Sample exam-style question #3985: Choose the correct option."}, "options": {"en": ["Option A3985", "Option B3985", "Option C3985", "Option D3985"]}, "answerIndex": 1}, {"id": "GE_3981", "section": "General Awareness", "topic": "Polity", "difficulty": "moderate", "text": {"en": "[General Awareness/Polity] Sample exam-style question #3981: Choose the correct option."}, "options": {"en": ["Option A3981", "Option B3981", "Option C3981", "Option D3981"]}, "answerIndex": 1}, {"id": "MA_3908", "section": "Mathematics", "topic": "Speed", "difficulty": "moderate", "text": {"en": "[Mathematics/Speed] Sample exam-style question #3908: Choose the correct option."}, "options": {"en": ["Option A3908", "Option B3908", "Option C3908", "Option D3908"]}, "answerIndex": 0}, {"id": "RE_3959", "section": "Reasoning", "topic": "Puzzle", "difficulty": "moderate", "text": {"en": "[Reasoning/Puzzle] Sample exam-style question #3959: Choose the correct option."}, "options": {"en": ["Option A3959", "Option B3959", "Option C3959", "Option D3959"]}, "answerIndex": 3}, {"id": "GE_3995", "section": "General Awareness", "topic": "Geography", "difficulty": "moderate", "text": {"en": "[General Awareness/Geography] Sample exam-style question #3995: Choose the correct option."}, "options": {"en": ["Option A3995", "Option B3995", "Option C3995", "Option D3995"]}, "answerIndex": 3}, {"id": "GE_3997", "section": "General Awareness", "topic": "Geography", "difficulty": "moderate", "text": {"en": "[General Awareness/Geography] Sample exam-style question #3997: Choose the correct option."}, "options": {"en": ["Option A3997", "Option B3997", "Option C3997", "Option D3997"]}, "answerIndex": 1}, {"id": "MA_3906", "section": "Mathematics", "topic": "Ratio", "difficulty": "moderate", "text": {"en": "[Mathematics/Ratio] Sample exam-style question #3906: Choose the correct option."}, "options": {"en": ["Option A3906", "Option B3906", "Option C3906", "Option D3906"]}, "answerIndex": 2}, {"id": "GE_3975", "section": "General Awareness", "topic": "Economy", "difficulty": "moderate", "text": {"en": "[General Awareness/Economy] Sample exam-style question #3975: Choose the correct option."}, "options": {"en": ["Option A3975", "Option B3975", "Option C3975", "Option D3975"]}, "answerIndex": 3}, {"id": "GE_3964", "section": "General Awareness", "topic": "Economy", "difficulty": "moderate", "text": {"en": "[General Awareness/Economy] Sample exam-style question #3964: Choose the correct option."}, "options": {"en": ["Option A3964", "Option B3964", "Option C3964", "Option D3964"]}, "answerIndex": 0}, {"id": "GE_3965", "section": "General Awareness", "topic": "Economy", "difficulty": "moderate", "text": {"en": "[General Awareness/Economy] Sample exam-style question #3965: Choose the correct option."}, "options": {"en": ["Option A3965", "Option B3965", "Option C3965", "Option D3965"]}, "answerIndex": 1}, {"id": "RE_3958", "section": "Reasoning", "topic": "Coding", "difficulty": "moderate", "text": {"en": "[Reasoning/Coding] Sample exam-style question #3958: Choose the correct option."}, "options": {"en": ["Option A3958", "Option B3958", "Option C3958", "Option D3958"]}, "answerIndex": 2}, {"id": "RE_3947", "section": "Reasoning", "topic": "Coding", "difficulty": "moderate", "text": {"en": "[Reasoning/Coding] Sample exam-style question #3947: Choose the correct option."}, "options": {"en": ["Option A3947", "Option B3947", "Option C3947", "Option D3947"]}, "answerIndex": 3}, {"id": "RE_3953", "section": "Reasoning", "topic": "Syllogism", "difficulty": "moderate", "text": {"en": "[Reasoning/Syllogism] Sample exam-style question #3953: Choose the correct option."}, "options": {"en": ["Option A3953", "Option B3953", "Option C3953", "Option D3953"]}, "answerIndex": 1}, {"id": "MA_3909", "section": "Mathematics", "topic": "Time&Work", "difficulty": "moderate", "text": {"en": "[Mathematics/Time&Work] Sample exam-style question #3909: Choose the correct option."}, "options": {"en": ["Option A3909", "Option B3909", "Option C3909", "Option D3909"]}, "answerIndex": 1}, {"id": "RE_3943", "section": "Reasoning", "topic": "Direction", "difficulty": "moderate", "text": {"en": "[Reasoning/Direction] Sample exam-style question #3943: Choose the correct option."}, "options": {"en": ["Option A3943", "Option B3943", "Option C3943", "Option D3943"]}, "answerIndex": 3}, {"id": "RE_3938", "section": "Reasoning", "topic": "Syllogism", "difficulty": "moderate", "text": {"en": "[Reasoning/Syllogism] Sample exam-style question #3938: Choose the correct option."}, "options": {"en": ["Option A3938", "Option B3938", "Option C3938", "Option D3938"]}, "answerIndex": 2}, {"id": "GE_3967", "section": "General Awareness", "topic": "Current Affairs", "difficulty": "moderate", "text": {"en": "[General Awareness/Current Affairs] Sample exam-style question #3967: Choose the correct option."}, "options": {"en": ["Option A3967", "Option B3967", "Option C3967", "Option D3967"]}, "answerIndex": 3}, {"id": "MA_3904", "section": "Mathematics", "topic": "DI", "difficulty": "moderate", "text": {"en": "[Mathematics/DI] Sample exam-style question #3904: Choose the correct option."}, "options": {"en": ["Option A3904", "Option B3904", "Option C3904", "Option D3904"]}, "answerIndex": 0}, {"id": "GE_3994", "section": "General Awareness", "topic": "Economy", "difficulty": "moderate", "text": {"en": "[General Awareness/Economy] Sample exam-style question #3994: Choose the correct option."}, "options": {"en": ["Option A3994", "Option B3994", "Option C3994", "Option D3994"]}, "answerIndex": 2}, {"id": "GE_3996", "section": "General Awareness", "topic": "Geography", "difficulty": "moderate", "text": {"en": "[General Awareness/Geography] Sample exam-style question #3996: Choose the correct option."}, "options": {"en": ["Option A3996", "Option B3996", "Option C3996", "Option D3996"]}, "answerIndex": 0}, {"id": "MA_3925", "section": "Mathematics", "topic": "Percentage", "difficulty": "moderate", "text": {"en": "[Mathematics/Percentage] Sample exam-style question #3925: Choose the correct option."}, "options": {"en": ["Option A3925", "Option B3925", "Option C3925", "Option D3925"]}, "answerIndex": 1}, {"id": "RE_3949", "section": "Reasoning", "topic": "Coding", "difficulty": "moderate", "text": {"en": "[Reasoning/Coding] Sample exam-style question #3949: Choose the correct option."}, "options": {"en": ["Option A3949", "Option B3949", "Option C3949", "Option D3949"]}, "answerIndex": 1}, {"id": "GE_3990", "section": "General Awareness", "topic": "Economy", "difficulty": "moderate", "text": {"en": "[General Awareness/Economy] Sample exam-style question #3990: Choose the correct option."}, "options": {"en": ["Option A3990", "Option B3990", "Option C3990", "Option D3990"]}, "answerIndex": 2}, {"id": "GE_3999", "section": "General Awareness", "topic": "Science", "difficulty": "moderate", "text": {"en": "[General Awareness/Science] Sample exam-style question #3999: Choose the correct option."}, "options": {"en": ["Option A3999", "Option B3999", "Option C3999", "Option D3999"]}, "answerIndex": 3}, {"id": "GE_3977", "section": "General Awareness", "topic": "Geography", "difficulty": "moderate", "text": {"en": "[General Awareness/Geography] Sample exam-style question #3977: Choose the correct option."}, "options": {"en": ["Option A3977", "Option B3977", "Option C3977", "Option D3977"]}, "answerIndex": 1}, {"id": "GE_4000", "section": "General Awareness", "topic": "Science", "difficulty": "moderate", "text": {"en": "[General Awareness/Science] Sample exam-style question #4000: Choose the correct option."}, "options": {"en": ["Option A4000", "Option B4000", "Option C4000", "Option D4000"]}, "answerIndex": 0}, {"id": "RE_3941", "section": "Reasoning", "topic": "Series", "difficulty": "moderate", "text": {"en": "[Reasoning/Series] Sample exam-style question #3941: Choose the correct option."}, "options": {"en": ["Option A3941", "Option B3941", "Option C3941", "Option D3941"]}, "answerIndex": 1}, {"id": "GE_3978", "section": "General Awareness", "topic": "Science", "difficulty": "moderate", "text": {"en": "[General Awareness/Science] Sample exam-style question #3978: Choose the correct option."}, "options": {"en": ["Option A3978", "Option B3978", "Option C3978", "Option D3978"]}, "answerIndex": 2}, {"id": "RE_3934", "section": "Reasoning", "topic": "Analogy", "difficulty": "moderate", "text": {"en": "[Reasoning/Analogy] Sample exam-style question #3934: Choose the correct option."}, "options": {"en": ["Option A3934", "Option B3934", "Option C3934", "Option D3934"]}, "answerIndex": 2}, {"id": "MA_3901", "section": "Mathematics", "topic": "DI", "difficulty": "moderate", "text": {"en": "[Mathematics/DI] Sample exam-style question #3901: Choose the correct option."}, "options": {"en": ["Option A3901", "Option B3901", "Option C3901", "Option D3901"]}, "answerIndex": 1}, {"id": "RE_3935", "section": "Reasoning", "topic": "Syllogism", "difficulty": "moderate", "text": {"en": "[Reasoning/Syllogism] Sample exam-style question #3935: Choose the correct option."}, "options": {"en": ["Option A3935", "Option B3935", "Option C3935", "Option D3935"]}, "answerIndex": 3}, {"id": "RE_3948", "section": "Reasoning", "topic": "Analogy", "difficulty": "moderate", "text": {"en": "[Reasoning/Analogy] Sample exam-style question #3948: Choose the correct option."}, "options": {"en": ["Option A3948", "Option B3948", "Option C3948", "Option D3948"]}, "answerIndex": 0}, {"id": "GE_3987", "section": "General Awareness", "topic": "Geography", "difficulty": "moderate", "text": {"en": "[General Awareness/Geography] Sample exam-style question #3987: Choose the correct option."}, "options": {"en": ["Option A3987", "Option B3987", "Option C3987", "Option D3987"]}, "answerIndex": 3}, {"id": "RE_3931", "section": "Reasoning", "topic": "Puzzle", "difficulty": "moderate", "text": {"en": "[Reasoning/Puzzle] Sample exam-style question #3931: Choose the correct option."}, "options": {"en": ["Option A3931", "Option B3931", "Option C3931", "Option D3931"]}, "answerIndex": 3}, {"id": "GE_3991", "section": "General Awareness", "topic": "History", "difficulty": "moderate", "text": {"en": "[General Awareness/History] Sample exam-style question #3991: Choose the correct option."}, "options": {"en": ["Option A3991", "Option B3991", "Option C3991", "Option D3991"]}, "answerIndex": 3}, {"id": "GE_3973", "section": "General Awareness", "topic": "Current Affairs", "difficulty": "moderate", "text": {"en": "[General Awareness/Current Affairs] Sample exam-style question #3973: Choose the correct option."}, "options": {"en": ["Option A3973", "Option B3973", "Option C3973", "Option D3973"]}, "answerIndex": 1}, {"id": "MA_3923", "section": "Mathematics", "topic": "Ratio", "difficulty": "moderate", "text": {"en": "[Mathematics/Ratio] Sample exam-style question #3923: Choose the correct option."}, "options": {"en": ["Option A3923", "Option B3923", "Option C3923", "Option D3923"]}, "answerIndex": 3}, {"id": "RE_3940", "section": "Reasoning", "topic": "Analogy", "difficulty": "moderate", "text": {"en": "[Reasoning/Analogy] Sample exam-style question #3940: Choose the correct option."}, "options": {"en": ["Option A3940", "Option B3940", "Option C3940", "Option D3940"]}, "answerIndex": 0}]}