{"testId": "029", "questions": [{"id": "GE_2866", "section": "General Awareness", "topic": "History", "difficulty": "moderate", "text": {"en": "[General Awareness/History] Sample exam-style question #2866: Choose the correct option."}, "options": {"en": ["Option A2866", "Option B2866", "Option C2866", "Option D2866"]}, "answerIndex": 2}, {"id": "MA_2828", "section": "Mathematics", "topic": "Percentage", "difficulty": "moderate", "text": {"en": "[Mathematics/Percentage] Sample exam-style question #2828: Choose the correct option."}, "options": {"en": ["Option A2828", "Option B2828", "Option C2828", "Option D2828"]}, "answerIndex": 0}, {"id": "RE_2859", "section": "Reasoning", "topic": "Series", "difficulty": "moderate", "text": {"en": "[Reasoning/Series] Sample exam-style question #2859: Choose the correct option."}, "options": {"en": ["Option A2859", "Option B2859", "Option C2859", "Option D2859"]}, "answerIndex": 3}, {"id": "MA_2810", "section": "Mathematics", "topic": "SI", "difficulty": "moderate", "text": {"en": "[Mathematics/SI] Sample exam-style question #2810: Choose the correct option."}, "options": {"en": ["Option A2810", "Option B2810", "Option C2810", "Option D2810"]}, "answerIndex": 2}, {"id": "GE_2895", "section": "General Awareness", "topic": "History", "difficulty": "moderate", "text": {"en": "[General Awareness/History] Sample exam-style question #2895: Choose the correct option."}, "options": {"en": ["Option A2895", "Option B2895", "Option C2895", "Option D2895"]}, "answerIndex": 3}, {"id": "GE_2877", "section": "General Awareness", "topic": "Geography", "difficulty": "moderate", "text": {"en": "[General Awareness/Geography] Sample exam-style question #2877: Choose the correct option."}, "options": {"en": ["Option A2877", "Option B2877", "Option C2877", "Option D2877"]}, "answerIndex": 1}, {"id": "GE_2875", "section": "General Awareness", "topic": "History", "difficulty": "moderate", "text": {"en": "[General Awareness/History] Sample exam-style question #2875: Choose the correct option."}, "options": {"en": ["Option A2875", "Option B2875", "Option C2875", "Option D2875"]}, "answerIndex": 3}, {"id": "GE_2867", "section": "General Awareness", "topic": "Polity", "difficulty": "moderate", "text": {"en": "[General Awareness/Polity] Sample exam-style question #2867: Choose the correct option."}, "options": {"en": ["Option A2867", "Option B2867", "Option C2867", "Option D2867"]}, "answerIndex": 3}, {"id": "RE_2832", "section": "Reasoning", "topic": "Syllogism", "difficulty": "moderate", "text": {"en": "[Reasoning/Syllogism] Sample exam-style question #2832: Choose the correct option."}, "options": {"en": ["Option A2832", "Option B2832", "Option C2832", "Option D2832"]}, "answerIndex": 0}, {"id": "MA_2827", "section": "Mathematics", "topic": "SI", "difficulty": "moderate", "text": {"en": "[Mathematics/SI] Sample exam-style question #2827: Choose the correct option."}, "options": {"en": ["Option A2827", "Option B2827", "Option C2827", "Option D2827"]}, "answerIndex": 3}, {"id": "RE_2841", "section": "Reasoning", "topic": "Syllogism", "difficulty": "moderate", "text": {"en": "[Reasoning/Syllogism] Sample exam-style question #2841: Choose the correct option."}, "options": {"en": ["Option A2841", "Option B2841", "Option C2841", "Option D2841"]}, "answerIndex": 1}, {"id": "GE_2888", "section": "General Awareness", "topic": "Polity", "difficulty": "moderate", "text": {"en": "[General Awareness/Polity] Sample exam-style question #2888: Choose the correct option."}, "options": {"en": ["Option A2888", "Option B2888", "Option C2888", "Option D2888"]}, "answerIndex": 0}, {"id": "GE_2900", "section": "General Awareness", "topic": "Geography", "difficulty": "moderate", "text": {"en": "[General Awareness/Geography] Sample exam-style question #2900: Choose the correct option."}, "options": {"en": ["Option A2900", "Option B2900", "Option C2900", "Option D2900"]}, "answerIndex": 0}, {"id": "GE_2886", "section": "General Awareness", "topic": "Current Affairs", "difficulty": "moderate", "text": {"en": "[General Awareness/Current Affairs] Sample exam-style question #2886: Choose the correct option."}, "options": {"en": ["Option A2886", "Option B2886", "Option C2886", "Option D2886"]}, "answerIndex": 2}, {"id": "RE_2831", "section": "Reasoning", "topic": "Series", "difficulty": "moderate", "text": {"en": "[Reasoning/Series] Sample exam-style question #2831: Choose the correct option."}, "options": {"en": ["Option A2831", "Option B2831", "Option C2831", "Option D2831"]}, "answerIndex": 3}, {"id": "MA_2822", "section": "Mathematics", "topic": "DI", "difficulty": "moderate", "text": {"en": "[Mathematics/DI] Sample exam-style question #2822: Choose the correct option."}, "options": {"en": ["Option A2822", "Option B2822", "Option C2822", "Option D2822"]}, "answerIndex": 2}, {"id": "MA_2811", "section": "Mathematics", "topic": "Time&Work", "difficulty": "moderate", "text": {"en": "[Mathematics/Time&Work] Sample exam-style question #2811: Choose the correct option."}, "options": {"en": ["Option A2811", "Option B2811", "Option C2811", "Option D2811"]}, "answerIndex": 3}, {"id": "RE_2855", "section": "Reasoning", "topic": "Coding", "difficulty": "moderate", "text": {"en": "[Reasoning/Coding] Sample exam-style question #2855: Choose the correct option."}, "options": {"en": ["Option A2855", "Option B2855", "Option C2855", "Option D2855"]}, "answerIndex": 3}, {"id": "GE_2889", "section": "General Awareness", "topic": "History", "difficulty": "moderate", "text": {"en": "[General Awareness/History] Sample exam-style question #2889: Choose the correct option."}, "options": {"en": ["Option A2889", "Option B2889", "Option C2889", "Option D2889"]}, "answerIndex": 1}, {"id": "MA_2807", "section": "Mathematics", "topic": "CI", "difficulty": "moderate", "text": {"en": "[Mathematics/CI] Sample exam-style question #2807: Choose the correct option."}, "options": {"en": ["Option A2807", "Option B2807", "Option C2807", "Option D2807"]}, "answerIndex": 3}, {"id": "GE_2883", "section": "General Awareness", "topic": "Science", "difficulty": "moderate", "text": {"en": "[General Awareness/Science] Sample exam-style question #2883: Choose the correct option."}, "options": {"en": ["Option A2883", "Option B2883", "Option C2883", "Option D2883"]}, "answerIndex": 3}, {"id": "RE_2839", "section": "Reasoning", "topic": "Coding", "difficulty": "moderate", "text": {"en": "[Reasoning/Coding] Sample exam-style question #2839: Choose the correct option."}, "options": {"en": ["Option A2839", "Option B2839", "Option C2839", "Option D2839"]}, "answerIndex": 3}, {"id": "RE_2857", "section": "Reasoning", "topic": "Coding", "difficulty": "moderate", "text": {"en": "[Reasoning/Coding] Sample exam-style question #2857: Choose the correct option."}, "options": {"en": ["Option A2857", "Option B2857", "Option C2857", "Option D2857"]}, "answerIndex": 1}, {"id": "RE_2854", "section": "Reasoning", "topic": "Puzzle", "difficulty": "moderate", "text": {"en": "[Reasoning/Puzzle] Sample exam-style question #2854: Choose the correct option."}, "options": {"en": ["Option A2854", "Option B2854", "Option C2854", "Option D2854"]}, "answerIndex": 2}, {"id": "GE_2882", "section": "General Awareness", "topic": "Current Affairs", "difficulty": "moderate", "text": {"en": "[General Awareness/Current Affairs] Sample exam-style question #2882: Choose the correct option."}, "options": {"en": ["Option A2882", "Option B2882", "Option C2882", "Option D2882"]}, "answerIndex": 2}, {"id": "MA_2815", "section": "Mathematics", "topic": "SI", "difficulty": "moderate", "text": {"en": "[Mathematics/SI] Sample exam-style question #2815: Choose the correct option."}, "options": {"en": ["Option A2815", "Option B2815", "Option C2815", "Option D2815"]}, "answerIndex": 3}, {"id": "RE_2838", "section": "Reasoning", "topic": "Coding", "difficulty": "moderate", "text": {"en": "[Reasoning/Coding] Sample exam-style question #2838: Choose the correct option."}, "options": {"en": ["Option A2838", "Option B2838", "Option C2838", "Option D2838"]}, "answerIndex": 2}, {"id": "RE_2851", "section": "Reasoning", "topic": "Coding", "difficulty": "moderate", "text": {"en": "[Reasoning/Coding] Sample exam-style question #2851: Choose the correct option."}, "options": {"en": ["Option A2851", "Option B2851", "Option C2851", "Option D2851"]}, "answerIndex": 3}, {"id": "RE_2850", "section": "Reasoning", "topic": "Coding", "difficulty": "moderate", "text": {"en": "[Reasoning/Coding] Sample exam-style question #2850: Choose the correct option."}, "options": {"en": ["Option A2850", "Option B2850", "Option C2850", "Option D2850"]}, "answerIndex": 2}, {"id": "MA_2825", "section": "Mathematics", "topic": "DI", "difficulty": "moderate", "text": {"en": "[Mathematics/DI] Sample exam-style question #2825: Choose the correct option."}, "options": {"en": ["Option A2825", "Option B2825", "Option C2825", "Option D2825"]}, "answerIndex": 1}, {"id": "MA_2830", "section": "Mathematics", "topic": "Speed", "difficulty": "moderate", "text": {"en": "[Mathematics/Speed] Sample exam-style question #2830: Choose the correct option."}, "options": {"en": ["Option A2830", "Option B2830", "Option C2830", "Option D2830"]}, "answerIndex": 2}, {"id": "MA_2829", "section": "Mathematics", "topic": "SI", "difficulty": "moderate", "text": {"en": "[Mathematics/SI] Sample exam-style question #2829: Choose the correct option."}, "options": {"en": ["Option A2829", "Option B2829", "Option C2829", "Option D2829"]}, "answerIndex": 1}, {"id": "GE_2899", "section": "General Awareness", "topic": "Polity", "difficulty": "moderate", "text": {"en": "[General Awareness/Polity] Sample exam-style question #2899: Choose the correct option."}, "options": {"en": ["Option A2899", "Option B2899", "Option C2899", "Option D2899"]}, "answerIndex": 3}, {"id": "MA_2812", "section": "Mathematics", "topic": "DI", "difficulty": "moderate", "text": {"en": "[Mathematics/DI] Sample exam-style question #2812: Choose the correct option."}, "options": {"en": ["Option A2812", "Option B2812", "Option C2812", "Option D2812"]}, "answerIndex": 0}, {"id": "RE_2847", "section": "Reasoning", "topic": "Puzzle", "difficulty": "moderate", "text": {"en": "[Reasoning/Puzzle] Sample exam-style question #2847: Choose the correct option."}, "options": {"en": ["Option A2847", "Option B2847", "Option C2847", "Option D2847"]}, "answerIndex": 3}, {"id": "GE_2873", "section": "General Awareness", "topic": "Economy", "difficulty": "moderate", "text": {"en": "[General Awareness/Economy] Sample exam-style question #2873: Choose the correct option."}, "options": {"en": ["Option A2873", "Option B2873", "Option C2873", "Option D2873"]}, "answerIndex": 1}, {"id": "GE_2876", "section": "General Awareness", "topic": "Geography", "difficulty": "moderate", "text": {"en": "[General Awareness/Geography] Sample exam-style question #2876: Choose the correct option."}, "options": {"en": ["Option A2876", "Option B2876", "Option C2876", "Option D2876"]}, "answerIndex": 0}, {"id": "MA_2819", "section": "Mathematics", "topic": "Time&Work", "difficulty": "moderate", "text": {"en": "[Mathematics/Time&Work] Sample exam-style question #2819: Choose the correct option."}, "options": {"en": ["Option A2819", "Option B2819", "Option C2819", "Option D2819"]}, "answerIndex": 3}, {"id": "GE_2881", "section": "General Awareness", "topic": "Polity", "difficulty": "moderate", "text": {"en": "[General Awareness/Polity] Sample exam-style question #2881: Choose the correct option."}, "options": {"en": ["Option A2881", "Option B2881", "Option C2881", "Option D2881"]}, "answerIndex": 1}, {"id": "GE_2897", "section": "General Awareness", "topic": "Geography", "difficulty": "moderate", "text": {"en": "[General Awareness/Geography] Sample exam-style question #2897: Choose the correct option."}, "options": {"en": ["Option A2897", "Option B2897", "Option C2897", "Option D2897"]}, "answerIndex": 1}, {"id": "RE_2852", "section": "Reasoning", "topic": "Series", "difficulty": "moderate", "text": {"en": "[Reasoning/Series] Sample exam-style question #2852: Choose the correct option."}, "options": {"en": ["Option A2852", "Option B2852", "Option C2852", "Option D2852"]}, "answerIndex": 0}, {"id": "RE_2834", "section": "Reasoning", "topic": "Analogy", "difficulty": "moderate", "text": {"en": "[Reasoning/Analogy] Sample exam-style question #2834: Choose the correct option."}, "options": {"en": ["Option A2834", "Option B2834", "Option C2834", "Option D2834"]}, "answerIndex": 2}, {"id": "MA_2802", "section": "Mathematics", "topic": "SI", "difficulty": "moderate", "text": {"en": "[Mathematics/SI] Sample exam-style question #2802: Choose the correct option."}, "options": {"en": ["Option A2802", "Option B2802", "Option C2802", "Option D2802"]}, "answerIndex": 2}, {"id": "GE_2896", "section": "General Awareness", "topic": "Current Affairs", "difficulty": "moderate", "text": {"en": "[General Awareness/Current Affairs] Sample exam-style question #2896: Choose the correct option."}, "options": {"en": ["Option A2896", "Option B2896", "Option C2896", "Option D2896"]}, "answerIndex": 0}, {"id": "GE_2871", "section": "General Awareness", "topic": "Current Affairs", "difficulty": "moderate", "text": {"en": "[General Awareness/Current Affairs] Sample exam-style question #2871: Choose the correct option."}, "options": {"en": ["Option A2871", "Option B2871", "Option C2871", "Option D2871"]}, "answerIndex": 3}, {"id": "GE_2891", "section": "General Awareness", "topic": "History", "difficulty": "moderate", "text": {"en": "[General Awareness/History] Sample exam-style question #2891: Choose the correct option."}, "options": {"en": ["Option A2891", "Option B2891", "Option C2891", "Option D2891"]}, "answerIndex": 3}, {"id": "MA_2824", "section": "Mathematics", "topic": "DI", "difficulty": "moderate", "text": {"en": "[Mathematics/DI] Sample exam-style question #2824: Choose the correct option."}, "options": {"en": ["Option A2824", "Option B2824", "Option C2824", "Option D2824"]}, "answerIndex": 0}, {"id": "GE_2887", "section": "General Awareness", "topic": "Current Affairs", "difficulty": "moderate", "text": {"en": "[General Awareness/Current Affairs] Sample exam-style question #2887: Choose the correct option."}, "options": {"en": ["Option A2887", "Option B2887", "Option C2887", "Option D2887"]}, "answerIndex": 3}, {"id": "GE_2885", "section": "General Awareness", "topic": "Science", "difficulty": "moderate", "text": {"en": "[General Awareness/Science] Sample exam-style question #2885: Choose the correct option."}, "options": {"en": ["Option A2885", "Option B2885", "Option C2885", "Option D2885"]}, "answerIndex": 1}, {"id": "MA_2808", "section": "Mathematics", "topic": "SI", "difficulty": "moderate", "text": {"en": "[Mathematics/SI] Sample exam-style question #2808: Choose the correct option."}, "options": {"en": ["Option A2808", "Option B2808", "Option C2808", "Option D2808"]}, "answerIndex": 0}, {"id": "GE_2893", "section": "General Awareness", "topic": "Economy", "difficulty": "moderate", "text": {"en": "[General Awareness/Economy] Sample exam-style question #2893: Choose the correct option."}, "options": {"en": ["Option A2893", "Option B2893", "Option C2893", "Option D2893"]}, "answerIndex": 1}, {"id": "GE_2880", "section": "General Awareness", "topic": "Polity", "difficulty": "moderate", "text": {"en": "[General Awareness/Polity] Sample exam-style question #2880: Choose the correct option."}, "options": {"en": ["Option A2880", "Option B2880", "Option C2880", "Option D2880"]}, "answerIndex": 0}, {"id": "GE_2861", "section": "General Awareness", "topic": "Geography", "difficulty": "moderate", "text": {"en": "[General Awareness/Geography] Sample exam-style question #2861: Choose the correct option."}, "options": {"en": ["Option A2861", "Option B2861", "Option C2861", "Option D2861"]}, "answerIndex": 1}, {"id": "RE_2843", "section": "Reasoning", "topic": "Analogy", "difficulty": "moderate", "text": {"en": "[Reasoning/Analogy] Sample exam-style question #2843: Choose the correct option."}, "options": {"en": ["Option A2843", "Option B2843", "Option C2843", "Option D2843"]}, "answerIndex": 3}, {"id": "GE_2884", "section": "General Awareness", "topic": "History", "difficulty": "moderate", "text": {"en": "[General Awareness/History] Sample exam-style question #2884: Choose the correct option."}, "options": {"en": ["Option A2884", "Option B2884", "Option C2884", "Option D2884"]}, "answerIndex": 0}, {"id": "MA_2805", "section": "Mathematics", "topic": "Speed", "difficulty": "moderate", "text": {"en": "[Mathematics/Speed] Sample exam-style question #2805: Choose the correct option."}, "options": {"en": ["Option A2805", "Option B2805", "Option C2805", "Option D2805"]}, "answerIndex": 1}, {"id": "MA_2823", "section": "Mathematics", "topic": "SI", "difficulty": "moderate", "text": {"en": "[Mathematics/SI] Sample exam-style question #2823: Choose the correct option."}, "options": {"en": ["Option A2823", "Option B2823", "Option C2823", "Option D2823"]}, "answerIndex": 3}, {"id": "RE_2860", "section": "Reasoning", "topic": "Direction", "difficulty": "moderate", "text": {"en": "[Reasoning/Direction] Sample exam-style question #2860: Choose the correct option."}, "options": {"en": ["Option A2860", "Option B2860", "Option C2860", "Option D2860"]}, "answerIndex": 0}, {"id": "MA_2806", "section": "Mathematics", "topic": "Speed", "difficulty": "moderate", "text": {"en": "[Mathematics/Speed] Sample exam-style question #2806: Choose the correct option."}, "options": {"en": ["Option A2806", "Option B2806", "Option C2806", "Option D2806"]}, "answerIndex": 2}, {"id": "GE_2864", "section": "General Awareness", "topic": "Polity", "difficulty": "moderate", "text": {"en": "[General Awareness/Polity] Sample exam-style question #2864: Choose the correct option."}, "options": {"en": ["Option A2864", "Option B2864", "Option C2864", "Option D2864"]}, "answerIndex": 0}, {"id": "RE_2837", "section": "Reasoning", "topic": "Direction", "difficulty": "moderate", "text": {"en": "[Reasoning/Direction] Sample exam-style question #2837: Choose the correct option."}, "options": {"en": ["Option A2837", "Option B2837", "Option C2837", "Option D2837"]}, "answerIndex": 1}, {"id": "MA_2809", "section": "Mathematics", "topic": "CI", "difficulty": "moderate", "text": {"en": "[Mathematics/CI] Sample exam-style question #2809: Choose the correct option."}, "options": {"en": ["Option A2809", "Option B2809", "Option C2809", "Option D2809"]}, "answerIndex": 1}, {"id": "MA_2814", "section": "Mathematics", "topic": "SI", "difficulty": "moderate", "text": {"en": "[Mathematics/SI] Sample exam-style question #2814: Choose the correct option."}, "options": {"en": ["Option A2814", "Option B2814", "Option C2814", "Option D2814"]}, "answerIndex": 2}, {"id": "MA_2817", "section": "Mathematics", "topic": "Time&Work", "difficulty": "moderate", "text": {"en": "[Mathematics/Time&Work] Sample exam-style question #2817: Choose the correct option."}, "options": {"en": ["Option A2817", "Option B2817", "Option C2817", "Option D2817"]}, "answerIndex": 1}, {"id": "GE_2870", "section": "General Awareness", "topic": "Economy", "difficulty": "moderate", "text": {"en": "[General Awareness/Economy] Sample exam-style question #2870: Choose the correct option."}, "options": {"en": ["Option A2870", "Option B2870", "Option C2870", "Option D2870"]}, "answerIndex": 2}, {"id": "RE_2846", "section": "Reasoning", "topic": "Series", "difficulty": "moderate", "text": {"en": "[Reasoning/Series] Sample exam-style question #2846: Choose the correct option."}, "options": {"en": ["Option A2846", "Option B2846", "Option C2846", "Option D2846"]}, "answerIndex": 2}, {"id": "MA_2820", "section": "Mathematics", "topic": "CI", "difficulty": "moderate", "text": {"en": "[Mathematics/CI] Sample exam-style question #2820: Choose the correct option."}, "options": {"en": ["Option A2820", "Option B2820", "Option C2820", "Option D2820"]}, "answerIndex": 0}, {"id": "MA_2804", "section": "Mathematics", "topic": "Ratio", "difficulty": "moderate", "text": {"en": "[Mathematics/Ratio] Sample exam-style question #2804: Choose the correct option."}, "options": {"en": ["Option A2804", "Option B2804", "Option C2804", "Option D2804"]}, "answerIndex": 0}, {"id": "MA_2818", "section": "Mathematics", "topic": "Speed", "difficulty": "moderate", "text": {"en": "[Mathematics/Speed] Sample exam-style question #2818: Choose the correct option."}, "options": {"en": ["Option A2818", "Option B2818", "Option C2818", "Option D2818"]}, "answerIndex": 2}, {"id": "RE_2844", "section": "Reasoning", "topic": "Syllogism", "difficulty": "moderate", "text": {"en": "[Reasoning/Syllogism] Sample exam-style question #2844: Choose the correct option."}, "options": {"en": ["Option A2844", "Option B2844", "Option C2844", "Option D2844"]}, "answerIndex": 0}, {"id": "GE_2874", "section": "General Awareness", "topic": "Current Affairs", "difficulty": "moderate", "text": {"en": "[General Awareness/Current Affairs] Sample exam-style question #2874: Choose the correct option."}, "options": {"en": ["Option A2874", "Option B2874", "Option C2874", "Option D2874"]}, "answerIndex": 2}, {"id": "MA_2803", "section": "Mathematics", "topic": "Speed", "difficulty": "moderate", "text": {"en": "[Mathematics/Speed] Sample exam-style question #2803: Choose the correct option."}, "options": {"en": ["Option A2803", "Option B2803", "Option C2803", "Option D2803"]}, "answerIndex": 3}, {"id": "GE_2898", "section": "General Awareness", "topic": "Polity", "difficulty": "moderate", "text": {"en": "[General Awareness/Polity] Sample exam-style question #2898: Choose the correct option."}, "options": {"en": ["Option A2898", "Option B2898", "Option C2898", "Option D2898"]}, "answerIndex": 2}, {"id": "MA_2801", "section": "Mathematics", "topic": "DI", "difficulty": "moderate", "text": {"en": "[Mathematics/DI] Sample exam-style question #2801: Choose the correct option."}, "options": {"en": ["Option A2801", "Option B2801", "Option C2801", "Option D2801"]}, "answerIndex": 1}, {"id": "MA_2826", "section": "Mathematics", "topic": "Ratio", "difficulty": "moderate", "text": {"en": "[Mathematics/Ratio] Sample exam-style question #2826: Choose the correct option."}, "options": {"en": ["Option A2826", "Option B2826", "Option C2826", "Option D2826"]}, "answerIndex": 2}, {"id": "GE_2863", "section": "General Awareness", "topic": "Economy", "difficulty": "moderate", "text": {"en": "[General Awareness/Economy] Sample exam-style question #2863: Choose the correct option."}, "options": {"en": ["Option A2863", "Option B2863", "Option C2863", "Option D2863"]}, "answerIndex": 3}, {"id": "MA_2816", "section": "Mathematics", "topic": "Percentage", "difficulty": "moderate", "text": {"en": "[Mathematics/Percentage] Sample exam-style question #2816: Choose the correct option."}, "options": {"en": ["Option A2816", "Option B2816", "Option C2816", "Option D2816"]}, "answerIndex": 0}, {"id": "RE_2858", "section": "Reasoning", "topic": "Series", "difficulty": "moderate", "text": {"en": "[Reasoning/Series] Sample exam-style question #2858: Choose the correct option."}, "options": {"en": ["Option A2858", "Option B2858", "Option C2858", "Option D2858"]}, "answerIndex": 2}, {"id": "GE_2892", "section": "General Awareness", "topic": "Polity", "difficulty": "moderate", "text": {"en": "[General Awareness/Polity] Sample exam-style question #2892: Choose the correct option."}, "options": {"en": ["Option A2892", "Option B2892", "Option C2892", "Option D2892"]}, "answerIndex": 0}, {"id": "RE_2842", "section": "Reasoning", "topic": "Puzzle", "difficulty": "moderate", "text": {"en": "[Reasoning/Puzzle] Sample exam-style question #2842: Choose the correct option."}, "options": {"en": ["Option A2842", "Option B2842", "Option C2842", "Option D2842"]}, "answerIndex": 2}, {"id": "GE_2862", "section": "General Awareness", "topic": "Current Affairs", "difficulty": "moderate", "text": {"en": "[General Awareness/Current Affairs] Sample exam-style question #2862: Choose the correct option."}, "options": {"en": ["Option A2862", "Option B2862", "Option C2862", "Option D2862"]}, "answerIndex": 2}, {"id": "GE_2894", "section": "General Awareness", "topic": "Economy", "difficulty": "moderate", "text": {"en": "[General Awareness/Economy] Sample exam-style question #2894: Choose the correct option."}, "options": {"en": ["Option A2894", "Option B2894", "Option C2894", "Option D2894"]}, "answerIndex": 2}, {"id": "RE_2853", "section": "Reasoning", "topic": "Analogy", "difficulty": "moderate", "text": {"en": "[Reasoning/Analogy] Sample exam-style question #2853: Choose the correct option."}, "options": {"en": ["Option A2853", "Option B2853", "Option C2853", "Option D2853"]}, "answerIndex": 1}, {"id": "RE_2835", "section": "Reasoning", "topic": "Syllogism", "difficulty": "moderate", "text": {"en": "[Reasoning/Syllogism] Sample exam-style question #2835: Choose the correct option."}, "options": {"en": ["Option A2835", "Option B2835", "Option C2835", "Option D2835"]}, "answerIndex": 3}, {"id": "RE_2848", "section": "Reasoning", "topic": "Analogy", "difficulty": "moderate", "text": {"en": "[Reasoning/Analogy] Sample exam-style question #2848: Choose the correct option."}, "options": {"en": ["Option A2848", "Option B2848", "Option C2848", "Option D2848"]}, "answerIndex": 0}, {"id": "RE_2836", "section": "Reasoning", "topic": "Analogy", "difficulty": "moderate", "text": {"en": "[Reasoning/Analogy] Sample exam-style question #2836: Choose the correct option."}, "options": {"en": ["Option A2836", "Option B2836", "Option C2836", "Option D2836"]}, "answerIndex": 0}, {"id": "MA_2813", "section": "Mathematics", "topic": "Speed", "difficulty": "moderate", "text": {"en": "[Mathematics/Speed] Sample exam-style question #2813: Choose the correct option."}, "options": {"en": ["Option A2813", "Option B2813", "Option C2813", "Option D2813"]}, "answerIndex": 1}, {"id": "RE_2845", "section": "Reasoning", "topic": "Coding", "difficulty": "moderate", "text": {"en": "[Reasoning/Coding] Sample exam-style question #2845: Choose the correct option."}, "options": {"en": ["Option A2845", "Option B2845", "Option C2845", "Option D2845"]}, "answerIndex": 1}, {"id": "RE_2849", "section": "Reasoning", "topic": "Puzzle", "difficulty": "moderate", "text": {"en": "[Reasoning/Puzzle] Sample exam-style question #2849: Choose the correct option."}, "options": {"en": ["Option A2849", "Option B2849", "Option C2849", "Option D2849"]}, "answerIndex": 1}, {"id": "RE_2833", "section": "Reasoning", "topic": "Direction", "difficulty": "moderate", "text": {"en": "[Reasoning/Direction] Sample exam-style question #2833: Choose the correct option."}, "options": {"en": ["Option A2833", "Option B2833", "Option C2833", "Option D2833"]}, "answerIndex": 1}, {"id": "RE_2856", "section": "Reasoning", "topic": "Analogy", "difficulty": "moderate", "text": {"en": "[Reasoning/Analogy] Sample exam-style question #2856: Choose the correct option."}, "options": {"en": ["Option A2856", "Option B2856", "Option C2856", "Option D2856"]}, "answerIndex": 0}, {"id": "GE_2865", "section": "General Awareness", "topic": "Current Affairs", "difficulty": "moderate", "text": {"en": "[General Awareness/Current Affairs] Sample exam-style question #2865: Choose the correct option."}, "options": {"en": ["Option A2865", "Option B2865", "Option C2865", "Option D2865"]}, "answerIndex": 1}, {"id": "GE_2872", "section": "General Awareness", "topic": "Economy", "difficulty": "moderate", "text": {"en": "[General Awareness/Economy] Sample exam-style question #2872: Choose the correct option."}, "options": {"en": ["Option A2872", "Option B2872", "Option C2872", "Option D2872"]}, "answerIndex": 0}, {"id": "GE_2869", "section": "General Awareness", "topic": "History", "difficulty": "moderate", "text": {"en": "[General Awareness/History] Sample exam-style question #2869: Choose the correct option."}, "options": {"en": ["Option A2869", "Option B2869", "Option C2869", "Option D2869"]}, "answerIndex": 1}, {"id": "MA_2821", "section": "Mathematics", "topic": "CI", "difficulty": "moderate", "text": {"en": "[Mathematics/CI] Sample exam-style question #2821: Choose the correct option."}, "options": {"en": ["Option A2821", "Option B2821", "Option C2821", "Option D2821"]}, "answerIndex": 1}, {"id": "GE_2868", "section": "General Awareness", "topic": "Science", "difficulty": "moderate", "text": {"en": "[General Awareness/Science] Sample exam-style question #2868: Choose the correct option."}, "options": {"en": ["Option A2868", "Option B2868", "Option C2868", "Option D2868"]}, "answerIndex": 0}, {"id": "GE_2879", "section": "General Awareness", "topic": "Current Affairs", "difficulty": "moderate", "text": {"en": "[General Awareness/Current Affairs] Sample exam-style question #2879: Choose the correct option."}, "options": {"en": ["Option A2879", "Option B2879", "Option C2879", "Option D2879"]}, "answerIndex": 3}, {"id": "GE_2890", "section": "General Awareness", "topic": "Economy", "difficulty": "moderate", "text": {"en": "[General Awareness/Economy] Sample exam-style question #2890: Choose the correct option."}, "options": {"en": ["Option A2890", "Option B2890", "Option C2890", "Option D2890"]}, "answerIndex": 2}, {"id": "RE_2840", "section": "Reasoning", "topic": "Puzzle", "difficulty": "moderate", "text": {"en": "[Reasoning/Puzzle] Sample exam-style question #2840: Choose the correct option."}, "options": {"en": ["Option A2840", "Option B2840", "Option C2840", "Option D2840"]}, "answerIndex": 0}, {"id": "GE_2878", "section": "General Awareness", "topic": "Geography", "difficulty": "moderate", "text": {"en": "[General Awareness/Geography] Sample exam-style question #2878: Choose the correct option."}, "options": {"en": ["Option A2878", "Option B2878", "Option C2878", "Option D2878"]}, "answerIndex": 2}]}