{"testId": "049", "questions": [{"id": "GE_4900", "section": "General Awareness", "topic": "Science", "difficulty": "moderate", "text": {"en": "[General Awareness/Science] Sample exam-style question #4900: Choose the correct option."}, "options": {"en": ["Option A4900", "Option B4900", "Option C4900", "Option D4900"]}, "answerIndex": 0}, {"id": "GE_4877", "section": "General Awareness", "topic": "Polity", "difficulty": "moderate", "text": {"en": "[General Awareness/Polity] Sample exam-style question #4877: Choose the correct option."}, "options": {"en": ["Option A4877", "Option B4877", "Option C4877", "Option D4877"]}, "answerIndex": 1}, {"id": "RE_4841", "section": "Reasoning", "topic": "Puzzle", "difficulty": "moderate", "text": {"en": "[Reasoning/Puzzle] Sample exam-style question #4841: Choose the correct option."}, "options": {"en": ["Option A4841", "Option B4841", "Option C4841", "Option D4841"]}, "answerIndex": 1}, {"id": "MA_4813", "section": "Mathematics", "topic": "SI", "difficulty": "moderate", "text": {"en": "[Mathematics/SI] Sample exam-style question #4813: Choose the correct option."}, "options": {"en": ["Option A4813", "Option B4813", "Option C4813", "Option D4813"]}, "answerIndex": 1}, {"id": "RE_4855", "section": "Reasoning", "topic": "Direction", "difficulty": "moderate", "text": {"en": "[Reasoning/Direction] Sample exam-style question #4855: Choose the correct option."}, "options": {"en": ["Option A4855", "Option B4855", "Option C4855", "Option D4855"]}, "answerIndex": 3}, {"id": "RE_4832", "section": "Reasoning", "topic": "Puzzle", "difficulty": "moderate", "text": {"en": "[Reasoning/Puzzle] Sample exam-style question #4832: Choose the correct option."}, "options": {"en": ["Option A4832", "Option B4832", "Option C4832", "Option D4832"]}, "answerIndex": 0}, {"id": "RE_4850", "section": "Reasoning", "topic": "Puzzle", "difficulty": "moderate", "text": {"en": "[Reasoning/Puzzle] Sample exam-style question #4850: Choose the correct option."}, "options": {"en": ["Option A4850", "Option B4850", "Option C4850", "Option D4850"]}, "answerIndex": 2}, {"id": "GE_4892", "section": "General Awareness", "topic": "Science", "difficulty": "moderate", "text": {"en": "[General Awareness/Science] Sample exam-style question #4892: Choose the correct option."}, "options": {"en": ["Option A4892", "Option B4892", "Option C4892", "Option D4892"]}, "answerIndex": 0}, {"id": "RE_4854", "section": "Reasoning", "topic": "Coding", "difficulty": "moderate", "text": {"en": "[Reasoning/Coding] Sample exam-style question #4854: Choose the correct option."}, "options": {"en": ["Option A4854", "Option B4854", "Option C4854", "Option D4854"]}, "answerIndex": 2}, {"id": "MA_4821", "section": "Mathematics", "topic": "SI", "difficulty": "moderate", "text": {"en": "[Mathematics/SI] Sample exam-style question #4821: Choose the correct option."}, "options": {"en": ["Option A4821", "Option B4821", "Option C4821", "Option D4821"]}, "answerIndex": 1}, {"id": "GE_4882", "section": "General Awareness", "topic": "History", "difficulty": "moderate", "text": {"en": "[General Awareness/History] Sample exam-style question #4882: Choose the correct option."}, "options": {"en": ["Option A4882", "Option B4882", "Option C4882", "Option D4882"]}, "answerIndex": 2}, {"id": "MA_4817", "section": "Mathematics", "topic": "CI", "difficulty": "moderate", "text": {"en": "[Mathematics/CI] Sample exam-style question #4817: Choose the correct option."}, "options": {"en": ["Option A4817", "Option B4817", "Option C4817", "Option D4817"]}, "answerIndex": 1}, {"id": "RE_4833", "section": "Reasoning", "topic": "Series", "difficulty": "moderate", "text": {"en": "[Reasoning/Series] Sample exam-style question #4833: Choose the correct option."}, "options": {"en": ["Option A4833", "Option B4833", "Option C4833", "Option D4833"]}, "answerIndex": 1}, {"id": "RE_4838", "section": "Reasoning", "topic": "Series", "difficulty": "moderate", "text": {"en": "[Reasoning/Series] Sample exam-style question #4838: Choose the correct option."}, "options": {"en": ["Option A4838", "Option B4838", "Option C4838", "Option D4838"]}, "answerIndex": 2}, {"id": "MA_4810", "section": "Mathematics", "topic": "CI", "difficulty": "moderate", "text": {"en": "[Mathematics/CI] Sample exam-style question #4810: Choose the correct option."}, "options": {"en": ["Option A4810", "Option B4810", "Option C4810", "Option D4810"]}, "answerIndex": 2}, {"id": "MA_4804", "section": "Mathematics", "topic": "CI", "difficulty": "moderate", "text": {"en": "[Mathematics/CI] Sample exam-style question #4804: Choose the correct option."}, "options": {"en": ["Option A4804", "Option B4804", "Option C4804", "Option D4804"]}, "answerIndex": 0}, {"id": "RE_4835", "section": "Reasoning", "topic": "Analogy", "difficulty": "moderate", "text": {"en": "[Reasoning/Analogy] Sample exam-style question #4835: Choose the correct option."}, "options": {"en": ["Option A4835", "Option B4835", "Option C4835", "Option D4835"]}, "answerIndex": 3}, {"id": "GE_4881", "section": "General Awareness", "topic": "Current Affairs", "difficulty": "moderate", "text": {"en": "[General Awareness/Current Affairs] Sample exam-style question #4881: Choose the correct option."}, "options": {"en": ["Option A4881", "Option B4881", "Option C4881", "Option D4881"]}, "answerIndex": 1}, {"id": "RE_4836", "section": "Reasoning", "topic": "Analogy", "difficulty": "moderate", "text": {"en": "[Reasoning/Analogy] Sample exam-style question #4836: Choose the correct option."}, "options": {"en": ["Option A4836", "Option B4836", "Option C4836", "Option D4836"]}, "answerIndex": 0}, {"id": "MA_4829", "section": "Mathematics", "topic": "Ratio", "difficulty": "moderate", "text": {"en": "[Mathematics/Ratio] Sample exam-style question #4829: Choose the correct option."}, "options": {"en": ["Option A4829", "Option B4829", "Option C4829", "Option D4829"]}, "answerIndex": 1}, {"id": "GE_4895", "section": "General Awareness", "topic": "Science", "difficulty": "moderate", "text": {"en": "[General Awareness/Science] Sample exam-style question #4895: Choose the correct option."}, "options": {"en": ["Option A4895", "Option B4895", "Option C4895", "Option D4895"]}, "answerIndex": 3}, {"id": "GE_4894", "section": "General Awareness", "topic": "Geography", "difficulty": "moderate", "text": {"en": "[General Awareness/Geography] Sample exam-style question #4894: Choose the correct option."}, "options": {"en": ["Option A4894", "Option B4894", "Option C4894", "Option D4894"]}, "answerIndex": 2}, {"id": "GE_4878", "section": "General Awareness", "topic": "Current Affairs", "difficulty": "moderate", "text": {"en": "[General Awareness/Current Affairs] Sample exam-style question #4878: Choose the correct option."}, "options": {"en": ["Option A4878", "Option B4878", "Option C4878", "Option D4878"]}, "answerIndex": 2}, {"id": "RE_4839", "section": "Reasoning", "topic": "Analogy", "difficulty": "moderate", "text": {"en": "[Reasoning/Analogy] Sample exam-style question #4839: Choose the correct option."}, "options": {"en": ["Option A4839", "Option B4839", "Option C4839", "Option D4839"]}, "answerIndex": 3}, {"id": "GE_4866", "section": "General Awareness", "topic": "Science", "difficulty": "moderate", "text": {"en": "[General Awareness/Science] Sample exam-style question #4866: Choose the correct option."}, "options": {"en": ["Option A4866", "Option B4866", "Option C4866", "Option D4866"]}, "answerIndex": 2}, {"id": "RE_4859", "section": "Reasoning", "topic": "Analogy", "difficulty": "moderate", "text": {"en": "[Reasoning/Analogy] Sample exam-style question #4859: Choose the correct option."}, "options": {"en": ["Option A4859", "Option B4859", "Option C4859", "Option D4859"]}, "answerIndex": 3}, {"id": "MA_4830", "section": "Mathematics", "topic": "DI", "difficulty": "moderate", "text": {"en": "[Mathematics/DI] Sample exam-style question #4830: Choose the correct option."}, "options": {"en": ["Option A4830", "Option B4830", "Option C4830", "Option D4830"]}, "answerIndex": 2}, {"id": "RE_4857", "section": "Reasoning", "topic": "Series", "difficulty": "moderate", "text": {"en": "[Reasoning/Series] Sample exam-style question #4857: Choose the correct option."}, "options": {"en": ["Option A4857", "Option B4857", "Option C4857", "Option D4857"]}, "answerIndex": 1}, {"id": "MA_4826", "section": "Mathematics", "topic": "CI", "difficulty": "moderate", "text": {"en": "[Mathematics/CI] Sample exam-style question #4826: Choose the correct option."}, "options": {"en": ["Option A4826", "Option B4826", "Option C4826", "Option D4826"]}, "answerIndex": 2}, {"id": "RE_4852", "section": "Reasoning", "topic": "Direction", "difficulty": "moderate", "text": {"en": "[Reasoning/Direction] Sample exam-style question #4852: Choose the correct option."}, "options": {"en": ["Option A4852", "Option B4852", "Option C4852", "Option D4852"]}, "answerIndex": 0}, {"id": "GE_4880", "section": "General Awareness", "topic": "History", "difficulty": "moderate", "text": {"en": "[General Awareness/History] Sample exam-style question #4880: Choose the correct option."}, "options": {"en": ["Option A4880", "Option B4880", "Option C4880", "Option D4880"]}, "answerIndex": 0}, {"id": "MA_4824", "section": "Mathematics", "topic": "Percentage", "difficulty": "moderate", "text": {"en": "[Mathematics/Percentage] Sample exam-style question #4824: Choose the correct option."}, "options": {"en": ["Option A4824", "Option B4824", "Option C4824", "Option D4824"]}, "answerIndex": 0}, {"id": "GE_4872", "section": "General Awareness", "topic": "History", "difficulty": "moderate", "text": {"en": "[General Awareness/History] Sample exam-style question #4872: Choose the correct option."}, "options": {"en": ["Option A4872", "Option B4872", "Option C4872", "Option D4872"]}, "answerIndex": 0}, {"id": "RE_4849", "section": "Reasoning", "topic": "Direction", "difficulty": "moderate", "text": {"en": "[Reasoning/Direction] Sample exam-style question #4849: Choose the correct option."}, "options": {"en": ["Option A4849", "Option B4849", "Option C4849", "Option D4849"]}, "answerIndex": 1}, {"id": "GE_4899", "section": "General Awareness", "topic": "Science", "difficulty": "moderate", "text": {"en": "[General Awareness/Science] Sample exam-style question #4899: Choose the correct option."}, "options": {"en": ["Option A4899", "Option B4899", "Option C4899", "Option D4899"]}, "answerIndex": 3}, {"id": "GE_4897", "section": "General Awareness", "topic": "Polity", "difficulty": "moderate", "text": {"en": "[General Awareness/Polity] Sample exam-style question #4897: Choose the correct option."}, "options": {"en": ["Option A4897", "Option B4897", "Option C4897", "Option D4897"]}, "answerIndex": 1}, {"id": "GE_4883", "section": "General Awareness", "topic": "Science", "difficulty": "moderate", "text": {"en": "[General Awareness/Science] Sample exam-style question #4883: Choose the correct option."}, "options": {"en": ["Option A4883", "Option B4883", "Option C4883", "Option D4883"]}, "answerIndex": 3}, {"id": "GE_4868", "section": "General Awareness", "topic": "Polity", "difficulty": "moderate", "text": {"en": "[General Awareness/Polity] Sample exam-style question #4868: Choose the correct option."}, "options": {"en": ["Option A4868", "Option B4868", "Option C4868", "Option D4868"]}, "answerIndex": 0}, {"id": "MA_4820", "section": "Mathematics", "topic": "CI", "difficulty": "moderate", "text": {"en": "[Mathematics/CI] Sample exam-style question #4820: Choose the correct option."}, "options": {"en": ["Option A4820", "Option B4820", "Option C4820", "Option D4820"]}, "answerIndex": 0}, {"id": "RE_4846", "section": "Reasoning", "topic": "Series", "difficulty": "moderate", "text": {"en": "[Reasoning/Series] Sample exam-style question #4846: Choose the correct option."}, "options": {"en": ["Option A4846", "Option B4846", "Option C4846", "Option D4846"]}, "answerIndex": 2}, {"id": "MA_4811", "section": "Mathematics", "topic": "CI", "difficulty": "moderate", "text": {"en": "[Mathematics/CI] Sample exam-style question #4811: Choose the correct option."}, "options": {"en": ["Option A4811", "Option B4811", "Option C4811", "Option D4811"]}, "answerIndex": 3}, {"id": "MA_4818", "section": "Mathematics", "topic": "Ratio", "difficulty": "moderate", "text": {"en": "[Mathematics/Ratio] Sample exam-style question #4818: Choose the correct option."}, "options": {"en": ["Option A4818", "Option B4818", "Option C4818", "Option D4818"]}, "answerIndex": 2}, {"id": "GE_4887", "section": "General Awareness", "topic": "Polity", "difficulty": "moderate", "text": {"en": "[General Awareness/Polity] Sample exam-style question #4887: Choose the correct option."}, "options": {"en": ["Option A4887", "Option B4887", "Option C4887", "Option D4887"]}, "answerIndex": 3}, {"id": "GE_4884", "section": "General Awareness", "topic": "Geography", "difficulty": "moderate", "text": {"en": "[General Awareness/Geography] Sample exam-style question #4884: Choose the correct option."}, "options": {"en": ["Option A4884", "Option B4884", "Option C4884", "Option D4884"]}, "answerIndex": 0}, {"id": "GE_4889", "section": "General Awareness", "topic": "Economy", "difficulty": "moderate", "text": {"en": "[General Awareness/Economy] Sample exam-style question #4889: Choose the correct option."}, "options": {"en": ["Option A4889", "Option B4889", "Option C4889", "Option D4889"]}, "answerIndex": 1}, {"id": "GE_4891", "section": "General Awareness", "topic": "Economy", "difficulty": "moderate", "text": {"en": "[General Awareness/Economy] Sample exam-style question #4891: Choose the correct option."}, "options": {"en": ["Option A4891", "Option B4891", "Option C4891", "Option D4891"]}, "answerIndex": 3}, {"id": "MA_4819", "section": "Mathematics", "topic": "SI", "difficulty": "moderate", "text": {"en": "[Mathematics/SI] Sample exam-style question #4819: Choose the correct option."}, "options": {"en": ["Option A4819", "Option B4819", "Option C4819", "Option D4819"]}, "answerIndex": 3}, {"id": "GE_4876", "section": "General Awareness", "topic": "Economy", "difficulty": "moderate", "text": {"en": "[General Awareness/Economy] Sample exam-style question #4876: Choose the correct option."}, "options": {"en": ["Option A4876", "Option B4876", "Option C4876", "Option D4876"]}, "answerIndex": 0}, {"id": "GE_4870", "section": "General Awareness", "topic": "History", "difficulty": "moderate", "text": {"en": "[General Awareness/History] Sample exam-style question #4870: Choose the correct option."}, "options": {"en": ["Option A4870", "Option B4870", "Option C4870", "Option D4870"]}, "answerIndex": 2}, {"id": "GE_4873", "section": "General Awareness", "topic": "History", "difficulty": "moderate", "text": {"en": "[General Awareness/History] Sample exam-style question #4873: Choose the correct option."}, "options": {"en": ["Option A4873", "Option B4873", "Option C4873", "Option D4873"]}, "answerIndex": 1}, {"id": "RE_4837", "section": "Reasoning", "topic": "Series", "difficulty": "moderate", "text": {"en": "[Reasoning/Series] Sample exam-style question #4837: Choose the correct option."}, "options": {"en": ["Option A4837", "Option B4837", "Option C4837", "Option D4837"]}, "answerIndex": 1}, {"id": "RE_4860", "section": "Reasoning", "topic": "Series", "difficulty": "moderate", "text": {"en": "[Reasoning/Series] Sample exam-style question #4860: Choose the correct option."}, "options": {"en": ["Option A4860", "Option B4860", "Option C4860", "Option D4860"]}, "answerIndex": 0}, {"id": "GE_4864", "section": "General Awareness", "topic": "Science", "difficulty": "moderate", "text": {"en": "[General Awareness/Science] Sample exam-style question #4864: Choose the correct option."}, "options": {"en": ["Option A4864", "Option B4864", "Option C4864", "Option D4864"]}, "answerIndex": 0}, {"id": "MA_4809", "section": "Mathematics", "topic": "CI", "difficulty": "moderate", "text": {"en": "[Mathematics/CI] Sample exam-style question #4809: Choose the correct option."}, "options": {"en": ["Option A4809", "Option B4809", "Option C4809", "Option D4809"]}, "answerIndex": 1}, {"id": "MA_4805", "section": "Mathematics", "topic": "DI", "difficulty": "moderate", "text": {"en": "[Mathematics/DI] Sample exam-style question #4805: Choose the correct option."}, "options": {"en": ["Option A4805", "Option B4805", "Option C4805", "Option D4805"]}, "answerIndex": 1}, {"id": "GE_4896", "section": "General Awareness", "topic": "Economy", "difficulty": "moderate", "text": {"en": "[General Awareness/Economy] Sample exam-style question #4896: Choose the correct option."}, "options": {"en": ["Option A4896", "Option B4896", "Option C4896", "Option D4896"]}, "answerIndex": 0}, {"id": "MA_4801", "section": "Mathematics", "topic": "Speed", "difficulty": "moderate", "text": {"en": "[Mathematics/Speed] Sample exam-style question #4801: Choose the correct option."}, "options": {"en": ["Option A4801", "Option B4801", "Option C4801", "Option D4801"]}, "answerIndex": 1}, {"id": "GE_4865", "section": "General Awareness", "topic": "Current Affairs", "difficulty": "moderate", "text": {"en": "[General Awareness/Current Affairs] Sample exam-style question #4865: Choose the correct option."}, "options": {"en": ["Option A4865", "Option B4865", "Option C4865", "Option D4865"]}, "answerIndex": 1}, {"id": "RE_4856", "section": "Reasoning", "topic": "Syllogism", "difficulty": "moderate", "text": {"en": "[Reasoning/Syllogism] Sample exam-style question #4856: Choose the correct option."}, "options": {"en": ["Option A4856", "Option B4856", "Option C4856", "Option D4856"]}, "answerIndex": 0}, {"id": "MA_4822", "section": "Mathematics", "topic": "Ratio", "difficulty": "moderate", "text": {"en": "[Mathematics/Ratio] Sample exam-style question #4822: Choose the correct option."}, "options": {"en": ["Option A4822", "Option B4822", "Option C4822", "Option D4822"]}, "answerIndex": 2}, {"id": "RE_4847", "section": "Reasoning", "topic": "Direction", "difficulty": "moderate", "text": {"en": "[Reasoning/Direction] Sample exam-style question #4847: Choose the correct option."}, "options": {"en": ["Option A4847", "Option B4847", "Option C4847", "Option D4847"]}, "answerIndex": 3}, {"id": "GE_4861", "section": "General Awareness", "topic": "Science", "difficulty": "moderate", "text": {"en": "[General Awareness/Science] Sample exam-style question #4861: Choose the correct option."}, "options": {"en": ["Option A4861", "Option B4861", "Option C4861", "Option D4861"]}, "answerIndex": 1}, {"id": "RE_4842", "section": "Reasoning", "topic": "Direction", "difficulty": "moderate", "text": {"en": "[Reasoning/Direction] Sample exam-style question #4842: Choose the correct option."}, "options": {"en": ["Option A4842", "Option B4842", "Option C4842", "Option D4842"]}, "answerIndex": 2}, {"id": "RE_4853", "section": "Reasoning", "topic": "Puzzle", "difficulty": "moderate", "text": {"en": "[Reasoning/Puzzle] Sample exam-style question #4853: Choose the correct option."}, "options": {"en": ["Option A4853", "Option B4853", "Option C4853", "Option D4853"]}, "answerIndex": 1}, {"id": "GE_4879", "section": "General Awareness", "topic": "Economy", "difficulty": "moderate", "text": {"en": "[General Awareness/Economy] Sample exam-style question #4879: Choose the correct option."}, "options": {"en": ["Option A4879", "Option B4879", "Option C4879", "Option D4879"]}, "answerIndex": 3}, {"id": "RE_4844", "section": "Reasoning", "topic": "Coding", "difficulty": "moderate", "text": {"en": "[Reasoning/Coding] Sample exam-style question #4844: Choose the correct option."}, "options": {"en": ["Option A4844", "Option B4844", "Option C4844", "Option D4844"]}, "answerIndex": 0}, {"id": "RE_4848", "section": "Reasoning", "topic": "Puzzle", "difficulty": "moderate", "text": {"en": "[Reasoning/Puzzle] Sample exam-style question #4848: Choose the correct option."}, "options": {"en": ["Option A4848", "Option B4848", "Option C4848", "Option D4848"]}, "answerIndex": 0}, {"id": "GE_4885", "section": "General Awareness", "topic": "Geography", "difficulty": "moderate", "text": {"en": "[General Awareness/Geography] Sample exam-style question #4885: Choose the correct option."}, "options": {"en": ["Option A4885", "Option B4885", "Option C4885", "Option D4885"]}, "answerIndex": 1}, {"id": "MA_4828", "section": "Mathematics", "topic": "SI", "difficulty": "moderate", "text": {"en": "[Mathematics/SI] Sample exam-style question #4828: Choose the correct option."}, "options": {"en": ["Option A4828", "Option B4828", "Option C4828", "Option D4828"]}, "answerIndex": 0}, {"id": "GE_4863", "section": "General Awareness", "topic": "Science", "difficulty": "moderate", "text": {"en": "[General Awareness/Science] Sample exam-style question #4863: Choose the correct option."}, "options": {"en": ["Option A4863", "Option B4863", "Option C4863", "Option D4863"]}, "answerIndex": 3}, {"id": "MA_4814", "section": "Mathematics", "topic": "Percentage", "difficulty": "moderate", "text": {"en": "[Mathematics/Percentage] Sample exam-style question #4814: Choose the correct option."}, "options": {"en": ["Option A4814", "Option B4814", "Option C4814", "Option D4814"]}, "answerIndex": 2}, {"id": "GE_4867", "section": "General Awareness", "topic": "History", "difficulty": "moderate", "text": {"en": "[General Awareness/History] Sample exam-style question #4867: Choose the correct option."}, "options": {"en": ["Option A4867", "Option B4867", "Option C4867", "Option D4867"]}, "answerIndex": 3}, {"id": "GE_4869", "section": "General Awareness", "topic": "Economy", "difficulty": "moderate", "text": {"en": "[General Awareness/Economy] Sample exam-style question #4869: Choose the correct option."}, "options": {"en": ["Option A4869", "Option B4869", "Option C4869", "Option D4869"]}, "answerIndex": 1}, {"id": "GE_4893", "section": "General Awareness", "topic": "Geography", "difficulty": "moderate", "text": {"en": "[General Awareness/Geography] Sample exam-style question #4893: Choose the correct option."}, "options": {"en": ["Option A4893", "Option B4893", "Option C4893", "Option D4893"]}, "answerIndex": 1}, {"id": "MA_4806", "section": "Mathematics", "topic": "Percentage", "difficulty": "moderate", "text": {"en": "[Mathematics/Percentage] Sample exam-style question #4806: Choose the correct option."}, "options": {"en": ["Option A4806", "Option B4806", "Option C4806", "Option D4806"]}, "answerIndex": 2}, {"id": "GE_4874", "section": "General Awareness", "topic": "History", "difficulty": "moderate", "text": {"en": "[General Awareness/History] Sample exam-style question #4874: Choose the correct option."}, "options": {"en": ["Option A4874", "Option B4874", "Option C4874", "Option D4874"]}, "answerIndex": 2}, {"id": "GE_4890", "section": "General Awareness", "topic": "Science", "difficulty": "moderate", "text": {"en": "[General Awareness/Science] Sample exam-style question #4890: Choose the correct option."}, "options": {"en": ["Option A4890", "Option B4890", "Option C4890", "Option D4890"]}, "answerIndex": 2}, {"id": "RE_4851", "section": "Reasoning", "topic": "Analogy", "difficulty": "moderate", "text": {"en": "[Reasoning/Analogy] Sample exam-style question #4851: Choose the correct option."}, "options": {"en": ["Option A4851", "Option B4851", "Option C4851", "Option D4851"]}, "answerIndex": 3}, {"id": "RE_4845", "section": "Reasoning", "topic": "Puzzle", "difficulty": "moderate", "text": {"en": "[Reasoning/Puzzle] Sample exam-style question #4845: Choose the correct option."}, "options": {"en": ["Option A4845", "Option B4845", "Option C4845", "Option D4845"]}, "answerIndex": 1}, {"id": "MA_4803", "section": "Mathematics", "topic": "Percentage", "difficulty": "moderate", "text": {"en": "[Mathematics/Percentage] Sample exam-style question #4803: Choose the correct option."}, "options": {"en": ["Option A4803", "Option B4803", "Option C4803", "Option D4803"]}, "answerIndex": 3}, {"id": "MA_4827", "section": "Mathematics", "topic": "CI", "difficulty": "moderate", "text": {"en": "[Mathematics/CI] Sample exam-style question #4827: Choose the correct option."}, "options": {"en": ["Option A4827", "Option B4827", "Option C4827", "Option D4827"]}, "answerIndex": 3}, {"id": "MA_4825", "section": "Mathematics", "topic": "SI", "difficulty": "moderate", "text": {"en": "[Mathematics/SI] Sample exam-style question #4825: Choose the correct option."}, "options": {"en": ["Option A4825", "Option B4825", "Option C4825", "Option D4825"]}, "answerIndex": 1}, {"id": "MA_4816", "section": "Mathematics", "topic": "Time&Work", "difficulty": "moderate", "text": {"en": "[Mathematics/Time&Work] Sample exam-style question #4816: Choose the correct option."}, "options": {"en": ["Option A4816", "Option B4816", "Option C4816", "Option D4816"]}, "answerIndex": 0}, {"id": "RE_4840", "section": "Reasoning", "topic": "Syllogism", "difficulty": "moderate", "text": {"en": "[Reasoning/Syllogism] Sample exam-style question #4840: Choose the correct option."}, "options": {"en": ["Option A4840", "Option B4840", "Option C4840", "Option D4840"]}, "answerIndex": 0}, {"id": "MA_4815", "section": "Mathematics", "topic": "Speed", "difficulty": "moderate", "text": {"en": "[Mathematics/Speed] Sample exam-style question #4815: Choose the correct option."}, "options": {"en": ["Option A4815", "Option B4815", "Option C4815", "Option D4815"]}, "answerIndex": 3}, {"id": "MA_4812", "section": "Mathematics", "topic": "Speed", "difficulty": "moderate", "text": {"en": "[Mathematics/Speed] Sample exam-style question #4812: Choose the correct option."}, "options": {"en": ["Option A4812", "Option B4812", "Option C4812", "Option D4812"]}, "answerIndex": 0}, {"id": "MA_4802", "section": "Mathematics", "topic": "SI", "difficulty": "moderate", "text": {"en": "[Mathematics/SI] Sample exam-style question #4802: Choose the correct option."}, "options": {"en": ["Option A4802", "Option B4802", "Option C4802", "Option D4802"]}, "answerIndex": 2}, {"id": "MA_4807", "section": "Mathematics", "topic": "SI", "difficulty": "moderate", "text": {"en": "[Mathematics/SI] Sample exam-style question #4807: Choose the correct option."}, "options": {"en": ["Option A4807", "Option B4807", "Option C4807", "Option D4807"]}, "answerIndex": 3}, {"id": "MA_4823", "section": "Mathematics", "topic": "CI", "difficulty": "moderate", "text": {"en": "[Mathematics/CI] Sample exam-style question #4823: Choose the correct option."}, "options": {"en": ["Option A4823", "Option B4823", "Option C4823", "Option D4823"]}, "answerIndex": 3}, {"id": "GE_4898", "section": "General Awareness", "topic": "Current Affairs", "difficulty": "moderate", "text": {"en": "[General Awareness/Current Affairs] Sample exam-style question #4898: Choose the correct option."}, "options": {"en": ["Option A4898", "Option B4898", "Option C4898", "Option D4898"]}, "answerIndex": 2}, {"id": "RE_4834", "section": "Reasoning", "topic": "Coding", "difficulty": "moderate", "text": {"en": "[Reasoning/Coding] Sample exam-style question #4834: Choose the correct option."}, "options": {"en": ["Option A4834", "Option B4834", "Option C4834", "Option D4834"]}, "answerIndex": 2}, {"id": "GE_4871", "section": "General Awareness", "topic": "History", "difficulty": "moderate", "text": {"en": "[General Awareness/History] Sample exam-style question #4871: Choose the correct option."}, "options": {"en": ["Option A4871", "Option B4871", "Option C4871", "Option D4871"]}, "answerIndex": 3}, {"id": "RE_4843", "section": "Reasoning", "topic": "Puzzle", "difficulty": "moderate", "text": {"en": "[Reasoning/Puzzle] Sample exam-style question #4843: Choose the correct option."}, "options": {"en": ["Option A4843", "Option B4843", "Option C4843", "Option D4843"]}, "answerIndex": 3}, {"id": "GE_4862", "section": "General Awareness", "topic": "Science", "difficulty": "moderate", "text": {"en": "[General Awareness/Science] Sample exam-style question #4862: Choose the correct option."}, "options": {"en": ["Option A4862", "Option B4862", "Option C4862", "Option D4862"]}, "answerIndex": 2}, {"id": "RE_4831", "section": "Reasoning", "topic": "Syllogism", "difficulty": "moderate", "text": {"en": "[Reasoning/Syllogism] Sample exam-style question #4831: Choose the correct option."}, "options": {"en": ["Option A4831", "Option B4831", "Option C4831", "Option D4831"]}, "answerIndex": 3}, {"id": "MA_4808", "section": "Mathematics", "topic": "DI", "difficulty": "moderate", "text": {"en": "[Mathematics/DI] Sample exam-style question #4808: Choose the correct option."}, "options": {"en": ["Option A4808", "Option B4808", "Option C4808", "Option D4808"]}, "answerIndex": 0}, {"id": "RE_4858", "section": "Reasoning", "topic": "Direction", "difficulty": "moderate", "text": {"en": "[Reasoning/Direction] Sample exam-style question #4858: Choose the correct option."}, "options": {"en": ["Option A4858", "Option B4858", "Option C4858", "Option D4858"]}, "answerIndex": 2}, {"id": "GE_4875", "section": "General Awareness", "topic": "Polity", "difficulty": "moderate", "text": {"en": "[General Awareness/Polity] Sample exam-style question #4875: Choose the correct option."}, "options": {"en": ["Option A4875", "Option B4875", "Option C4875", "Option D4875"]}, "answerIndex": 3}, {"id": "GE_4886", "section": "General Awareness", "topic": "Current Affairs", "difficulty": "moderate", "text": {"en": "[General Awareness/Current Affairs] Sample exam-style question #4886: Choose the correct option."}, "options": {"en": ["Option A4886", "Option B4886", "Option C4886", "Option D4886"]}, "answerIndex": 2}, {"id": "GE_4888", "section": "General Awareness", "topic": "Polity", "difficulty": "moderate", "text": {"en": "[General Awareness/Polity] Sample exam-style question #4888: Choose the correct option."}, "options": {"en": ["Option A4888", "Option B4888", "Option C4888", "Option D4888"]}, "answerIndex": 0}]}