{"testId": "022", "questions": [{"id": "RE_2155", "section": "Reasoning", "topic": "Puzzle", "difficulty": "moderate", "text": {"en": "[Reasoning/Puzzle] Sample exam-style question #2155: Choose the correct option."}, "options": {"en": ["Option A2155", "Option B2155", "Option C2155", "Option D2155"]}, "answerIndex": 3}, {"id": "MA_2113", "section": "Mathematics", "topic": "Percentage", "difficulty": "moderate", "text": {"en": "[Mathematics/Percentage] Sample exam-style question #2113: Choose the correct option."}, "options": {"en": ["Option A2113", "Option B2113", "Option C2113", "Option D2113"]}, "answerIndex": 1}, {"id": "RE_2132", "section": "Reasoning", "topic": "Coding", "difficulty": "moderate", "text": {"en": "[Reasoning/Coding] Sample exam-style question #2132: Choose the correct option."}, "options": {"en": ["Option A2132", "Option B2132", "Option C2132", "Option D2132"]}, "answerIndex": 0}, {"id": "RE_2157", "section": "Reasoning", "topic": "Syllogism", "difficulty": "moderate", "text": {"en": "[Reasoning/Syllogism] Sample exam-style question #2157: Choose the correct option."}, "options": {"en": ["Option A2157", "Option B2157", "Option C2157", "Option D2157"]}, "answerIndex": 1}, {"id": "GE_2199", "section": "General Awareness", "topic": "Polity", "difficulty": "moderate", "text": {"en": "[General Awareness/Polity] Sample exam-style question #2199: Choose the correct option."}, "options": {"en": ["Option A2199", "Option B2199", "Option C2199", "Option D2199"]}, "answerIndex": 3}, {"id": "MA_2118", "section": "Mathematics", "topic": "Ratio", "difficulty": "moderate", "text": {"en": "[Mathematics/Ratio] Sample exam-style question #2118: Choose the correct option."}, "options": {"en": ["Option A2118", "Option B2118", "Option C2118", "Option D2118"]}, "answerIndex": 2}, {"id": "GE_2184", "section": "General Awareness", "topic": "Current Affairs", "difficulty": "moderate", "text": {"en": "[General Awareness/Current Affairs] Sample exam-style question #2184: Choose the correct option."}, "options": {"en": ["Option A2184", "Option B2184", "Option C2184", "Option D2184"]}, "answerIndex": 0}, {"id": "RE_2150", "section": "Reasoning", "topic": "Direction", "difficulty": "moderate", "text": {"en": "[Reasoning/Direction] Sample exam-style question #2150: Choose the correct option."}, "options": {"en": ["Option A2150", "Option B2150", "Option C2150", "Option D2150"]}, "answerIndex": 2}, {"id": "MA_2121", "section": "Mathematics", "topic": "SI", "difficulty": "moderate", "text": {"en": "[Mathematics/SI] Sample exam-style question #2121: Choose the correct option."}, "options": {"en": ["Option A2121", "Option B2121", "Option C2121", "Option D2121"]}, "answerIndex": 1}, {"id": "MA_2127", "section": "Mathematics", "topic": "Time&Work", "difficulty": "moderate", "text": {"en": "[Mathematics/Time&Work] Sample exam-style question #2127: Choose the correct option."}, "options": {"en": ["Option A2127", "Option B2127", "Option C2127", "Option D2127"]}, "answerIndex": 3}, {"id": "GE_2189", "section": "General Awareness", "topic": "Geography", "difficulty": "moderate", "text": {"en": "[General Awareness/Geography] Sample exam-style question #2189: Choose the correct option."}, "options": {"en": ["Option A2189", "Option B2189", "Option C2189", "Option D2189"]}, "answerIndex": 1}, {"id": "GE_2194", "section": "General Awareness", "topic": "Economy", "difficulty": "moderate", "text": {"en": "[General Awareness/Economy] Sample exam-style question #2194: Choose the correct option."}, "options": {"en": ["Option A2194", "Option B2194", "Option C2194", "Option D2194"]}, "answerIndex": 2}, {"id": "RE_2142", "section": "Reasoning", "topic": "Direction", "difficulty": "moderate", "text": {"en": "[Reasoning/Direction] Sample exam-style question #2142: Choose the correct option."}, "options": {"en": ["Option A2142", "Option B2142", "Option C2142", "Option D2142"]}, "answerIndex": 2}, {"id": "MA_2126", "section": "Mathematics", "topic": "Ratio", "difficulty": "moderate", "text": {"en": "[Mathematics/Ratio] Sample exam-style question #2126: Choose the correct option."}, "options": {"en": ["Option A2126", "Option B2126", "Option C2126", "Option D2126"]}, "answerIndex": 2}, {"id": "MA_2125", "section": "Mathematics", "topic": "CI", "difficulty": "moderate", "text": {"en": "[Mathematics/CI] Sample exam-style question #2125: Choose the correct option."}, "options": {"en": ["Option A2125", "Option B2125", "Option C2125", "Option D2125"]}, "answerIndex": 1}, {"id": "GE_2164", "section": "General Awareness", "topic": "Economy", "difficulty": "moderate", "text": {"en": "[General Awareness/Economy] Sample exam-style question #2164: Choose the correct option."}, "options": {"en": ["Option A2164", "Option B2164", "Option C2164", "Option D2164"]}, "answerIndex": 0}, {"id": "MA_2130", "section": "Mathematics", "topic": "DI", "difficulty": "moderate", "text": {"en": "[Mathematics/DI] Sample exam-style question #2130: Choose the correct option."}, "options": {"en": ["Option A2130", "Option B2130", "Option C2130", "Option D2130"]}, "answerIndex": 2}, {"id": "GE_2167", "section": "General Awareness", "topic": "Economy", "difficulty": "moderate", "text": {"en": "[General Awareness/Economy] Sample exam-style question #2167: Choose the correct option."}, "options": {"en": ["Option A2167", "Option B2167", "Option C2167", "Option D2167"]}, "answerIndex": 3}, {"id": "MA_2101", "section": "Mathematics", "topic": "CI", "difficulty": "moderate", "text": {"en": "[Mathematics/CI] Sample exam-style question #2101: Choose the correct option."}, "options": {"en": ["Option A2101", "Option B2101", "Option C2101", "Option D2101"]}, "answerIndex": 1}, {"id": "RE_2139", "section": "Reasoning", "topic": "Direction", "difficulty": "moderate", "text": {"en": "[Reasoning/Direction] Sample exam-style question #2139: Choose the correct option."}, "options": {"en": ["Option A2139", "Option B2139", "Option C2139", "Option D2139"]}, "answerIndex": 3}, {"id": "MA_2103", "section": "Mathematics", "topic": "Ratio", "difficulty": "moderate", "text": {"en": "[Mathematics/Ratio] Sample exam-style question #2103: Choose the correct option."}, "options": {"en": ["Option A2103", "Option B2103", "Option C2103", "Option D2103"]}, "answerIndex": 3}, {"id": "RE_2138", "section": "Reasoning", "topic": "Syllogism", "difficulty": "moderate", "text": {"en": "[Reasoning/Syllogism] Sample exam-style question #2138: Choose the correct option."}, "options": {"en": ["Option A2138", "Option B2138", "Option C2138", "Option D2138"]}, "answerIndex": 2}, {"id": "MA_2102", "section": "Mathematics", "topic": "Ratio", "difficulty": "moderate", "text": {"en": "[Mathematics/Ratio] Sample exam-style question #2102: Choose the correct option."}, "options": {"en": ["Option A2102", "Option B2102", "Option C2102", "Option D2102"]}, "answerIndex": 2}, {"id": "RE_2160", "section": "Reasoning", "topic": "Syllogism", "difficulty": "moderate", "text": {"en": "[Reasoning/Syllogism] Sample exam-style question #2160: Choose the correct option."}, "options": {"en": ["Option A2160", "Option B2160", "Option C2160", "Option D2160"]}, "answerIndex": 0}, {"id": "GE_2173", "section": "General Awareness", "topic": "Science", "difficulty": "moderate", "text": {"en": "[General Awareness/Science] Sample exam-style question #2173: Choose the correct option."}, "options": {"en": ["Option A2173", "Option B2173", "Option C2173", "Option D2173"]}, "answerIndex": 1}, {"id": "GE_2176", "section": "General Awareness", "topic": "Economy", "difficulty": "moderate", "text": {"en": "[General Awareness/Economy] Sample exam-style question #2176: Choose the correct option."}, "options": {"en": ["Option A2176", "Option B2176", "Option C2176", "Option D2176"]}, "answerIndex": 0}, {"id": "MA_2129", "section": "Mathematics", "topic": "SI", "difficulty": "moderate", "text": {"en": "[Mathematics/SI] Sample exam-style question #2129: Choose the correct option."}, "options": {"en": ["Option A2129", "Option B2129", "Option C2129", "Option D2129"]}, "answerIndex": 1}, {"id": "MA_2104", "section": "Mathematics", "topic": "Ratio", "difficulty": "moderate", "text": {"en": "[Mathematics/Ratio] Sample exam-style question #2104: Choose the correct option."}, "options": {"en": ["Option A2104", "Option B2104", "Option C2104", "Option D2104"]}, "answerIndex": 0}, {"id": "GE_2168", "section": "General Awareness", "topic": "Geography", "difficulty": "moderate", "text": {"en": "[General Awareness/Geography] Sample exam-style question #2168: Choose the correct option."}, "options": {"en": ["Option A2168", "Option B2168", "Option C2168", "Option D2168"]}, "answerIndex": 0}, {"id": "RE_2135", "section": "Reasoning", "topic": "Puzzle", "difficulty": "moderate", "text": {"en": "[Reasoning/Puzzle] Sample exam-style question #2135: Choose the correct option."}, "options": {"en": ["Option A2135", "Option B2135", "Option C2135", "Option D2135"]}, "answerIndex": 3}, {"id": "MA_2111", "section": "Mathematics", "topic": "Speed", "difficulty": "moderate", "text": {"en": "[Mathematics/Speed] Sample exam-style question #2111: Choose the correct option."}, "options": {"en": ["Option A2111", "Option B2111", "Option C2111", "Option D2111"]}, "answerIndex": 3}, {"id": "GE_2183", "section": "General Awareness", "topic": "Current Affairs", "difficulty": "moderate", "text": {"en": "[General Awareness/Current Affairs] Sample exam-style question #2183: Choose the correct option."}, "options": {"en": ["Option A2183", "Option B2183", "Option C2183", "Option D2183"]}, "answerIndex": 3}, {"id": "GE_2178", "section": "General Awareness", "topic": "Geography", "difficulty": "moderate", "text": {"en": "[General Awareness/Geography] Sample exam-style question #2178: Choose the correct option."}, "options": {"en": ["Option A2178", "Option B2178", "Option C2178", "Option D2178"]}, "answerIndex": 2}, {"id": "MA_2110", "section": "Mathematics", "topic": "Ratio", "difficulty": "moderate", "text": {"en": "[Mathematics/Ratio] Sample exam-style question #2110: Choose the correct option."}, "options": {"en": ["Option A2110", "Option B2110", "Option C2110", "Option D2110"]}, "answerIndex": 2}, {"id": "MA_2119", "section": "Mathematics", "topic": "CI", "difficulty": "moderate", "text": {"en": "[Mathematics/CI] Sample exam-style question #2119: Choose the correct option."}, "options": {"en": ["Option A2119", "Option B2119", "Option C2119", "Option D2119"]}, "answerIndex": 3}, {"id": "GE_2196", "section": "General Awareness", "topic": "Science", "difficulty": "moderate", "text": {"en": "[General Awareness/Science] Sample exam-style question #2196: Choose the correct option."}, "options": {"en": ["Option A2196", "Option B2196", "Option C2196", "Option D2196"]}, "answerIndex": 0}, {"id": "RE_2152", "section": "Reasoning", "topic": "Puzzle", "difficulty": "moderate", "text": {"en": "[Reasoning/Puzzle] Sample exam-style question #2152: Choose the correct option."}, "options": {"en": ["Option A2152", "Option B2152", "Option C2152", "Option D2152"]}, "answerIndex": 0}, {"id": "RE_2140", "section": "Reasoning", "topic": "Puzzle", "difficulty": "moderate", "text": {"en": "[Reasoning/Puzzle] Sample exam-style question #2140: Choose the correct option."}, "options": {"en": ["Option A2140", "Option B2140", "Option C2140", "Option D2140"]}, "answerIndex": 0}, {"id": "MA_2124", "section": "Mathematics", "topic": "DI", "difficulty": "moderate", "text": {"en": "[Mathematics/DI] Sample exam-style question #2124: Choose the correct option."}, "options": {"en": ["Option A2124", "Option B2124", "Option C2124", "Option D2124"]}, "answerIndex": 0}, {"id": "GE_2174", "section": "General Awareness", "topic": "Geography", "difficulty": "moderate", "text": {"en": "[General Awareness/Geography] Sample exam-style question #2174: Choose the correct option."}, "options": {"en": ["Option A2174", "Option B2174", "Option C2174", "Option D2174"]}, "answerIndex": 2}, {"id": "RE_2143", "section": "Reasoning", "topic": "Coding", "difficulty": "moderate", "text": {"en": "[Reasoning/Coding] Sample exam-style question #2143: Choose the correct option."}, "options": {"en": ["Option A2143", "Option B2143", "Option C2143", "Option D2143"]}, "answerIndex": 3}, {"id": "GE_2179", "section": "General Awareness", "topic": "History", "difficulty": "moderate", "text": {"en": "[General Awareness/History] Sample exam-style question #2179: Choose the correct option."}, "options": {"en": ["Option A2179", "Option B2179", "Option C2179", "Option D2179"]}, "answerIndex": 3}, {"id": "GE_2190", "section": "General Awareness", "topic": "Economy", "difficulty": "moderate", "text": {"en": "[General Awareness/Economy] Sample exam-style question #2190: Choose the correct option."}, "options": {"en": ["Option A2190", "Option B2190", "Option C2190", "Option D2190"]}, "answerIndex": 2}, {"id": "GE_2197", "section": "General Awareness", "topic": "Polity", "difficulty": "moderate", "text": {"en": "[General Awareness/Polity] Sample exam-style question #2197: Choose the correct option."}, "options": {"en": ["Option A2197", "Option B2197", "Option C2197", "Option D2197"]}, "answerIndex": 1}, {"id": "MA_2123", "section": "Mathematics", "topic": "Speed", "difficulty": "moderate", "text": {"en": "[Mathematics/Speed] Sample exam-style question #2123: Choose the correct option."}, "options": {"en": ["Option A2123", "Option B2123", "Option C2123", "Option D2123"]}, "answerIndex": 3}, {"id": "GE_2171", "section": "General Awareness", "topic": "Polity", "difficulty": "moderate", "text": {"en": "[General Awareness/Polity] Sample exam-style question #2171: Choose the correct option."}, "options": {"en": ["Option A2171", "Option B2171", "Option C2171", "Option D2171"]}, "answerIndex": 3}, {"id": "RE_2137", "section": "Reasoning", "topic": "Direction", "difficulty": "moderate", "text": {"en": "[Reasoning/Direction] Sample exam-style question #2137: Choose the correct option."}, "options": {"en": ["Option A2137", "Option B2137", "Option C2137", "Option D2137"]}, "answerIndex": 1}, {"id": "RE_2148", "section": "Reasoning", "topic": "Series", "difficulty": "moderate", "text": {"en": "[Reasoning/Series] Sample exam-style question #2148: Choose the correct option."}, "options": {"en": ["Option A2148", "Option B2148", "Option C2148", "Option D2148"]}, "answerIndex": 0}, {"id": "GE_2163", "section": "General Awareness", "topic": "History", "difficulty": "moderate", "text": {"en": "[General Awareness/History] Sample exam-style question #2163: Choose the correct option."}, "options": {"en": ["Option A2163", "Option B2163", "Option C2163", "Option D2163"]}, "answerIndex": 3}, {"id": "GE_2198", "section": "General Awareness", "topic": "Polity", "difficulty": "moderate", "text": {"en": "[General Awareness/Polity] Sample exam-style question #2198: Choose the correct option."}, "options": {"en": ["Option A2198", "Option B2198", "Option C2198", "Option D2198"]}, "answerIndex": 2}, {"id": "MA_2128", "section": "Mathematics", "topic": "Ratio", "difficulty": "moderate", "text": {"en": "[Mathematics/Ratio] Sample exam-style question #2128: Choose the correct option."}, "options": {"en": ["Option A2128", "Option B2128", "Option C2128", "Option D2128"]}, "answerIndex": 0}, {"id": "MA_2114", "section": "Mathematics", "topic": "CI", "difficulty": "moderate", "text": {"en": "[Mathematics/CI] Sample exam-style question #2114: Choose the correct option."}, "options": {"en": ["Option A2114", "Option B2114", "Option C2114", "Option D2114"]}, "answerIndex": 2}, {"id": "GE_2191", "section": "General Awareness", "topic": "Current Affairs", "difficulty": "moderate", "text": {"en": "[General Awareness/Current Affairs] Sample exam-style question #2191: Choose the correct option."}, "options": {"en": ["Option A2191", "Option B2191", "Option C2191", "Option D2191"]}, "answerIndex": 3}, {"id": "RE_2133", "section": "Reasoning", "topic": "Syllogism", "difficulty": "moderate", "text": {"en": "[Reasoning/Syllogism] Sample exam-style question #2133: Choose the correct option."}, "options": {"en": ["Option A2133", "Option B2133", "Option C2133", "Option D2133"]}, "answerIndex": 1}, {"id": "RE_2134", "section": "Reasoning", "topic": "Analogy", "difficulty": "moderate", "text": {"en": "[Reasoning/Analogy] Sample exam-style question #2134: Choose the correct option."}, "options": {"en": ["Option A2134", "Option B2134", "Option C2134", "Option D2134"]}, "answerIndex": 2}, {"id": "RE_2154", "section": "Reasoning", "topic": "Analogy", "difficulty": "moderate", "text": {"en": "[Reasoning/Analogy] Sample exam-style question #2154: Choose the correct option."}, "options": {"en": ["Option A2154", "Option B2154", "Option C2154", "Option D2154"]}, "answerIndex": 2}, {"id": "GE_2166", "section": "General Awareness", "topic": "History", "difficulty": "moderate", "text": {"en": "[General Awareness/History] Sample exam-style question #2166: Choose the correct option."}, "options": {"en": ["Option A2166", "Option B2166", "Option C2166", "Option D2166"]}, "answerIndex": 2}, {"id": "GE_2181", "section": "General Awareness", "topic": "Geography", "difficulty": "moderate", "text": {"en": "[General Awareness/Geography] Sample exam-style question #2181: Choose the correct option."}, "options": {"en": ["Option A2181", "Option B2181", "Option C2181", "Option D2181"]}, "answerIndex": 1}, {"id": "GE_2188", "section": "General Awareness", "topic": "Polity", "difficulty": "moderate", "text": {"en": "[General Awareness/Polity] Sample exam-style question #2188: Choose the correct option."}, "options": {"en": ["Option A2188", "Option B2188", "Option C2188", "Option D2188"]}, "answerIndex": 0}, {"id": "GE_2165", "section": "General Awareness", "topic": "Polity", "difficulty": "moderate", "text": {"en": "[General Awareness/Polity] Sample exam-style question #2165: Choose the correct option."}, "options": {"en": ["Option A2165", "Option B2165", "Option C2165", "Option D2165"]}, "answerIndex": 1}, {"id": "MA_2107", "section": "Mathematics", "topic": "DI", "difficulty": "moderate", "text": {"en": "[Mathematics/DI] Sample exam-style question #2107: Choose the correct option."}, "options": {"en": ["Option A2107", "Option B2107", "Option C2107", "Option D2107"]}, "answerIndex": 3}, {"id": "RE_2144", "section": "Reasoning", "topic": "Coding", "difficulty": "moderate", "text": {"en": "[Reasoning/Coding] Sample exam-style question #2144: Choose the correct option."}, "options": {"en": ["Option A2144", "Option B2144", "Option C2144", "Option D2144"]}, "answerIndex": 0}, {"id": "MA_2106", "section": "Mathematics", "topic": "Speed", "difficulty": "moderate", "text": {"en": "[Mathematics/Speed] Sample exam-style question #2106: Choose the correct option."}, "options": {"en": ["Option A2106", "Option B2106", "Option C2106", "Option D2106"]}, "answerIndex": 2}, {"id": "MA_2115", "section": "Mathematics", "topic": "SI", "difficulty": "moderate", "text": {"en": "[Mathematics/SI] Sample exam-style question #2115: Choose the correct option."}, "options": {"en": ["Option A2115", "Option B2115", "Option C2115", "Option D2115"]}, "answerIndex": 3}, {"id": "RE_2158", "section": "Reasoning", "topic": "Series", "difficulty": "moderate", "text": {"en": "[Reasoning/Series] Sample exam-style question #2158: Choose the correct option."}, "options": {"en": ["Option A2158", "Option B2158", "Option C2158", "Option D2158"]}, "answerIndex": 2}, {"id": "GE_2192", "section": "General Awareness", "topic": "History", "difficulty": "moderate", "text": {"en": "[General Awareness/History] Sample exam-style question #2192: Choose the correct option."}, "options": {"en": ["Option A2192", "Option B2192", "Option C2192", "Option D2192"]}, "answerIndex": 0}, {"id": "RE_2145", "section": "Reasoning", "topic": "Puzzle", "difficulty": "moderate", "text": {"en": "[Reasoning/Puzzle] Sample exam-style question #2145: Choose the correct option."}, "options": {"en": ["Option A2145", "Option B2145", "Option C2145", "Option D2145"]}, "answerIndex": 1}, {"id": "GE_2169", "section": "General Awareness", "topic": "Polity", "difficulty": "moderate", "text": {"en": "[General Awareness/Polity] Sample exam-style question #2169: Choose the correct option."}, "options": {"en": ["Option A2169", "Option B2169", "Option C2169", "Option D2169"]}, "answerIndex": 1}, {"id": "GE_2161", "section": "General Awareness", "topic": "Economy", "difficulty": "moderate", "text": {"en": "[General Awareness/Economy] Sample exam-style question #2161: Choose the correct option."}, "options": {"en": ["Option A2161", "Option B2161", "Option C2161", "Option D2161"]}, "answerIndex": 1}, {"id": "GE_2200", "section": "General Awareness", "topic": "Geography", "difficulty": "moderate", "text": {"en": "[General Awareness/Geography] Sample exam-style question #2200: Choose the correct option."}, "options": {"en": ["Option A2200", "Option B2200", "Option C2200", "Option D2200"]}, "answerIndex": 0}, {"id": "GE_2172", "section": "General Awareness", "topic": "Economy", "difficulty": "moderate", "text": {"en": "[General Awareness/Economy] Sample exam-style question #2172: Choose the correct option."}, "options": {"en": ["Option A2172", "Option B2172", "Option C2172", "Option D2172"]}, "answerIndex": 0}, {"id": "GE_2182", "section": "General Awareness", "topic": "Polity", "difficulty": "moderate", "text": {"en": "[General Awareness/Polity] Sample exam-style question #2182: Choose the correct option."}, "options": {"en": ["Option A2182", "Option B2182", "Option C2182", "Option D2182"]}, "answerIndex": 2}, {"id": "MA_2105", "section": "Mathematics", "topic": "DI", "difficulty": "moderate", "text": {"en": "[Mathematics/DI] Sample exam-style question #2105: Choose the correct option."}, "options": {"en": ["Option A2105", "Option B2105", "Option C2105", "Option D2105"]}, "answerIndex": 1}, {"id": "MA_2122", "section": "Mathematics", "topic": "DI", "difficulty": "moderate", "text": {"en": "[Mathematics/DI] Sample exam-style question #2122: Choose the correct option."}, "options": {"en": ["Option A2122", "Option B2122", "Option C2122", "Option D2122"]}, "answerIndex": 2}, {"id": "GE_2175", "section": "General Awareness", "topic": "History", "difficulty": "moderate", "text": {"en": "[General Awareness/History] Sample exam-style question #2175: Choose the correct option."}, "options": {"en": ["Option A2175", "Option B2175", "Option C2175", "Option D2175"]}, "answerIndex": 3}, {"id": "GE_2180", "section": "General Awareness", "topic": "Polity", "difficulty": "moderate", "text": {"en": "[General Awareness/Polity] Sample exam-style question #2180: Choose the correct option."}, "options": {"en": ["Option A2180", "Option B2180", "Option C2180", "Option D2180"]}, "answerIndex": 0}, {"id": "GE_2187", "section": "General Awareness", "topic": "History", "difficulty": "moderate", "text": {"en": "[General Awareness/History] Sample exam-style question #2187: Choose the correct option."}, "options": {"en": ["Option A2187", "Option B2187", "Option C2187", "Option D2187"]}, "answerIndex": 3}, {"id": "RE_2159", "section": "Reasoning", "topic": "Coding", "difficulty": "moderate", "text": {"en": "[Reasoning/Coding] Sample exam-style question #2159: Choose the correct option."}, "options": {"en": ["Option A2159", "Option B2159", "Option C2159", "Option D2159"]}, "answerIndex": 3}, {"id": "GE_2195", "section": "General Awareness", "topic": "Economy", "difficulty": "moderate", "text": {"en": "[General Awareness/Economy] Sample exam-style question #2195: Choose the correct option."}, "options": {"en": ["Option A2195", "Option B2195", "Option C2195", "Option D2195"]}, "answerIndex": 3}, {"id": "MA_2120", "section": "Mathematics", "topic": "Time&Work", "difficulty": "moderate", "text": {"en": "[Mathematics/Time&Work] Sample exam-style question #2120: Choose the correct option."}, "options": {"en": ["Option A2120", "Option B2120", "Option C2120", "Option D2120"]}, "answerIndex": 0}, {"id": "MA_2116", "section": "Mathematics", "topic": "Speed", "difficulty": "moderate", "text": {"en": "[Mathematics/Speed] Sample exam-style question #2116: Choose the correct option."}, "options": {"en": ["Option A2116", "Option B2116", "Option C2116", "Option D2116"]}, "answerIndex": 0}, {"id": "RE_2141", "section": "Reasoning", "topic": "Puzzle", "difficulty": "moderate", "text": {"en": "[Reasoning/Puzzle] Sample exam-style question #2141: Choose the correct option."}, "options": {"en": ["Option A2141", "Option B2141", "Option C2141", "Option D2141"]}, "answerIndex": 1}, {"id": "RE_2149", "section": "Reasoning", "topic": "Analogy", "difficulty": "moderate", "text": {"en": "[Reasoning/Analogy] Sample exam-style question #2149: Choose the correct option."}, "options": {"en": ["Option A2149", "Option B2149", "Option C2149", "Option D2149"]}, "answerIndex": 1}, {"id": "GE_2193", "section": "General Awareness", "topic": "Current Affairs", "difficulty": "moderate", "text": {"en": "[General Awareness/Current Affairs] Sample exam-style question #2193: Choose the correct option."}, "options": {"en": ["Option A2193", "Option B2193", "Option C2193", "Option D2193"]}, "answerIndex": 1}, {"id": "GE_2162", "section": "General Awareness", "topic": "Science", "difficulty": "moderate", "text": {"en": "[General Awareness/Science] Sample exam-style question #2162: Choose the correct option."}, "options": {"en": ["Option A2162", "Option B2162", "Option C2162", "Option D2162"]}, "answerIndex": 2}, {"id": "RE_2136", "section": "Reasoning", "topic": "Direction", "difficulty": "moderate", "text": {"en": "[Reasoning/Direction] Sample exam-style question #2136: Choose the correct option."}, "options": {"en": ["Option A2136", "Option B2136", "Option C2136", "Option D2136"]}, "answerIndex": 0}, {"id": "MA_2108", "section": "Mathematics", "topic": "Time&Work", "difficulty": "moderate", "text": {"en": "[Mathematics/Time&Work] Sample exam-style question #2108: Choose the correct option."}, "options": {"en": ["Option A2108", "Option B2108", "Option C2108", "Option D2108"]}, "answerIndex": 0}, {"id": "RE_2156", "section": "Reasoning", "topic": "Series", "difficulty": "moderate", "text": {"en": "[Reasoning/Series] Sample exam-style question #2156: Choose the correct option."}, "options": {"en": ["Option A2156", "Option B2156", "Option C2156", "Option D2156"]}, "answerIndex": 0}, {"id": "RE_2131", "section": "Reasoning", "topic": "Direction", "difficulty": "moderate", "text": {"en": "[Reasoning/Direction] Sample exam-style question #2131: Choose the correct option."}, "options": {"en": ["Option A2131", "Option B2131", "Option C2131", "Option D2131"]}, "answerIndex": 3}, {"id": "RE_2146", "section": "Reasoning", "topic": "Coding", "difficulty": "moderate", "text": {"en": "[Reasoning/Coding] Sample exam-style question #2146: Choose the correct option."}, "options": {"en": ["Option A2146", "Option B2146", "Option C2146", "Option D2146"]}, "answerIndex": 2}, {"id": "MA_2109", "section": "Mathematics", "topic": "DI", "difficulty": "moderate", "text": {"en": "[Mathematics/DI] Sample exam-style question #2109: Choose the correct option."}, "options": {"en": ["Option A2109", "Option B2109", "Option C2109", "Option D2109"]}, "answerIndex": 1}, {"id": "GE_2185", "section": "General Awareness", "topic": "Geography", "difficulty": "moderate", "text": {"en": "[General Awareness/Geography] Sample exam-style question #2185: Choose the correct option."}, "options": {"en": ["Option A2185", "Option B2185", "Option C2185", "Option D2185"]}, "answerIndex": 1}, {"id": "GE_2186", "section": "General Awareness", "topic": "History", "difficulty": "moderate", "text": {"en": "[General Awareness/History] Sample exam-style question #2186: Choose the correct option."}, "options": {"en": ["Option A2186", "Option B2186", "Option C2186", "Option D2186"]}, "answerIndex": 2}, {"id": "GE_2170", "section": "General Awareness", "topic": "Economy", "difficulty": "moderate", "text": {"en": "[General Awareness/Economy] Sample exam-style question #2170: Choose the correct option."}, "options": {"en": ["Option A2170", "Option B2170", "Option C2170", "Option D2170"]}, "answerIndex": 2}, {"id": "RE_2151", "section": "Reasoning", "topic": "Syllogism", "difficulty": "moderate", "text": {"en": "[Reasoning/Syllogism] Sample exam-style question #2151: Choose the correct option."}, "options": {"en": ["Option A2151", "Option B2151", "Option C2151", "Option D2151"]}, "answerIndex": 3}, {"id": "MA_2112", "section": "Mathematics", "topic": "CI", "difficulty": "moderate", "text": {"en": "[Mathematics/CI] Sample exam-style question #2112: Choose the correct option."}, "options": {"en": ["Option A2112", "Option B2112", "Option C2112", "Option D2112"]}, "answerIndex": 0}, {"id": "RE_2147", "section": "Reasoning", "topic": "Syllogism", "difficulty": "moderate", "text": {"en": "[Reasoning/Syllogism] Sample exam-style question #2147: Choose the correct option."}, "options": {"en": ["Option A2147", "Option B2147", "Option C2147", "Option D2147"]}, "answerIndex": 3}, {"id": "GE_2177", "section": "General Awareness", "topic": "Polity", "difficulty": "moderate", "text": {"en": "[General Awareness/Polity] Sample exam-style question #2177: Choose the correct option."}, "options": {"en": ["Option A2177", "Option B2177", "Option C2177", "Option D2177"]}, "answerIndex": 1}, {"id": "RE_2153", "section": "Reasoning", "topic": "Series", "difficulty": "moderate", "text": {"en": "[Reasoning/Series] Sample exam-style question #2153: Choose the correct option."}, "options": {"en": ["Option A2153", "Option B2153", "Option C2153", "Option D2153"]}, "answerIndex": 1}, {"id": "MA_2117", "section": "Mathematics", "topic": "Speed", "difficulty": "moderate", "text": {"en": "[Mathematics/Speed] Sample exam-style question #2117: Choose the correct option."}, "options": {"en": ["Option A2117", "Option B2117", "Option C2117", "Option D2117"]}, "answerIndex": 1}]}