{"testId": "027", "questions": [{"id": "GE_2671", "section": "General Awareness", "topic": "Geography", "difficulty": "moderate", "text": {"en": "[General Awareness/Geography] Sample exam-style question #2671: Choose the correct option."}, "options": {"en": ["Option A2671", "Option B2671", "Option C2671", "Option D2671"]}, "answerIndex": 3}, {"id": "GE_2683", "section": "General Awareness", "topic": "Polity", "difficulty": "moderate", "text": {"en": "[General Awareness/Polity] Sample exam-style question #2683: Choose the correct option."}, "options": {"en": ["Option A2683", "Option B2683", "Option C2683", "Option D2683"]}, "answerIndex": 3}, {"id": "MA_2617", "section": "Mathematics", "topic": "CI", "difficulty": "moderate", "text": {"en": "[Mathematics/CI] Sample exam-style question #2617: Choose the correct option."}, "options": {"en": ["Option A2617", "Option B2617", "Option C2617", "Option D2617"]}, "answerIndex": 1}, {"id": "MA_2620", "section": "Mathematics", "topic": "CI", "difficulty": "moderate", "text": {"en": "[Mathematics/CI] Sample exam-style question #2620: Choose the correct option."}, "options": {"en": ["Option A2620", "Option B2620", "Option C2620", "Option D2620"]}, "answerIndex": 0}, {"id": "GE_2692", "section": "General Awareness", "topic": "Science", "difficulty": "moderate", "text": {"en": "[General Awareness/Science] Sample exam-style question #2692: Choose the correct option."}, "options": {"en": ["Option A2692", "Option B2692", "Option C2692", "Option D2692"]}, "answerIndex": 0}, {"id": "RE_2656", "section": "Reasoning", "topic": "Puzzle", "difficulty": "moderate", "text": {"en": "[Reasoning/Puzzle] Sample exam-style question #2656: Choose the correct option."}, "options": {"en": ["Option A2656", "Option B2656", "Option C2656", "Option D2656"]}, "answerIndex": 0}, {"id": "MA_2624", "section": "Mathematics", "topic": "Time&Work", "difficulty": "moderate", "text": {"en": "[Mathematics/Time&Work] Sample exam-style question #2624: Choose the correct option."}, "options": {"en": ["Option A2624", "Option B2624", "Option C2624", "Option D2624"]}, "answerIndex": 0}, {"id": "MA_2628", "section": "Mathematics", "topic": "Time&Work", "difficulty": "moderate", "text": {"en": "[Mathematics/Time&Work] Sample exam-style question #2628: Choose the correct option."}, "options": {"en": ["Option A2628", "Option B2628", "Option C2628", "Option D2628"]}, "answerIndex": 0}, {"id": "MA_2606", "section": "Mathematics", "topic": "Ratio", "difficulty": "moderate", "text": {"en": "[Mathematics/Ratio] Sample exam-style question #2606: Choose the correct option."}, "options": {"en": ["Option A2606", "Option B2606", "Option C2606", "Option D2606"]}, "answerIndex": 2}, {"id": "GE_2699", "section": "General Awareness", "topic": "Science", "difficulty": "moderate", "text": {"en": "[General Awareness/Science] Sample exam-style question #2699: Choose the correct option."}, "options": {"en": ["Option A2699", "Option B2699", "Option C2699", "Option D2699"]}, "answerIndex": 3}, {"id": "RE_2642", "section": "Reasoning", "topic": "Direction", "difficulty": "moderate", "text": {"en": "[Reasoning/Direction] Sample exam-style question #2642: Choose the correct option."}, "options": {"en": ["Option A2642", "Option B2642", "Option C2642", "Option D2642"]}, "answerIndex": 2}, {"id": "RE_2638", "section": "Reasoning", "topic": "Syllogism", "difficulty": "moderate", "text": {"en": "[Reasoning/Syllogism] Sample exam-style question #2638: Choose the correct option."}, "options": {"en": ["Option A2638", "Option B2638", "Option C2638", "Option D2638"]}, "answerIndex": 2}, {"id": "GE_2676", "section": "General Awareness", "topic": "History", "difficulty": "moderate", "text": {"en": "[General Awareness/History] Sample exam-style question #2676: Choose the correct option."}, "options": {"en": ["Option A2676", "Option B2676", "Option C2676", "Option D2676"]}, "answerIndex": 0}, {"id": "RE_2643", "section": "Reasoning", "topic": "Coding", "difficulty": "moderate", "text": {"en": "[Reasoning/Coding] Sample exam-style question #2643: Choose the correct option."}, "options": {"en": ["Option A2643", "Option B2643", "Option C2643", "Option D2643"]}, "answerIndex": 3}, {"id": "GE_2688", "section": "General Awareness", "topic": "Science", "difficulty": "moderate", "text": {"en": "[General Awareness/Science] Sample exam-style question #2688: Choose the correct option."}, "options": {"en": ["Option A2688", "Option B2688", "Option C2688", "Option D2688"]}, "answerIndex": 0}, {"id": "RE_2645", "section": "Reasoning", "topic": "Analogy", "difficulty": "moderate", "text": {"en": "[Reasoning/Analogy] Sample exam-style question #2645: Choose the correct option."}, "options": {"en": ["Option A2645", "Option B2645", "Option C2645", "Option D2645"]}, "answerIndex": 1}, {"id": "MA_2623", "section": "Mathematics", "topic": "CI", "difficulty": "moderate", "text": {"en": "[Mathematics/CI] Sample exam-style question #2623: Choose the correct option."}, "options": {"en": ["Option A2623", "Option B2623", "Option C2623", "Option D2623"]}, "answerIndex": 3}, {"id": "MA_2614", "section": "Mathematics", "topic": "Ratio", "difficulty": "moderate", "text": {"en": "[Mathematics/Ratio] Sample exam-style question #2614: Choose the correct option."}, "options": {"en": ["Option A2614", "Option B2614", "Option C2614", "Option D2614"]}, "answerIndex": 2}, {"id": "GE_2665", "section": "General Awareness", "topic": "Current Affairs", "difficulty": "moderate", "text": {"en": "[General Awareness/Current Affairs] Sample exam-style question #2665: Choose the correct option."}, "options": {"en": ["Option A2665", "Option B2665", "Option C2665", "Option D2665"]}, "answerIndex": 1}, {"id": "RE_2658", "section": "Reasoning", "topic": "Series", "difficulty": "moderate", "text": {"en": "[Reasoning/Series] Sample exam-style question #2658: Choose the correct option."}, "options": {"en": ["Option A2658", "Option B2658", "Option C2658", "Option D2658"]}, "answerIndex": 2}, {"id": "GE_2661", "section": "General Awareness", "topic": "Economy", "difficulty": "moderate", "text": {"en": "[General Awareness/Economy] Sample exam-style question #2661: Choose the correct option."}, "options": {"en": ["Option A2661", "Option B2661", "Option C2661", "Option D2661"]}, "answerIndex": 1}, {"id": "GE_2672", "section": "General Awareness", "topic": "Geography", "difficulty": "moderate", "text": {"en": "[General Awareness/Geography] Sample exam-style question #2672: Choose the correct option."}, "options": {"en": ["Option A2672", "Option B2672", "Option C2672", "Option D2672"]}, "answerIndex": 0}, {"id": "GE_2664", "section": "General Awareness", "topic": "Science", "difficulty": "moderate", "text": {"en": "[General Awareness/Science] Sample exam-style question #2664: Choose the correct option."}, "options": {"en": ["Option A2664", "Option B2664", "Option C2664", "Option D2664"]}, "answerIndex": 0}, {"id": "RE_2654", "section": "Reasoning", "topic": "Coding", "difficulty": "moderate", "text": {"en": "[Reasoning/Coding] Sample exam-style question #2654: Choose the correct option."}, "options": {"en": ["Option A2654", "Option B2654", "Option C2654", "Option D2654"]}, "answerIndex": 2}, {"id": "MA_2622", "section": "Mathematics", "topic": "Percentage", "difficulty": "moderate", "text": {"en": "[Mathematics/Percentage] Sample exam-style question #2622: Choose the correct option."}, "options": {"en": ["Option A2622", "Option B2622", "Option C2622", "Option D2622"]}, "answerIndex": 2}, {"id": "GE_2697", "section": "General Awareness", "topic": "History", "difficulty": "moderate", "text": {"en": "[General Awareness/History] Sample exam-style question #2697: Choose the correct option."}, "options": {"en": ["Option A2697", "Option B2697", "Option C2697", "Option D2697"]}, "answerIndex": 1}, {"id": "RE_2631", "section": "Reasoning", "topic": "Series", "difficulty": "moderate", "text": {"en": "[Reasoning/Series] Sample exam-style question #2631: Choose the correct option."}, "options": {"en": ["Option A2631", "Option B2631", "Option C2631", "Option D2631"]}, "answerIndex": 3}, {"id": "RE_2632", "section": "Reasoning", "topic": "Syllogism", "difficulty": "moderate", "text": {"en": "[Reasoning/Syllogism] Sample exam-style question #2632: Choose the correct option."}, "options": {"en": ["Option A2632", "Option B2632", "Option C2632", "Option D2632"]}, "answerIndex": 0}, {"id": "MA_2618", "section": "Mathematics", "topic": "CI", "difficulty": "moderate", "text": {"en": "[Mathematics/CI] Sample exam-style question #2618: Choose the correct option."}, "options": {"en": ["Option A2618", "Option B2618", "Option C2618", "Option D2618"]}, "answerIndex": 2}, {"id": "RE_2650", "section": "Reasoning", "topic": "Direction", "difficulty": "moderate", "text": {"en": "[Reasoning/Direction] Sample exam-style question #2650: Choose the correct option."}, "options": {"en": ["Option A2650", "Option B2650", "Option C2650", "Option D2650"]}, "answerIndex": 2}, {"id": "MA_2616", "section": "Mathematics", "topic": "Time&Work", "difficulty": "moderate", "text": {"en": "[Mathematics/Time&Work] Sample exam-style question #2616: Choose the correct option."}, "options": {"en": ["Option A2616", "Option B2616", "Option C2616", "Option D2616"]}, "answerIndex": 0}, {"id": "GE_2678", "section": "General Awareness", "topic": "Science", "difficulty": "moderate", "text": {"en": "[General Awareness/Science] Sample exam-style question #2678: Choose the correct option."}, "options": {"en": ["Option A2678", "Option B2678", "Option C2678", "Option D2678"]}, "answerIndex": 2}, {"id": "RE_2641", "section": "Reasoning", "topic": "Series", "difficulty": "moderate", "text": {"en": "[Reasoning/Series] Sample exam-style question #2641: Choose the correct option."}, "options": {"en": ["Option A2641", "Option B2641", "Option C2641", "Option D2641"]}, "answerIndex": 1}, {"id": "GE_2681", "section": "General Awareness", "topic": "Polity", "difficulty": "moderate", "text": {"en": "[General Awareness/Polity] Sample exam-style question #2681: Choose the correct option."}, "options": {"en": ["Option A2681", "Option B2681", "Option C2681", "Option D2681"]}, "answerIndex": 1}, {"id": "MA_2604", "section": "Mathematics", "topic": "Ratio", "difficulty": "moderate", "text": {"en": "[Mathematics/Ratio] Sample exam-style question #2604: Choose the correct option."}, "options": {"en": ["Option A2604", "Option B2604", "Option C2604", "Option D2604"]}, "answerIndex": 0}, {"id": "RE_2652", "section": "Reasoning", "topic": "Puzzle", "difficulty": "moderate", "text": {"en": "[Reasoning/Puzzle] Sample exam-style question #2652: Choose the correct option."}, "options": {"en": ["Option A2652", "Option B2652", "Option C2652", "Option D2652"]}, "answerIndex": 0}, {"id": "RE_2660", "section": "Reasoning", "topic": "Puzzle", "difficulty": "moderate", "text": {"en": "[Reasoning/Puzzle] Sample exam-style question #2660: Choose the correct option."}, "options": {"en": ["Option A2660", "Option B2660", "Option C2660", "Option D2660"]}, "answerIndex": 0}, {"id": "GE_2698", "section": "General Awareness", "topic": "Economy", "difficulty": "moderate", "text": {"en": "[General Awareness/Economy] Sample exam-style question #2698: Choose the correct option."}, "options": {"en": ["Option A2698", "Option B2698", "Option C2698", "Option D2698"]}, "answerIndex": 2}, {"id": "RE_2639", "section": "Reasoning", "topic": "Puzzle", "difficulty": "moderate", "text": {"en": "[Reasoning/Puzzle] Sample exam-style question #2639: Choose the correct option."}, "options": {"en": ["Option A2639", "Option B2639", "Option C2639", "Option D2639"]}, "answerIndex": 3}, {"id": "MA_2609", "section": "Mathematics", "topic": "Time&Work", "difficulty": "moderate", "text": {"en": "[Mathematics/Time&Work] Sample exam-style question #2609: Choose the correct option."}, "options": {"en": ["Option A2609", "Option B2609", "Option C2609", "Option D2609"]}, "answerIndex": 1}, {"id": "GE_2669", "section": "General Awareness", "topic": "Polity", "difficulty": "moderate", "text": {"en": "[General Awareness/Polity] Sample exam-style question #2669: Choose the correct option."}, "options": {"en": ["Option A2669", "Option B2669", "Option C2669", "Option D2669"]}, "answerIndex": 1}, {"id": "RE_2646", "section": "Reasoning", "topic": "Syllogism", "difficulty": "moderate", "text": {"en": "[Reasoning/Syllogism] Sample exam-style question #2646: Choose the correct option."}, "options": {"en": ["Option A2646", "Option B2646", "Option C2646", "Option D2646"]}, "answerIndex": 2}, {"id": "MA_2621", "section": "Mathematics", "topic": "Percentage", "difficulty": "moderate", "text": {"en": "[Mathematics/Percentage] Sample exam-style question #2621: Choose the correct option."}, "options": {"en": ["Option A2621", "Option B2621", "Option C2621", "Option D2621"]}, "answerIndex": 1}, {"id": "GE_2695", "section": "General Awareness", "topic": "Science", "difficulty": "moderate", "text": {"en": "[General Awareness/Science] Sample exam-style question #2695: Choose the correct option."}, "options": {"en": ["Option A2695", "Option B2695", "Option C2695", "Option D2695"]}, "answerIndex": 3}, {"id": "GE_2679", "section": "General Awareness", "topic": "Economy", "difficulty": "moderate", "text": {"en": "[General Awareness/Economy] Sample exam-style question #2679: Choose the correct option."}, "options": {"en": ["Option A2679", "Option B2679", "Option C2679", "Option D2679"]}, "answerIndex": 3}, {"id": "MA_2625", "section": "Mathematics", "topic": "CI", "difficulty": "moderate", "text": {"en": "[Mathematics/CI] Sample exam-style question #2625: Choose the correct option."}, "options": {"en": ["Option A2625", "Option B2625", "Option C2625", "Option D2625"]}, "answerIndex": 1}, {"id": "GE_2691", "section": "General Awareness", "topic": "Science", "difficulty": "moderate", "text": {"en": "[General Awareness/Science] Sample exam-style question #2691: Choose the correct option."}, "options": {"en": ["Option A2691", "Option B2691", "Option C2691", "Option D2691"]}, "answerIndex": 3}, {"id": "GE_2694", "section": "General Awareness", "topic": "Geography", "difficulty": "moderate", "text": {"en": "[General Awareness/Geography] Sample exam-style question #2694: Choose the correct option."}, "options": {"en": ["Option A2694", "Option B2694", "Option C2694", "Option D2694"]}, "answerIndex": 2}, {"id": "RE_2635", "section": "Reasoning", "topic": "Analogy", "difficulty": "moderate", "text": {"en": "[Reasoning/Analogy] Sample exam-style question #2635: Choose the correct option."}, "options": {"en": ["Option A2635", "Option B2635", "Option C2635", "Option D2635"]}, "answerIndex": 3}, {"id": "GE_2686", "section": "General Awareness", "topic": "Geography", "difficulty": "moderate", "text": {"en": "[General Awareness/Geography] Sample exam-style question #2686: Choose the correct option."}, "options": {"en": ["Option A2686", "Option B2686", "Option C2686", "Option D2686"]}, "answerIndex": 2}, {"id": "MA_2619", "section": "Mathematics", "topic": "SI", "difficulty": "moderate", "text": {"en": "[Mathematics/SI] Sample exam-style question #2619: Choose the correct option."}, "options": {"en": ["Option A2619", "Option B2619", "Option C2619", "Option D2619"]}, "answerIndex": 3}, {"id": "RE_2644", "section": "Reasoning", "topic": "Syllogism", "difficulty": "moderate", "text": {"en": "[Reasoning/Syllogism] Sample exam-style question #2644: Choose the correct option."}, "options": {"en": ["Option A2644", "Option B2644", "Option C2644", "Option D2644"]}, "answerIndex": 0}, {"id": "RE_2655", "section": "Reasoning", "topic": "Syllogism", "difficulty": "moderate", "text": {"en": "[Reasoning/Syllogism] Sample exam-style question #2655: Choose the correct option."}, "options": {"en": ["Option A2655", "Option B2655", "Option C2655", "Option D2655"]}, "answerIndex": 3}, {"id": "GE_2693", "section": "General Awareness", "topic": "History", "difficulty": "moderate", "text": {"en": "[General Awareness/History] Sample exam-style question #2693: Choose the correct option."}, "options": {"en": ["Option A2693", "Option B2693", "Option C2693", "Option D2693"]}, "answerIndex": 1}, {"id": "GE_2674", "section": "General Awareness", "topic": "Geography", "difficulty": "moderate", "text": {"en": "[General Awareness/Geography] Sample exam-style question #2674: Choose the correct option."}, "options": {"en": ["Option A2674", "Option B2674", "Option C2674", "Option D2674"]}, "answerIndex": 2}, {"id": "RE_2634", "section": "Reasoning", "topic": "Puzzle", "difficulty": "moderate", "text": {"en": "[Reasoning/Puzzle] Sample exam-style question #2634: Choose the correct option."}, "options": {"en": ["Option A2634", "Option B2634", "Option C2634", "Option D2634"]}, "answerIndex": 2}, {"id": "GE_2685", "section": "General Awareness", "topic": "Current Affairs", "difficulty": "moderate", "text": {"en": "[General Awareness/Current Affairs] Sample exam-style question #2685: Choose the correct option."}, "options": {"en": ["Option A2685", "Option B2685", "Option C2685", "Option D2685"]}, "answerIndex": 1}, {"id": "GE_2667", "section": "General Awareness", "topic": "Polity", "difficulty": "moderate", "text": {"en": "[General Awareness/Polity] Sample exam-style question #2667: Choose the correct option."}, "options": {"en": ["Option A2667", "Option B2667", "Option C2667", "Option D2667"]}, "answerIndex": 3}, {"id": "RE_2659", "section": "Reasoning", "topic": "Direction", "difficulty": "moderate", "text": {"en": "[Reasoning/Direction] Sample exam-style question #2659: Choose the correct option."}, "options": {"en": ["Option A2659", "Option B2659", "Option C2659", "Option D2659"]}, "answerIndex": 3}, {"id": "GE_2700", "section": "General Awareness", "topic": "Current Affairs", "difficulty": "moderate", "text": {"en": "[General Awareness/Current Affairs] Sample exam-style question #2700: Choose the correct option."}, "options": {"en": ["Option A2700", "Option B2700", "Option C2700", "Option D2700"]}, "answerIndex": 0}, {"id": "RE_2637", "section": "Reasoning", "topic": "Direction", "difficulty": "moderate", "text": {"en": "[Reasoning/Direction] Sample exam-style question #2637: Choose the correct option."}, "options": {"en": ["Option A2637", "Option B2637", "Option C2637", "Option D2637"]}, "answerIndex": 1}, {"id": "MA_2630", "section": "Mathematics", "topic": "Percentage", "difficulty": "moderate", "text": {"en": "[Mathematics/Percentage] Sample exam-style question #2630: Choose the correct option."}, "options": {"en": ["Option A2630", "Option B2630", "Option C2630", "Option D2630"]}, "answerIndex": 2}, {"id": "MA_2627", "section": "Mathematics", "topic": "Ratio", "difficulty": "moderate", "text": {"en": "[Mathematics/Ratio] Sample exam-style question #2627: Choose the correct option."}, "options": {"en": ["Option A2627", "Option B2627", "Option C2627", "Option D2627"]}, "answerIndex": 3}, {"id": "MA_2626", "section": "Mathematics", "topic": "Ratio", "difficulty": "moderate", "text": {"en": "[Mathematics/Ratio] Sample exam-style question #2626: Choose the correct option."}, "options": {"en": ["Option A2626", "Option B2626", "Option C2626", "Option D2626"]}, "answerIndex": 2}, {"id": "GE_2696", "section": "General Awareness", "topic": "Geography", "difficulty": "moderate", "text": {"en": "[General Awareness/Geography] Sample exam-style question #2696: Choose the correct option."}, "options": {"en": ["Option A2696", "Option B2696", "Option C2696", "Option D2696"]}, "answerIndex": 0}, {"id": "RE_2651", "section": "Reasoning", "topic": "Series", "difficulty": "moderate", "text": {"en": "[Reasoning/Series] Sample exam-style question #2651: Choose the correct option."}, "options": {"en": ["Option A2651", "Option B2651", "Option C2651", "Option D2651"]}, "answerIndex": 3}, {"id": "RE_2648", "section": "Reasoning", "topic": "Syllogism", "difficulty": "moderate", "text": {"en": "[Reasoning/Syllogism] Sample exam-style question #2648: Choose the correct option."}, "options": {"en": ["Option A2648", "Option B2648", "Option C2648", "Option D2648"]}, "answerIndex": 0}, {"id": "GE_2684", "section": "General Awareness", "topic": "History", "difficulty": "moderate", "text": {"en": "[General Awareness/History] Sample exam-style question #2684: Choose the correct option."}, "options": {"en": ["Option A2684", "Option B2684", "Option C2684", "Option D2684"]}, "answerIndex": 0}, {"id": "RE_2657", "section": "Reasoning", "topic": "Syllogism", "difficulty": "moderate", "text": {"en": "[Reasoning/Syllogism] Sample exam-style question #2657: Choose the correct option."}, "options": {"en": ["Option A2657", "Option B2657", "Option C2657", "Option D2657"]}, "answerIndex": 1}, {"id": "MA_2602", "section": "Mathematics", "topic": "Time&Work", "difficulty": "moderate", "text": {"en": "[Mathematics/Time&Work] Sample exam-style question #2602: Choose the correct option."}, "options": {"en": ["Option A2602", "Option B2602", "Option C2602", "Option D2602"]}, "answerIndex": 2}, {"id": "RE_2640", "section": "Reasoning", "topic": "Series", "difficulty": "moderate", "text": {"en": "[Reasoning/Series] Sample exam-style question #2640: Choose the correct option."}, "options": {"en": ["Option A2640", "Option B2640", "Option C2640", "Option D2640"]}, "answerIndex": 0}, {"id": "GE_2680", "section": "General Awareness", "topic": "Science", "difficulty": "moderate", "text": {"en": "[General Awareness/Science] Sample exam-style question #2680: Choose the correct option."}, "options": {"en": ["Option A2680", "Option B2680", "Option C2680", "Option D2680"]}, "answerIndex": 0}, {"id": "GE_2689", "section": "General Awareness", "topic": "Economy", "difficulty": "moderate", "text": {"en": "[General Awareness/Economy] Sample exam-style question #2689: Choose the correct option."}, "options": {"en": ["Option A2689", "Option B2689", "Option C2689", "Option D2689"]}, "answerIndex": 1}, {"id": "MA_2610", "section": "Mathematics", "topic": "Speed", "difficulty": "moderate", "text": {"en": "[Mathematics/Speed] Sample exam-style question #2610: Choose the correct option."}, "options": {"en": ["Option A2610", "Option B2610", "Option C2610", "Option D2610"]}, "answerIndex": 2}, {"id": "MA_2613", "section": "Mathematics", "topic": "DI", "difficulty": "moderate", "text": {"en": "[Mathematics/DI] Sample exam-style question #2613: Choose the correct option."}, "options": {"en": ["Option A2613", "Option B2613", "Option C2613", "Option D2613"]}, "answerIndex": 1}, {"id": "MA_2612", "section": "Mathematics", "topic": "Ratio", "difficulty": "moderate", "text": {"en": "[Mathematics/Ratio] Sample exam-style question #2612: Choose the correct option."}, "options": {"en": ["Option A2612", "Option B2612", "Option C2612", "Option D2612"]}, "answerIndex": 0}, {"id": "RE_2649", "section": "Reasoning", "topic": "Series", "difficulty": "moderate", "text": {"en": "[Reasoning/Series] Sample exam-style question #2649: Choose the correct option."}, "options": {"en": ["Option A2649", "Option B2649", "Option C2649", "Option D2649"]}, "answerIndex": 1}, {"id": "MA_2608", "section": "Mathematics", "topic": "SI", "difficulty": "moderate", "text": {"en": "[Mathematics/SI] Sample exam-style question #2608: Choose the correct option."}, "options": {"en": ["Option A2608", "Option B2608", "Option C2608", "Option D2608"]}, "answerIndex": 0}, {"id": "GE_2662", "section": "General Awareness", "topic": "Science", "difficulty": "moderate", "text": {"en": "[General Awareness/Science] Sample exam-style question #2662: Choose the correct option."}, "options": {"en": ["Option A2662", "Option B2662", "Option C2662", "Option D2662"]}, "answerIndex": 2}, {"id": "RE_2636", "section": "Reasoning", "topic": "Analogy", "difficulty": "moderate", "text": {"en": "[Reasoning/Analogy] Sample exam-style question #2636: Choose the correct option."}, "options": {"en": ["Option A2636", "Option B2636", "Option C2636", "Option D2636"]}, "answerIndex": 0}, {"id": "RE_2647", "section": "Reasoning", "topic": "Direction", "difficulty": "moderate", "text": {"en": "[Reasoning/Direction] Sample exam-style question #2647: Choose the correct option."}, "options": {"en": ["Option A2647", "Option B2647", "Option C2647", "Option D2647"]}, "answerIndex": 3}, {"id": "RE_2633", "section": "Reasoning", "topic": "Direction", "difficulty": "moderate", "text": {"en": "[Reasoning/Direction] Sample exam-style question #2633: Choose the correct option."}, "options": {"en": ["Option A2633", "Option B2633", "Option C2633", "Option D2633"]}, "answerIndex": 1}, {"id": "GE_2675", "section": "General Awareness", "topic": "History", "difficulty": "moderate", "text": {"en": "[General Awareness/History] Sample exam-style question #2675: Choose the correct option."}, "options": {"en": ["Option A2675", "Option B2675", "Option C2675", "Option D2675"]}, "answerIndex": 3}, {"id": "GE_2673", "section": "General Awareness", "topic": "Science", "difficulty": "moderate", "text": {"en": "[General Awareness/Science] Sample exam-style question #2673: Choose the correct option."}, "options": {"en": ["Option A2673", "Option B2673", "Option C2673", "Option D2673"]}, "answerIndex": 1}, {"id": "MA_2607", "section": "Mathematics", "topic": "DI", "difficulty": "moderate", "text": {"en": "[Mathematics/DI] Sample exam-style question #2607: Choose the correct option."}, "options": {"en": ["Option A2607", "Option B2607", "Option C2607", "Option D2607"]}, "answerIndex": 3}, {"id": "GE_2687", "section": "General Awareness", "topic": "Economy", "difficulty": "moderate", "text": {"en": "[General Awareness/Economy] Sample exam-style question #2687: Choose the correct option."}, "options": {"en": ["Option A2687", "Option B2687", "Option C2687", "Option D2687"]}, "answerIndex": 3}, {"id": "GE_2666", "section": "General Awareness", "topic": "Science", "difficulty": "moderate", "text": {"en": "[General Awareness/Science] Sample exam-style question #2666: Choose the correct option."}, "options": {"en": ["Option A2666", "Option B2666", "Option C2666", "Option D2666"]}, "answerIndex": 2}, {"id": "MA_2605", "section": "Mathematics", "topic": "DI", "difficulty": "moderate", "text": {"en": "[Mathematics/DI] Sample exam-style question #2605: Choose the correct option."}, "options": {"en": ["Option A2605", "Option B2605", "Option C2605", "Option D2605"]}, "answerIndex": 1}, {"id": "GE_2668", "section": "General Awareness", "topic": "History", "difficulty": "moderate", "text": {"en": "[General Awareness/History] Sample exam-style question #2668: Choose the correct option."}, "options": {"en": ["Option A2668", "Option B2668", "Option C2668", "Option D2668"]}, "answerIndex": 0}, {"id": "GE_2682", "section": "General Awareness", "topic": "Polity", "difficulty": "moderate", "text": {"en": "[General Awareness/Polity] Sample exam-style question #2682: Choose the correct option."}, "options": {"en": ["Option A2682", "Option B2682", "Option C2682", "Option D2682"]}, "answerIndex": 2}, {"id": "RE_2653", "section": "Reasoning", "topic": "Puzzle", "difficulty": "moderate", "text": {"en": "[Reasoning/Puzzle] Sample exam-style question #2653: Choose the correct option."}, "options": {"en": ["Option A2653", "Option B2653", "Option C2653", "Option D2653"]}, "answerIndex": 1}, {"id": "GE_2690", "section": "General Awareness", "topic": "History", "difficulty": "moderate", "text": {"en": "[General Awareness/History] Sample exam-style question #2690: Choose the correct option."}, "options": {"en": ["Option A2690", "Option B2690", "Option C2690", "Option D2690"]}, "answerIndex": 2}, {"id": "GE_2677", "section": "General Awareness", "topic": "Science", "difficulty": "moderate", "text": {"en": "[General Awareness/Science] Sample exam-style question #2677: Choose the correct option."}, "options": {"en": ["Option A2677", "Option B2677", "Option C2677", "Option D2677"]}, "answerIndex": 1}, {"id": "MA_2601", "section": "Mathematics", "topic": "DI", "difficulty": "moderate", "text": {"en": "[Mathematics/DI] Sample exam-style question #2601: Choose the correct option."}, "options": {"en": ["Option A2601", "Option B2601", "Option C2601", "Option D2601"]}, "answerIndex": 1}, {"id": "MA_2629", "section": "Mathematics", "topic": "SI", "difficulty": "moderate", "text": {"en": "[Mathematics/SI] Sample exam-style question #2629: Choose the correct option."}, "options": {"en": ["Option A2629", "Option B2629", "Option C2629", "Option D2629"]}, "answerIndex": 1}, {"id": "GE_2663", "section": "General Awareness", "topic": "Geography", "difficulty": "moderate", "text": {"en": "[General Awareness/Geography] Sample exam-style question #2663: Choose the correct option."}, "options": {"en": ["Option A2663", "Option B2663", "Option C2663", "Option D2663"]}, "answerIndex": 3}, {"id": "GE_2670", "section": "General Awareness", "topic": "Economy", "difficulty": "moderate", "text": {"en": "[General Awareness/Economy] Sample exam-style question #2670: Choose the correct option."}, "options": {"en": ["Option A2670", "Option B2670", "Option C2670", "Option D2670"]}, "answerIndex": 2}, {"id": "MA_2611", "section": "Mathematics", "topic": "SI", "difficulty": "moderate", "text": {"en": "[Mathematics/SI] Sample exam-style question #2611: Choose the correct option."}, "options": {"en": ["Option A2611", "Option B2611", "Option C2611", "Option D2611"]}, "answerIndex": 3}, {"id": "MA_2615", "section": "Mathematics", "topic": "CI", "difficulty": "moderate", "text": {"en": "[Mathematics/CI] Sample exam-style question #2615: Choose the correct option."}, "options": {"en": ["Option A2615", "Option B2615", "Option C2615", "Option D2615"]}, "answerIndex": 3}, {"id": "MA_2603", "section": "Mathematics", "topic": "CI", "difficulty": "moderate", "text": {"en": "[Mathematics/CI] Sample exam-style question #2603: Choose the correct option."}, "options": {"en": ["Option A2603", "Option B2603", "Option C2603", "Option D2603"]}, "answerIndex": 3}]}