{"testId": "039", "questions": [{"id": "GE_3885", "section": "General Awareness", "topic": "Current Affairs", "difficulty": "moderate", "text": {"en": "[General Awareness/Current Affairs] Sample exam-style question #3885: Choose the correct option."}, "options": {"en": ["Option A3885", "Option B3885", "Option C3885", "Option D3885"]}, "answerIndex": 1}, {"id": "GE_3864", "section": "General Awareness", "topic": "Geography", "difficulty": "moderate", "text": {"en": "[General Awareness/Geography] Sample exam-style question #3864: Choose the correct option."}, "options": {"en": ["Option A3864", "Option B3864", "Option C3864", "Option D3864"]}, "answerIndex": 0}, {"id": "MA_3803", "section": "Mathematics", "topic": "Time&Work", "difficulty": "moderate", "text": {"en": "[Mathematics/Time&Work] Sample exam-style question #3803: Choose the correct option."}, "options": {"en": ["Option A3803", "Option B3803", "Option C3803", "Option D3803"]}, "answerIndex": 3}, {"id": "MA_3828", "section": "Mathematics", "topic": "Time&Work", "difficulty": "moderate", "text": {"en": "[Mathematics/Time&Work] Sample exam-style question #3828: Choose the correct option."}, "options": {"en": ["Option A3828", "Option B3828", "Option C3828", "Option D3828"]}, "answerIndex": 0}, {"id": "RE_3832", "section": "Reasoning", "topic": "Puzzle", "difficulty": "moderate", "text": {"en": "[Reasoning/Puzzle] Sample exam-style question #3832: Choose the correct option."}, "options": {"en": ["Option A3832", "Option B3832", "Option C3832", "Option D3832"]}, "answerIndex": 0}, {"id": "GE_3897", "section": "General Awareness", "topic": "Geography", "difficulty": "moderate", "text": {"en": "[General Awareness/Geography] Sample exam-style question #3897: Choose the correct option."}, "options": {"en": ["Option A3897", "Option B3897", "Option C3897", "Option D3897"]}, "answerIndex": 1}, {"id": "MA_3818", "section": "Mathematics", "topic": "CI", "difficulty": "moderate", "text": {"en": "[Mathematics/CI] Sample exam-style question #3818: Choose the correct option."}, "options": {"en": ["Option A3818", "Option B3818", "Option C3818", "Option D3818"]}, "answerIndex": 2}, {"id": "RE_3843", "section": "Reasoning", "topic": "Series", "difficulty": "moderate", "text": {"en": "[Reasoning/Series] Sample exam-style question #3843: Choose the correct option."}, "options": {"en": ["Option A3843", "Option B3843", "Option C3843", "Option D3843"]}, "answerIndex": 3}, {"id": "RE_3850", "section": "Reasoning", "topic": "Analogy", "difficulty": "moderate", "text": {"en": "[Reasoning/Analogy] Sample exam-style question #3850: Choose the correct option."}, "options": {"en": ["Option A3850", "Option B3850", "Option C3850", "Option D3850"]}, "answerIndex": 2}, {"id": "RE_3845", "section": "Reasoning", "topic": "Coding", "difficulty": "moderate", "text": {"en": "[Reasoning/Coding] Sample exam-style question #3845: Choose the correct option."}, "options": {"en": ["Option A3845", "Option B3845", "Option C3845", "Option D3845"]}, "answerIndex": 1}, {"id": "GE_3865", "section": "General Awareness", "topic": "Polity", "difficulty": "moderate", "text": {"en": "[General Awareness/Polity] Sample exam-style question #3865: Choose the correct option."}, "options": {"en": ["Option A3865", "Option B3865", "Option C3865", "Option D3865"]}, "answerIndex": 1}, {"id": "RE_3847", "section": "Reasoning", "topic": "Direction", "difficulty": "moderate", "text": {"en": "[Reasoning/Direction] Sample exam-style question #3847: Choose the correct option."}, "options": {"en": ["Option A3847", "Option B3847", "Option C3847", "Option D3847"]}, "answerIndex": 3}, {"id": "MA_3802", "section": "Mathematics", "topic": "SI", "difficulty": "moderate", "text": {"en": "[Mathematics/SI] Sample exam-style question #3802: Choose the correct option."}, "options": {"en": ["Option A3802", "Option B3802", "Option C3802", "Option D3802"]}, "answerIndex": 2}, {"id": "MA_3810", "section": "Mathematics", "topic": "Ratio", "difficulty": "moderate", "text": {"en": "[Mathematics/Ratio] Sample exam-style question #3810: Choose the correct option."}, "options": {"en": ["Option A3810", "Option B3810", "Option C3810", "Option D3810"]}, "answerIndex": 2}, {"id": "RE_3838", "section": "Reasoning", "topic": "Syllogism", "difficulty": "moderate", "text": {"en": "[Reasoning/Syllogism] Sample exam-style question #3838: Choose the correct option."}, "options": {"en": ["Option A3838", "Option B3838", "Option C3838", "Option D3838"]}, "answerIndex": 2}, {"id": "MA_3826", "section": "Mathematics", "topic": "CI", "difficulty": "moderate", "text": {"en": "[Mathematics/CI] Sample exam-style question #3826: Choose the correct option."}, "options": {"en": ["Option A3826", "Option B3826", "Option C3826", "Option D3826"]}, "answerIndex": 2}, {"id": "GE_3871", "section": "General Awareness", "topic": "Economy", "difficulty": "moderate", "text": {"en": "[General Awareness/Economy] Sample exam-style question #3871: Choose the correct option."}, "options": {"en": ["Option A3871", "Option B3871", "Option C3871", "Option D3871"]}, "answerIndex": 3}, {"id": "MA_3812", "section": "Mathematics", "topic": "Percentage", "difficulty": "moderate", "text": {"en": "[Mathematics/Percentage] Sample exam-style question #3812: Choose the correct option."}, "options": {"en": ["Option A3812", "Option B3812", "Option C3812", "Option D3812"]}, "answerIndex": 0}, {"id": "GE_3879", "section": "General Awareness", "topic": "Polity", "difficulty": "moderate", "text": {"en": "[General Awareness/Polity] Sample exam-style question #3879: Choose the correct option."}, "options": {"en": ["Option A3879", "Option B3879", "Option C3879", "Option D3879"]}, "answerIndex": 3}, {"id": "GE_3861", "section": "General Awareness", "topic": "Science", "difficulty": "moderate", "text": {"en": "[General Awareness/Science] Sample exam-style question #3861: Choose the correct option."}, "options": {"en": ["Option A3861", "Option B3861", "Option C3861", "Option D3861"]}, "answerIndex": 1}, {"id": "GE_3872", "section": "General Awareness", "topic": "Science", "difficulty": "moderate", "text": {"en": "[General Awareness/Science] Sample exam-style question #3872: Choose the correct option."}, "options": {"en": ["Option A3872", "Option B3872", "Option C3872", "Option D3872"]}, "answerIndex": 0}, {"id": "RE_3854", "section": "Reasoning", "topic": "Direction", "difficulty": "moderate", "text": {"en": "[Reasoning/Direction] Sample exam-style question #3854: Choose the correct option."}, "options": {"en": ["Option A3854", "Option B3854", "Option C3854", "Option D3854"]}, "answerIndex": 2}, {"id": "RE_3856", "section": "Reasoning", "topic": "Analogy", "difficulty": "moderate", "text": {"en": "[Reasoning/Analogy] Sample exam-style question #3856: Choose the correct option."}, "options": {"en": ["Option A3856", "Option B3856", "Option C3856", "Option D3856"]}, "answerIndex": 0}, {"id": "MA_3829", "section": "Mathematics", "topic": "Speed", "difficulty": "moderate", "text": {"en": "[Mathematics/Speed] Sample exam-style question #3829: Choose the correct option."}, "options": {"en": ["Option A3829", "Option B3829", "Option C3829", "Option D3829"]}, "answerIndex": 1}, {"id": "GE_3868", "section": "General Awareness", "topic": "Science", "difficulty": "moderate", "text": {"en": "[General Awareness/Science] Sample exam-style question #3868: Choose the correct option."}, "options": {"en": ["Option A3868", "Option B3868", "Option C3868", "Option D3868"]}, "answerIndex": 0}, {"id": "RE_3837", "section": "Reasoning", "topic": "Coding", "difficulty": "moderate", "text": {"en": "[Reasoning/Coding] Sample exam-style question #3837: Choose the correct option."}, "options": {"en": ["Option A3837", "Option B3837", "Option C3837", "Option D3837"]}, "answerIndex": 1}, {"id": "GE_3863", "section": "General Awareness", "topic": "History", "difficulty": "moderate", "text": {"en": "[General Awareness/History] Sample exam-style question #3863: Choose the correct option."}, "options": {"en": ["Option A3863", "Option B3863", "Option C3863", "Option D3863"]}, "answerIndex": 3}, {"id": "MA_3823", "section": "Mathematics", "topic": "CI", "difficulty": "moderate", "text": {"en": "[Mathematics/CI] Sample exam-style question #3823: Choose the correct option."}, "options": {"en": ["Option A3823", "Option B3823", "Option C3823", "Option D3823"]}, "answerIndex": 3}, {"id": "RE_3835", "section": "Reasoning", "topic": "Syllogism", "difficulty": "moderate", "text": {"en": "[Reasoning/Syllogism] Sample exam-style question #3835: Choose the correct option."}, "options": {"en": ["Option A3835", "Option B3835", "Option C3835", "Option D3835"]}, "answerIndex": 3}, {"id": "MA_3811", "section": "Mathematics", "topic": "SI", "difficulty": "moderate", "text": {"en": "[Mathematics/SI] Sample exam-style question #3811: Choose the correct option."}, "options": {"en": ["Option A3811", "Option B3811", "Option C3811", "Option D3811"]}, "answerIndex": 3}, {"id": "MA_3809", "section": "Mathematics", "topic": "Percentage", "difficulty": "moderate", "text": {"en": "[Mathematics/Percentage] Sample exam-style question #3809: Choose the correct option."}, "options": {"en": ["Option A3809", "Option B3809", "Option C3809", "Option D3809"]}, "answerIndex": 1}, {"id": "MA_3817", "section": "Mathematics", "topic": "Time&Work", "difficulty": "moderate", "text": {"en": "[Mathematics/Time&Work] Sample exam-style question #3817: Choose the correct option."}, "options": {"en": ["Option A3817", "Option B3817", "Option C3817", "Option D3817"]}, "answerIndex": 1}, {"id": "GE_3898", "section": "General Awareness", "topic": "Geography", "difficulty": "moderate", "text": {"en": "[General Awareness/Geography] Sample exam-style question #3898: Choose the correct option."}, "options": {"en": ["Option A3898", "Option B3898", "Option C3898", "Option D3898"]}, "answerIndex": 2}, {"id": "RE_3859", "section": "Reasoning", "topic": "Coding", "difficulty": "moderate", "text": {"en": "[Reasoning/Coding] Sample exam-style question #3859: Choose the correct option."}, "options": {"en": ["Option A3859", "Option B3859", "Option C3859", "Option D3859"]}, "answerIndex": 3}, {"id": "GE_3869", "section": "General Awareness", "topic": "Geography", "difficulty": "moderate", "text": {"en": "[General Awareness/Geography] Sample exam-style question #3869: Choose the correct option."}, "options": {"en": ["Option A3869", "Option B3869", "Option C3869", "Option D3869"]}, "answerIndex": 1}, {"id": "GE_3862", "section": "General Awareness", "topic": "Polity", "difficulty": "moderate", "text": {"en": "[General Awareness/Polity] Sample exam-style question #3862: Choose the correct option."}, "options": {"en": ["Option A3862", "Option B3862", "Option C3862", "Option D3862"]}, "answerIndex": 2}, {"id": "RE_3834", "section": "Reasoning", "topic": "Direction", "difficulty": "moderate", "text": {"en": "[Reasoning/Direction] Sample exam-style question #3834: Choose the correct option."}, "options": {"en": ["Option A3834", "Option B3834", "Option C3834", "Option D3834"]}, "answerIndex": 2}, {"id": "GE_3876", "section": "General Awareness", "topic": "Science", "difficulty": "moderate", "text": {"en": "[General Awareness/Science] Sample exam-style question #3876: Choose the correct option."}, "options": {"en": ["Option A3876", "Option B3876", "Option C3876", "Option D3876"]}, "answerIndex": 0}, {"id": "GE_3890", "section": "General Awareness", "topic": "Polity", "difficulty": "moderate", "text": {"en": "[General Awareness/Polity] Sample exam-style question #3890: Choose the correct option."}, "options": {"en": ["Option A3890", "Option B3890", "Option C3890", "Option D3890"]}, "answerIndex": 2}, {"id": "MA_3801", "section": "Mathematics", "topic": "DI", "difficulty": "moderate", "text": {"en": "[Mathematics/DI] Sample exam-style question #3801: Choose the correct option."}, "options": {"en": ["Option A3801", "Option B3801", "Option C3801", "Option D3801"]}, "answerIndex": 1}, {"id": "GE_3874", "section": "General Awareness", "topic": "Economy", "difficulty": "moderate", "text": {"en": "[General Awareness/Economy] Sample exam-style question #3874: Choose the correct option."}, "options": {"en": ["Option A3874", "Option B3874", "Option C3874", "Option D3874"]}, "answerIndex": 2}, {"id": "GE_3889", "section": "General Awareness", "topic": "Economy", "difficulty": "moderate", "text": {"en": "[General Awareness/Economy] Sample exam-style question #3889: Choose the correct option."}, "options": {"en": ["Option A3889", "Option B3889", "Option C3889", "Option D3889"]}, "answerIndex": 1}, {"id": "RE_3860", "section": "Reasoning", "topic": "Series", "difficulty": "moderate", "text": {"en": "[Reasoning/Series] Sample exam-style question #3860: Choose the correct option."}, "options": {"en": ["Option A3860", "Option B3860", "Option C3860", "Option D3860"]}, "answerIndex": 0}, {"id": "RE_3831", "section": "Reasoning", "topic": "Coding", "difficulty": "moderate", "text": {"en": "[Reasoning/Coding] Sample exam-style question #3831: Choose the correct option."}, "options": {"en": ["Option A3831", "Option B3831", "Option C3831", "Option D3831"]}, "answerIndex": 3}, {"id": "GE_3892", "section": "General Awareness", "topic": "Current Affairs", "difficulty": "moderate", "text": {"en": "[General Awareness/Current Affairs] Sample exam-style question #3892: Choose the correct option."}, "options": {"en": ["Option A3892", "Option B3892", "Option C3892", "Option D3892"]}, "answerIndex": 0}, {"id": "MA_3820", "section": "Mathematics", "topic": "Time&Work", "difficulty": "moderate", "text": {"en": "[Mathematics/Time&Work] Sample exam-style question #3820: Choose the correct option."}, "options": {"en": ["Option A3820", "Option B3820", "Option C3820", "Option D3820"]}, "answerIndex": 0}, {"id": "RE_3844", "section": "Reasoning", "topic": "Direction", "difficulty": "moderate", "text": {"en": "[Reasoning/Direction] Sample exam-style question #3844: Choose the correct option."}, "options": {"en": ["Option A3844", "Option B3844", "Option C3844", "Option D3844"]}, "answerIndex": 0}, {"id": "GE_3883", "section": "General Awareness", "topic": "Science", "difficulty": "moderate", "text": {"en": "[General Awareness/Science] Sample exam-style question #3883: Choose the correct option."}, "options": {"en": ["Option A3883", "Option B3883", "Option C3883", "Option D3883"]}, "answerIndex": 3}, {"id": "GE_3900", "section": "General Awareness", "topic": "Economy", "difficulty": "moderate", "text": {"en": "[General Awareness/Economy] Sample exam-style question #3900: Choose the correct option."}, "options": {"en": ["Option A3900", "Option B3900", "Option C3900", "Option D3900"]}, "answerIndex": 0}, {"id": "RE_3858", "section": "Reasoning", "topic": "Direction", "difficulty": "moderate", "text": {"en": "[Reasoning/Direction] Sample exam-style question #3858: Choose the correct option."}, "options": {"en": ["Option A3858", "Option B3858", "Option C3858", "Option D3858"]}, "answerIndex": 2}, {"id": "GE_3875", "section": "General Awareness", "topic": "Science", "difficulty": "moderate", "text": {"en": "[General Awareness/Science] Sample exam-style question #3875: Choose the correct option."}, "options": {"en": ["Option A3875", "Option B3875", "Option C3875", "Option D3875"]}, "answerIndex": 3}, {"id": "MA_3805", "section": "Mathematics", "topic": "Percentage", "difficulty": "moderate", "text": {"en": "[Mathematics/Percentage] Sample exam-style question #3805: Choose the correct option."}, "options": {"en": ["Option A3805", "Option B3805", "Option C3805", "Option D3805"]}, "answerIndex": 1}, {"id": "GE_3881", "section": "General Awareness", "topic": "Science", "difficulty": "moderate", "text": {"en": "[General Awareness/Science] Sample exam-style question #3881: Choose the correct option."}, "options": {"en": ["Option A3881", "Option B3881", "Option C3881", "Option D3881"]}, "answerIndex": 1}, {"id": "GE_3873", "section": "General Awareness", "topic": "Current Affairs", "difficulty": "moderate", "text": {"en": "[General Awareness/Current Affairs] Sample exam-style question #3873: Choose the correct option."}, "options": {"en": ["Option A3873", "Option B3873", "Option C3873", "Option D3873"]}, "answerIndex": 1}, {"id": "RE_3833", "section": "Reasoning", "topic": "Coding", "difficulty": "moderate", "text": {"en": "[Reasoning/Coding] Sample exam-style question #3833: Choose the correct option."}, "options": {"en": ["Option A3833", "Option B3833", "Option C3833", "Option D3833"]}, "answerIndex": 1}, {"id": "GE_3899", "section": "General Awareness", "topic": "Polity", "difficulty": "moderate", "text": {"en": "[General Awareness/Polity] Sample exam-style question #3899: Choose the correct option."}, "options": {"en": ["Option A3899", "Option B3899", "Option C3899", "Option D3899"]}, "answerIndex": 3}, {"id": "RE_3841", "section": "Reasoning", "topic": "Series", "difficulty": "moderate", "text": {"en": "[Reasoning/Series] Sample exam-style question #3841: Choose the correct option."}, "options": {"en": ["Option A3841", "Option B3841", "Option C3841", "Option D3841"]}, "answerIndex": 1}, {"id": "RE_3849", "section": "Reasoning", "topic": "Puzzle", "difficulty": "moderate", "text": {"en": "[Reasoning/Puzzle] Sample exam-style question #3849: Choose the correct option."}, "options": {"en": ["Option A3849", "Option B3849", "Option C3849", "Option D3849"]}, "answerIndex": 1}, {"id": "GE_3866", "section": "General Awareness", "topic": "Geography", "difficulty": "moderate", "text": {"en": "[General Awareness/Geography] Sample exam-style question #3866: Choose the correct option."}, "options": {"en": ["Option A3866", "Option B3866", "Option C3866", "Option D3866"]}, "answerIndex": 2}, {"id": "RE_3855", "section": "Reasoning", "topic": "Direction", "difficulty": "moderate", "text": {"en": "[Reasoning/Direction] Sample exam-style question #3855: Choose the correct option."}, "options": {"en": ["Option A3855", "Option B3855", "Option C3855", "Option D3855"]}, "answerIndex": 3}, {"id": "RE_3846", "section": "Reasoning", "topic": "Coding", "difficulty": "moderate", "text": {"en": "[Reasoning/Coding] Sample exam-style question #3846: Choose the correct option."}, "options": {"en": ["Option A3846", "Option B3846", "Option C3846", "Option D3846"]}, "answerIndex": 2}, {"id": "MA_3806", "section": "Mathematics", "topic": "Speed", "difficulty": "moderate", "text": {"en": "[Mathematics/Speed] Sample exam-style question #3806: Choose the correct option."}, "options": {"en": ["Option A3806", "Option B3806", "Option C3806", "Option D3806"]}, "answerIndex": 2}, {"id": "GE_3884", "section": "General Awareness", "topic": "Polity", "difficulty": "moderate", "text": {"en": "[General Awareness/Polity] Sample exam-style question #3884: Choose the correct option."}, "options": {"en": ["Option A3884", "Option B3884", "Option C3884", "Option D3884"]}, "answerIndex": 0}, {"id": "GE_3878", "section": "General Awareness", "topic": "Science", "difficulty": "moderate", "text": {"en": "[General Awareness/Science] Sample exam-style question #3878: Choose the correct option."}, "options": {"en": ["Option A3878", "Option B3878", "Option C3878", "Option D3878"]}, "answerIndex": 2}, {"id": "MA_3827", "section": "Mathematics", "topic": "Speed", "difficulty": "moderate", "text": {"en": "[Mathematics/Speed] Sample exam-style question #3827: Choose the correct option."}, "options": {"en": ["Option A3827", "Option B3827", "Option C3827", "Option D3827"]}, "answerIndex": 3}, {"id": "GE_3891", "section": "General Awareness", "topic": "Current Affairs", "difficulty": "moderate", "text": {"en": "[General Awareness/Current Affairs] Sample exam-style question #3891: Choose the correct option."}, "options": {"en": ["Option A3891", "Option B3891", "Option C3891", "Option D3891"]}, "answerIndex": 3}, {"id": "GE_3882", "section": "General Awareness", "topic": "Geography", "difficulty": "moderate", "text": {"en": "[General Awareness/Geography] Sample exam-style question #3882: Choose the correct option."}, "options": {"en": ["Option A3882", "Option B3882", "Option C3882", "Option D3882"]}, "answerIndex": 2}, {"id": "GE_3894", "section": "General Awareness", "topic": "Geography", "difficulty": "moderate", "text": {"en": "[General Awareness/Geography] Sample exam-style question #3894: Choose the correct option."}, "options": {"en": ["Option A3894", "Option B3894", "Option C3894", "Option D3894"]}, "answerIndex": 2}, {"id": "RE_3839", "section": "Reasoning", "topic": "Direction", "difficulty": "moderate", "text": {"en": "[Reasoning/Direction] Sample exam-style question #3839: Choose the correct option."}, "options": {"en": ["Option A3839", "Option B3839", "Option C3839", "Option D3839"]}, "answerIndex": 3}, {"id": "GE_3893", "section": "General Awareness", "topic": "History", "difficulty": "moderate", "text": {"en": "[General Awareness/History] Sample exam-style question #3893: Choose the correct option."}, "options": {"en": ["Option A3893", "Option B3893", "Option C3893", "Option D3893"]}, "answerIndex": 1}, {"id": "GE_3877", "section": "General Awareness", "topic": "Polity", "difficulty": "moderate", "text": {"en": "[General Awareness/Polity] Sample exam-style question #3877: Choose the correct option."}, "options": {"en": ["Option A3877", "Option B3877", "Option C3877", "Option D3877"]}, "answerIndex": 1}, {"id": "RE_3851", "section": "Reasoning", "topic": "Direction", "difficulty": "moderate", "text": {"en": "[Reasoning/Direction] Sample exam-style question #3851: Choose the correct option."}, "options": {"en": ["Option A3851", "Option B3851", "Option C3851", "Option D3851"]}, "answerIndex": 3}, {"id": "RE_3857", "section": "Reasoning", "topic": "Direction", "difficulty": "moderate", "text": {"en": "[Reasoning/Direction] Sample exam-style question #3857: Choose the correct option."}, "options": {"en": ["Option A3857", "Option B3857", "Option C3857", "Option D3857"]}, "answerIndex": 1}, {"id": "RE_3842", "section": "Reasoning", "topic": "Syllogism", "difficulty": "moderate", "text": {"en": "[Reasoning/Syllogism] Sample exam-style question #3842: Choose the correct option."}, "options": {"en": ["Option A3842", "Option B3842", "Option C3842", "Option D3842"]}, "answerIndex": 2}, {"id": "MA_3816", "section": "Mathematics", "topic": "Ratio", "difficulty": "moderate", "text": {"en": "[Mathematics/Ratio] Sample exam-style question #3816: Choose the correct option."}, "options": {"en": ["Option A3816", "Option B3816", "Option C3816", "Option D3816"]}, "answerIndex": 0}, {"id": "RE_3853", "section": "Reasoning", "topic": "Analogy", "difficulty": "moderate", "text": {"en": "[Reasoning/Analogy] Sample exam-style question #3853: Choose the correct option."}, "options": {"en": ["Option A3853", "Option B3853", "Option C3853", "Option D3853"]}, "answerIndex": 1}, {"id": "GE_3895", "section": "General Awareness", "topic": "Polity", "difficulty": "moderate", "text": {"en": "[General Awareness/Polity] Sample exam-style question #3895: Choose the correct option."}, "options": {"en": ["Option A3895", "Option B3895", "Option C3895", "Option D3895"]}, "answerIndex": 3}, {"id": "RE_3836", "section": "Reasoning", "topic": "Coding", "difficulty": "moderate", "text": {"en": "[Reasoning/Coding] Sample exam-style question #3836: Choose the correct option."}, "options": {"en": ["Option A3836", "Option B3836", "Option C3836", "Option D3836"]}, "answerIndex": 0}, {"id": "GE_3870", "section": "General Awareness", "topic": "History", "difficulty": "moderate", "text": {"en": "[General Awareness/History] Sample exam-style question #3870: Choose the correct option."}, "options": {"en": ["Option A3870", "Option B3870", "Option C3870", "Option D3870"]}, "answerIndex": 2}, {"id": "RE_3840", "section": "Reasoning", "topic": "Puzzle", "difficulty": "moderate", "text": {"en": "[Reasoning/Puzzle] Sample exam-style question #3840: Choose the correct option."}, "options": {"en": ["Option A3840", "Option B3840", "Option C3840", "Option D3840"]}, "answerIndex": 0}, {"id": "GE_3867", "section": "General Awareness", "topic": "History", "difficulty": "moderate", "text": {"en": "[General Awareness/History] Sample exam-style question #3867: Choose the correct option."}, "options": {"en": ["Option A3867", "Option B3867", "Option C3867", "Option D3867"]}, "answerIndex": 3}, {"id": "GE_3880", "section": "General Awareness", "topic": "Geography", "difficulty": "moderate", "text": {"en": "[General Awareness/Geography] Sample exam-style question #3880: Choose the correct option."}, "options": {"en": ["Option A3880", "Option B3880", "Option C3880", "Option D3880"]}, "answerIndex": 0}, {"id": "GE_3896", "section": "General Awareness", "topic": "Economy", "difficulty": "moderate", "text": {"en": "[General Awareness/Economy] Sample exam-style question #3896: Choose the correct option."}, "options": {"en": ["Option A3896", "Option B3896", "Option C3896", "Option D3896"]}, "answerIndex": 0}, {"id": "RE_3848", "section": "Reasoning", "topic": "Puzzle", "difficulty": "moderate", "text": {"en": "[Reasoning/Puzzle] Sample exam-style question #3848: Choose the correct option."}, "options": {"en": ["Option A3848", "Option B3848", "Option C3848", "Option D3848"]}, "answerIndex": 0}, {"id": "MA_3815", "section": "Mathematics", "topic": "Speed", "difficulty": "moderate", "text": {"en": "[Mathematics/Speed] Sample exam-style question #3815: Choose the correct option."}, "options": {"en": ["Option A3815", "Option B3815", "Option C3815", "Option D3815"]}, "answerIndex": 3}, {"id": "MA_3807", "section": "Mathematics", "topic": "Ratio", "difficulty": "moderate", "text": {"en": "[Mathematics/Ratio] Sample exam-style question #3807: Choose the correct option."}, "options": {"en": ["Option A3807", "Option B3807", "Option C3807", "Option D3807"]}, "answerIndex": 3}, {"id": "MA_3819", "section": "Mathematics", "topic": "CI", "difficulty": "moderate", "text": {"en": "[Mathematics/CI] Sample exam-style question #3819: Choose the correct option."}, "options": {"en": ["Option A3819", "Option B3819", "Option C3819", "Option D3819"]}, "answerIndex": 3}, {"id": "MA_3804", "section": "Mathematics", "topic": "Time&Work", "difficulty": "moderate", "text": {"en": "[Mathematics/Time&Work] Sample exam-style question #3804: Choose the correct option."}, "options": {"en": ["Option A3804", "Option B3804", "Option C3804", "Option D3804"]}, "answerIndex": 0}, {"id": "MA_3822", "section": "Mathematics", "topic": "Time&Work", "difficulty": "moderate", "text": {"en": "[Mathematics/Time&Work] Sample exam-style question #3822: Choose the correct option."}, "options": {"en": ["Option A3822", "Option B3822", "Option C3822", "Option D3822"]}, "answerIndex": 2}, {"id": "MA_3821", "section": "Mathematics", "topic": "Ratio", "difficulty": "moderate", "text": {"en": "[Mathematics/Ratio] Sample exam-style question #3821: Choose the correct option."}, "options": {"en": ["Option A3821", "Option B3821", "Option C3821", "Option D3821"]}, "answerIndex": 1}, {"id": "MA_3814", "section": "Mathematics", "topic": "SI", "difficulty": "moderate", "text": {"en": "[Mathematics/SI] Sample exam-style question #3814: Choose the correct option."}, "options": {"en": ["Option A3814", "Option B3814", "Option C3814", "Option D3814"]}, "answerIndex": 2}, {"id": "RE_3852", "section": "Reasoning", "topic": "Direction", "difficulty": "moderate", "text": {"en": "[Reasoning/Direction] Sample exam-style question #3852: Choose the correct option."}, "options": {"en": ["Option A3852", "Option B3852", "Option C3852", "Option D3852"]}, "answerIndex": 0}, {"id": "MA_3830", "section": "Mathematics", "topic": "Speed", "difficulty": "moderate", "text": {"en": "[Mathematics/Speed] Sample exam-style question #3830: Choose the correct option."}, "options": {"en": ["Option A3830", "Option B3830", "Option C3830", "Option D3830"]}, "answerIndex": 2}, {"id": "MA_3808", "section": "Mathematics", "topic": "SI", "difficulty": "moderate", "text": {"en": "[Mathematics/SI] Sample exam-style question #3808: Choose the correct option."}, "options": {"en": ["Option A3808", "Option B3808", "Option C3808", "Option D3808"]}, "answerIndex": 0}, {"id": "MA_3813", "section": "Mathematics", "topic": "Ratio", "difficulty": "moderate", "text": {"en": "[Mathematics/Ratio] Sample exam-style question #3813: Choose the correct option."}, "options": {"en": ["Option A3813", "Option B3813", "Option C3813", "Option D3813"]}, "answerIndex": 1}, {"id": "GE_3888", "section": "General Awareness", "topic": "History", "difficulty": "moderate", "text": {"en": "[General Awareness/History] Sample exam-style question #3888: Choose the correct option."}, "options": {"en": ["Option A3888", "Option B3888", "Option C3888", "Option D3888"]}, "answerIndex": 0}, {"id": "MA_3825", "section": "Mathematics", "topic": "Ratio", "difficulty": "moderate", "text": {"en": "[Mathematics/Ratio] Sample exam-style question #3825: Choose the correct option."}, "options": {"en": ["Option A3825", "Option B3825", "Option C3825", "Option D3825"]}, "answerIndex": 1}, {"id": "MA_3824", "section": "Mathematics", "topic": "CI", "difficulty": "moderate", "text": {"en": "[Mathematics/CI] Sample exam-style question #3824: Choose the correct option."}, "options": {"en": ["Option A3824", "Option B3824", "Option C3824", "Option D3824"]}, "answerIndex": 0}, {"id": "GE_3886", "section": "General Awareness", "topic": "Economy", "difficulty": "moderate", "text": {"en": "[General Awareness/Economy] Sample exam-style question #3886: Choose the correct option."}, "options": {"en": ["Option A3886", "Option B3886", "Option C3886", "Option D3886"]}, "answerIndex": 2}, {"id": "GE_3887", "section": "General Awareness", "topic": "Science", "difficulty": "moderate", "text": {"en": "[General Awareness/Science] Sample exam-style question #3887: Choose the correct option."}, "options": {"en": ["Option A3887", "Option B3887", "Option C3887", "Option D3887"]}, "answerIndex": 3}]}