{"testId": "016", "questions": [{"id": "RE_1558", "section": "Reasoning", "topic": "Analogy", "difficulty": "moderate", "text": {"en": "[Reasoning/Analogy] Sample exam-style question #1558: Choose the correct option."}, "options": {"en": ["Option A1558", "Option B1558", "Option C1558", "Option D1558"]}, "answerIndex": 2}, {"id": "GE_1569", "section": "General Awareness", "topic": "Geography", "difficulty": "moderate", "text": {"en": "[General Awareness/Geography] Sample exam-style question #1569: Choose the correct option."}, "options": {"en": ["Option A1569", "Option B1569", "Option C1569", "Option D1569"]}, "answerIndex": 1}, {"id": "GE_1565", "section": "General Awareness", "topic": "Economy", "difficulty": "moderate", "text": {"en": "[General Awareness/Economy] Sample exam-style question #1565: Choose the correct option."}, "options": {"en": ["Option A1565", "Option B1565", "Option C1565", "Option D1565"]}, "answerIndex": 1}, {"id": "GE_1592", "section": "General Awareness", "topic": "Science", "difficulty": "moderate", "text": {"en": "[General Awareness/Science] Sample exam-style question #1592: Choose the correct option."}, "options": {"en": ["Option A1592", "Option B1592", "Option C1592", "Option D1592"]}, "answerIndex": 0}, {"id": "GE_1590", "section": "General Awareness", "topic": "Current Affairs", "difficulty": "moderate", "text": {"en": "[General Awareness/Current Affairs] Sample exam-style question #1590: Choose the correct option."}, "options": {"en": ["Option A1590", "Option B1590", "Option C1590", "Option D1590"]}, "answerIndex": 2}, {"id": "GE_1586", "section": "General Awareness", "topic": "Economy", "difficulty": "moderate", "text": {"en": "[General Awareness/Economy] Sample exam-style question #1586: Choose the correct option."}, "options": {"en": ["Option A1586", "Option B1586", "Option C1586", "Option D1586"]}, "answerIndex": 2}, {"id": "GE_1598", "section": "General Awareness", "topic": "Science", "difficulty": "moderate", "text": {"en": "[General Awareness/Science] Sample exam-style question #1598: Choose the correct option."}, "options": {"en": ["Option A1598", "Option B1598", "Option C1598", "Option D1598"]}, "answerIndex": 2}, {"id": "GE_1591", "section": "General Awareness", "topic": "Current Affairs", "difficulty": "moderate", "text": {"en": "[General Awareness/Current Affairs] Sample exam-style question #1591: Choose the correct option."}, "options": {"en": ["Option A1591", "Option B1591", "Option C1591", "Option D1591"]}, "answerIndex": 3}, {"id": "MA_1519", "section": "Mathematics", "topic": "Percentage", "difficulty": "moderate", "text": {"en": "[Mathematics/Percentage] Sample exam-style question #1519: Choose the correct option."}, "options": {"en": ["Option A1519", "Option B1519", "Option C1519", "Option D1519"]}, "answerIndex": 3}, {"id": "GE_1582", "section": "General Awareness", "topic": "Economy", "difficulty": "moderate", "text": {"en": "[General Awareness/Economy] Sample exam-style question #1582: Choose the correct option."}, "options": {"en": ["Option A1582", "Option B1582", "Option C1582", "Option D1582"]}, "answerIndex": 2}, {"id": "GE_1571", "section": "General Awareness", "topic": "Economy", "difficulty": "moderate", "text": {"en": "[General Awareness/Economy] Sample exam-style question #1571: Choose the correct option."}, "options": {"en": ["Option A1571", "Option B1571", "Option C1571", "Option D1571"]}, "answerIndex": 3}, {"id": "MA_1504", "section": "Mathematics", "topic": "Percentage", "difficulty": "moderate", "text": {"en": "[Mathematics/Percentage] Sample exam-style question #1504: Choose the correct option."}, "options": {"en": ["Option A1504", "Option B1504", "Option C1504", "Option D1504"]}, "answerIndex": 0}, {"id": "MA_1507", "section": "Mathematics", "topic": "Percentage", "difficulty": "moderate", "text": {"en": "[Mathematics/Percentage] Sample exam-style question #1507: Choose the correct option."}, "options": {"en": ["Option A1507", "Option B1507", "Option C1507", "Option D1507"]}, "answerIndex": 3}, {"id": "MA_1528", "section": "Mathematics", "topic": "Ratio", "difficulty": "moderate", "text": {"en": "[Mathematics/Ratio] Sample exam-style question #1528: Choose the correct option."}, "options": {"en": ["Option A1528", "Option B1528", "Option C1528", "Option D1528"]}, "answerIndex": 0}, {"id": "MA_1511", "section": "Mathematics", "topic": "Speed", "difficulty": "moderate", "text": {"en": "[Mathematics/Speed] Sample exam-style question #1511: Choose the correct option."}, "options": {"en": ["Option A1511", "Option B1511", "Option C1511", "Option D1511"]}, "answerIndex": 3}, {"id": "MA_1501", "section": "Mathematics", "topic": "Percentage", "difficulty": "moderate", "text": {"en": "[Mathematics/Percentage] Sample exam-style question #1501: Choose the correct option."}, "options": {"en": ["Option A1501", "Option B1501", "Option C1501", "Option D1501"]}, "answerIndex": 1}, {"id": "MA_1527", "section": "Mathematics", "topic": "Time&Work", "difficulty": "moderate", "text": {"en": "[Mathematics/Time&Work] Sample exam-style question #1527: Choose the correct option."}, "options": {"en": ["Option A1527", "Option B1527", "Option C1527", "Option D1527"]}, "answerIndex": 3}, {"id": "GE_1561", "section": "General Awareness", "topic": "Current Affairs", "difficulty": "moderate", "text": {"en": "[General Awareness/Current Affairs] Sample exam-style question #1561: Choose the correct option."}, "options": {"en": ["Option A1561", "Option B1561", "Option C1561", "Option D1561"]}, "answerIndex": 1}, {"id": "RE_1537", "section": "Reasoning", "topic": "Series", "difficulty": "moderate", "text": {"en": "[Reasoning/Series] Sample exam-style question #1537: Choose the correct option."}, "options": {"en": ["Option A1537", "Option B1537", "Option C1537", "Option D1537"]}, "answerIndex": 1}, {"id": "MA_1521", "section": "Mathematics", "topic": "Ratio", "difficulty": "moderate", "text": {"en": "[Mathematics/Ratio] Sample exam-style question #1521: Choose the correct option."}, "options": {"en": ["Option A1521", "Option B1521", "Option C1521", "Option D1521"]}, "answerIndex": 1}, {"id": "RE_1532", "section": "Reasoning", "topic": "Direction", "difficulty": "moderate", "text": {"en": "[Reasoning/Direction] Sample exam-style question #1532: Choose the correct option."}, "options": {"en": ["Option A1532", "Option B1532", "Option C1532", "Option D1532"]}, "answerIndex": 0}, {"id": "MA_1508", "section": "Mathematics", "topic": "CI", "difficulty": "moderate", "text": {"en": "[Mathematics/CI] Sample exam-style question #1508: Choose the correct option."}, "options": {"en": ["Option A1508", "Option B1508", "Option C1508", "Option D1508"]}, "answerIndex": 0}, {"id": "RE_1556", "section": "Reasoning", "topic": "Puzzle", "difficulty": "moderate", "text": {"en": "[Reasoning/Puzzle] Sample exam-style question #1556: Choose the correct option."}, "options": {"en": ["Option A1556", "Option B1556", "Option C1556", "Option D1556"]}, "answerIndex": 0}, {"id": "RE_1555", "section": "Reasoning", "topic": "Direction", "difficulty": "moderate", "text": {"en": "[Reasoning/Direction] Sample exam-style question #1555: Choose the correct option."}, "options": {"en": ["Option A1555", "Option B1555", "Option C1555", "Option D1555"]}, "answerIndex": 3}, {"id": "RE_1554", "section": "Reasoning", "topic": "Puzzle", "difficulty": "moderate", "text": {"en": "[Reasoning/Puzzle] Sample exam-style question #1554: Choose the correct option."}, "options": {"en": ["Option A1554", "Option B1554", "Option C1554", "Option D1554"]}, "answerIndex": 2}, {"id": "RE_1536", "section": "Reasoning", "topic": "Direction", "difficulty": "moderate", "text": {"en": "[Reasoning/Direction] Sample exam-style question #1536: Choose the correct option."}, "options": {"en": ["Option A1536", "Option B1536", "Option C1536", "Option D1536"]}, "answerIndex": 0}, {"id": "RE_1540", "section": "Reasoning", "topic": "Series", "difficulty": "moderate", "text": {"en": "[Reasoning/Series] Sample exam-style question #1540: Choose the correct option."}, "options": {"en": ["Option A1540", "Option B1540", "Option C1540", "Option D1540"]}, "answerIndex": 0}, {"id": "MA_1526", "section": "Mathematics", "topic": "SI", "difficulty": "moderate", "text": {"en": "[Mathematics/SI] Sample exam-style question #1526: Choose the correct option."}, "options": {"en": ["Option A1526", "Option B1526", "Option C1526", "Option D1526"]}, "answerIndex": 2}, {"id": "MA_1510", "section": "Mathematics", "topic": "Speed", "difficulty": "moderate", "text": {"en": "[Mathematics/Speed] Sample exam-style question #1510: Choose the correct option."}, "options": {"en": ["Option A1510", "Option B1510", "Option C1510", "Option D1510"]}, "answerIndex": 2}, {"id": "MA_1503", "section": "Mathematics", "topic": "CI", "difficulty": "moderate", "text": {"en": "[Mathematics/CI] Sample exam-style question #1503: Choose the correct option."}, "options": {"en": ["Option A1503", "Option B1503", "Option C1503", "Option D1503"]}, "answerIndex": 3}, {"id": "RE_1539", "section": "Reasoning", "topic": "Series", "difficulty": "moderate", "text": {"en": "[Reasoning/Series] Sample exam-style question #1539: Choose the correct option."}, "options": {"en": ["Option A1539", "Option B1539", "Option C1539", "Option D1539"]}, "answerIndex": 3}, {"id": "RE_1559", "section": "Reasoning", "topic": "Coding", "difficulty": "moderate", "text": {"en": "[Reasoning/Coding] Sample exam-style question #1559: Choose the correct option."}, "options": {"en": ["Option A1559", "Option B1559", "Option C1559", "Option D1559"]}, "answerIndex": 3}, {"id": "RE_1534", "section": "Reasoning", "topic": "Syllogism", "difficulty": "moderate", "text": {"en": "[Reasoning/Syllogism] Sample exam-style question #1534: Choose the correct option."}, "options": {"en": ["Option A1534", "Option B1534", "Option C1534", "Option D1534"]}, "answerIndex": 2}, {"id": "RE_1546", "section": "Reasoning", "topic": "Puzzle", "difficulty": "moderate", "text": {"en": "[Reasoning/Puzzle] Sample exam-style question #1546: Choose the correct option."}, "options": {"en": ["Option A1546", "Option B1546", "Option C1546", "Option D1546"]}, "answerIndex": 2}, {"id": "RE_1541", "section": "Reasoning", "topic": "Syllogism", "difficulty": "moderate", "text": {"en": "[Reasoning/Syllogism] Sample exam-style question #1541: Choose the correct option."}, "options": {"en": ["Option A1541", "Option B1541", "Option C1541", "Option D1541"]}, "answerIndex": 1}, {"id": "RE_1557", "section": "Reasoning", "topic": "Analogy", "difficulty": "moderate", "text": {"en": "[Reasoning/Analogy] Sample exam-style question #1557: Choose the correct option."}, "options": {"en": ["Option A1557", "Option B1557", "Option C1557", "Option D1557"]}, "answerIndex": 1}, {"id": "MA_1516", "section": "Mathematics", "topic": "DI", "difficulty": "moderate", "text": {"en": "[Mathematics/DI] Sample exam-style question #1516: Choose the correct option."}, "options": {"en": ["Option A1516", "Option B1516", "Option C1516", "Option D1516"]}, "answerIndex": 0}, {"id": "GE_1563", "section": "General Awareness", "topic": "Economy", "difficulty": "moderate", "text": {"en": "[General Awareness/Economy] Sample exam-style question #1563: Choose the correct option."}, "options": {"en": ["Option A1563", "Option B1563", "Option C1563", "Option D1563"]}, "answerIndex": 3}, {"id": "MA_1529", "section": "Mathematics", "topic": "Speed", "difficulty": "moderate", "text": {"en": "[Mathematics/Speed] Sample exam-style question #1529: Choose the correct option."}, "options": {"en": ["Option A1529", "Option B1529", "Option C1529", "Option D1529"]}, "answerIndex": 1}, {"id": "GE_1573", "section": "General Awareness", "topic": "History", "difficulty": "moderate", "text": {"en": "[General Awareness/History] Sample exam-style question #1573: Choose the correct option."}, "options": {"en": ["Option A1573", "Option B1573", "Option C1573", "Option D1573"]}, "answerIndex": 1}, {"id": "MA_1513", "section": "Mathematics", "topic": "SI", "difficulty": "moderate", "text": {"en": "[Mathematics/SI] Sample exam-style question #1513: Choose the correct option."}, "options": {"en": ["Option A1513", "Option B1513", "Option C1513", "Option D1513"]}, "answerIndex": 1}, {"id": "MA_1506", "section": "Mathematics", "topic": "Time&Work", "difficulty": "moderate", "text": {"en": "[Mathematics/Time&Work] Sample exam-style question #1506: Choose the correct option."}, "options": {"en": ["Option A1506", "Option B1506", "Option C1506", "Option D1506"]}, "answerIndex": 2}, {"id": "MA_1525", "section": "Mathematics", "topic": "Time&Work", "difficulty": "moderate", "text": {"en": "[Mathematics/Time&Work] Sample exam-style question #1525: Choose the correct option."}, "options": {"en": ["Option A1525", "Option B1525", "Option C1525", "Option D1525"]}, "answerIndex": 1}, {"id": "GE_1580", "section": "General Awareness", "topic": "Geography", "difficulty": "moderate", "text": {"en": "[General Awareness/Geography] Sample exam-style question #1580: Choose the correct option."}, "options": {"en": ["Option A1580", "Option B1580", "Option C1580", "Option D1580"]}, "answerIndex": 0}, {"id": "RE_1552", "section": "Reasoning", "topic": "Analogy", "difficulty": "moderate", "text": {"en": "[Reasoning/Analogy] Sample exam-style question #1552: Choose the correct option."}, "options": {"en": ["Option A1552", "Option B1552", "Option C1552", "Option D1552"]}, "answerIndex": 0}, {"id": "MA_1520", "section": "Mathematics", "topic": "Speed", "difficulty": "moderate", "text": {"en": "[Mathematics/Speed] Sample exam-style question #1520: Choose the correct option."}, "options": {"en": ["Option A1520", "Option B1520", "Option C1520", "Option D1520"]}, "answerIndex": 0}, {"id": "GE_1589", "section": "General Awareness", "topic": "History", "difficulty": "moderate", "text": {"en": "[General Awareness/History] Sample exam-style question #1589: Choose the correct option."}, "options": {"en": ["Option A1589", "Option B1589", "Option C1589", "Option D1589"]}, "answerIndex": 1}, {"id": "RE_1533", "section": "Reasoning", "topic": "Analogy", "difficulty": "moderate", "text": {"en": "[Reasoning/Analogy] Sample exam-style question #1533: Choose the correct option."}, "options": {"en": ["Option A1533", "Option B1533", "Option C1533", "Option D1533"]}, "answerIndex": 1}, {"id": "RE_1549", "section": "Reasoning", "topic": "Direction", "difficulty": "moderate", "text": {"en": "[Reasoning/Direction] Sample exam-style question #1549: Choose the correct option."}, "options": {"en": ["Option A1549", "Option B1549", "Option C1549", "Option D1549"]}, "answerIndex": 1}, {"id": "GE_1575", "section": "General Awareness", "topic": "Polity", "difficulty": "moderate", "text": {"en": "[General Awareness/Polity] Sample exam-style question #1575: Choose the correct option."}, "options": {"en": ["Option A1575", "Option B1575", "Option C1575", "Option D1575"]}, "answerIndex": 3}, {"id": "MA_1523", "section": "Mathematics", "topic": "Percentage", "difficulty": "moderate", "text": {"en": "[Mathematics/Percentage] Sample exam-style question #1523: Choose the correct option."}, "options": {"en": ["Option A1523", "Option B1523", "Option C1523", "Option D1523"]}, "answerIndex": 3}, {"id": "GE_1578", "section": "General Awareness", "topic": "Science", "difficulty": "moderate", "text": {"en": "[General Awareness/Science] Sample exam-style question #1578: Choose the correct option."}, "options": {"en": ["Option A1578", "Option B1578", "Option C1578", "Option D1578"]}, "answerIndex": 2}, {"id": "GE_1581", "section": "General Awareness", "topic": "Polity", "difficulty": "moderate", "text": {"en": "[General Awareness/Polity] Sample exam-style question #1581: Choose the correct option."}, "options": {"en": ["Option A1581", "Option B1581", "Option C1581", "Option D1581"]}, "answerIndex": 1}, {"id": "MA_1517", "section": "Mathematics", "topic": "Speed", "difficulty": "moderate", "text": {"en": "[Mathematics/Speed] Sample exam-style question #1517: Choose the correct option."}, "options": {"en": ["Option A1517", "Option B1517", "Option C1517", "Option D1517"]}, "answerIndex": 1}, {"id": "MA_1515", "section": "Mathematics", "topic": "CI", "difficulty": "moderate", "text": {"en": "[Mathematics/CI] Sample exam-style question #1515: Choose the correct option."}, "options": {"en": ["Option A1515", "Option B1515", "Option C1515", "Option D1515"]}, "answerIndex": 3}, {"id": "GE_1577", "section": "General Awareness", "topic": "Geography", "difficulty": "moderate", "text": {"en": "[General Awareness/Geography] Sample exam-style question #1577: Choose the correct option."}, "options": {"en": ["Option A1577", "Option B1577", "Option C1577", "Option D1577"]}, "answerIndex": 1}, {"id": "MA_1512", "section": "Mathematics", "topic": "Speed", "difficulty": "moderate", "text": {"en": "[Mathematics/Speed] Sample exam-style question #1512: Choose the correct option."}, "options": {"en": ["Option A1512", "Option B1512", "Option C1512", "Option D1512"]}, "answerIndex": 0}, {"id": "MA_1530", "section": "Mathematics", "topic": "Percentage", "difficulty": "moderate", "text": {"en": "[Mathematics/Percentage] Sample exam-style question #1530: Choose the correct option."}, "options": {"en": ["Option A1530", "Option B1530", "Option C1530", "Option D1530"]}, "answerIndex": 2}, {"id": "GE_1595", "section": "General Awareness", "topic": "Geography", "difficulty": "moderate", "text": {"en": "[General Awareness/Geography] Sample exam-style question #1595: Choose the correct option."}, "options": {"en": ["Option A1595", "Option B1595", "Option C1595", "Option D1595"]}, "answerIndex": 3}, {"id": "MA_1502", "section": "Mathematics", "topic": "DI", "difficulty": "moderate", "text": {"en": "[Mathematics/DI] Sample exam-style question #1502: Choose the correct option."}, "options": {"en": ["Option A1502", "Option B1502", "Option C1502", "Option D1502"]}, "answerIndex": 2}, {"id": "RE_1548", "section": "Reasoning", "topic": "Direction", "difficulty": "moderate", "text": {"en": "[Reasoning/Direction] Sample exam-style question #1548: Choose the correct option."}, "options": {"en": ["Option A1548", "Option B1548", "Option C1548", "Option D1548"]}, "answerIndex": 0}, {"id": "MA_1518", "section": "Mathematics", "topic": "SI", "difficulty": "moderate", "text": {"en": "[Mathematics/SI] Sample exam-style question #1518: Choose the correct option."}, "options": {"en": ["Option A1518", "Option B1518", "Option C1518", "Option D1518"]}, "answerIndex": 2}, {"id": "RE_1553", "section": "Reasoning", "topic": "Analogy", "difficulty": "moderate", "text": {"en": "[Reasoning/Analogy] Sample exam-style question #1553: Choose the correct option."}, "options": {"en": ["Option A1553", "Option B1553", "Option C1553", "Option D1553"]}, "answerIndex": 1}, {"id": "GE_1567", "section": "General Awareness", "topic": "Polity", "difficulty": "moderate", "text": {"en": "[General Awareness/Polity] Sample exam-style question #1567: Choose the correct option."}, "options": {"en": ["Option A1567", "Option B1567", "Option C1567", "Option D1567"]}, "answerIndex": 3}, {"id": "RE_1531", "section": "Reasoning", "topic": "Analogy", "difficulty": "moderate", "text": {"en": "[Reasoning/Analogy] Sample exam-style question #1531: Choose the correct option."}, "options": {"en": ["Option A1531", "Option B1531", "Option C1531", "Option D1531"]}, "answerIndex": 3}, {"id": "RE_1538", "section": "Reasoning", "topic": "Coding", "difficulty": "moderate", "text": {"en": "[Reasoning/Coding] Sample exam-style question #1538: Choose the correct option."}, "options": {"en": ["Option A1538", "Option B1538", "Option C1538", "Option D1538"]}, "answerIndex": 2}, {"id": "GE_1588", "section": "General Awareness", "topic": "Current Affairs", "difficulty": "moderate", "text": {"en": "[General Awareness/Current Affairs] Sample exam-style question #1588: Choose the correct option."}, "options": {"en": ["Option A1588", "Option B1588", "Option C1588", "Option D1588"]}, "answerIndex": 0}, {"id": "RE_1543", "section": "Reasoning", "topic": "Series", "difficulty": "moderate", "text": {"en": "[Reasoning/Series] Sample exam-style question #1543: Choose the correct option."}, "options": {"en": ["Option A1543", "Option B1543", "Option C1543", "Option D1543"]}, "answerIndex": 3}, {"id": "GE_1597", "section": "General Awareness", "topic": "History", "difficulty": "moderate", "text": {"en": "[General Awareness/History] Sample exam-style question #1597: Choose the correct option."}, "options": {"en": ["Option A1597", "Option B1597", "Option C1597", "Option D1597"]}, "answerIndex": 1}, {"id": "GE_1600", "section": "General Awareness", "topic": "Polity", "difficulty": "moderate", "text": {"en": "[General Awareness/Polity] Sample exam-style question #1600: Choose the correct option."}, "options": {"en": ["Option A1600", "Option B1600", "Option C1600", "Option D1600"]}, "answerIndex": 0}, {"id": "RE_1544", "section": "Reasoning", "topic": "Series", "difficulty": "moderate", "text": {"en": "[Reasoning/Series] Sample exam-style question #1544: Choose the correct option."}, "options": {"en": ["Option A1544", "Option B1544", "Option C1544", "Option D1544"]}, "answerIndex": 0}, {"id": "RE_1542", "section": "Reasoning", "topic": "Direction", "difficulty": "moderate", "text": {"en": "[Reasoning/Direction] Sample exam-style question #1542: Choose the correct option."}, "options": {"en": ["Option A1542", "Option B1542", "Option C1542", "Option D1542"]}, "answerIndex": 2}, {"id": "RE_1535", "section": "Reasoning", "topic": "Analogy", "difficulty": "moderate", "text": {"en": "[Reasoning/Analogy] Sample exam-style question #1535: Choose the correct option."}, "options": {"en": ["Option A1535", "Option B1535", "Option C1535", "Option D1535"]}, "answerIndex": 3}, {"id": "MA_1514", "section": "Mathematics", "topic": "Time&Work", "difficulty": "moderate", "text": {"en": "[Mathematics/Time&Work] Sample exam-style question #1514: Choose the correct option."}, "options": {"en": ["Option A1514", "Option B1514", "Option C1514", "Option D1514"]}, "answerIndex": 2}, {"id": "MA_1524", "section": "Mathematics", "topic": "Time&Work", "difficulty": "moderate", "text": {"en": "[Mathematics/Time&Work] Sample exam-style question #1524: Choose the correct option."}, "options": {"en": ["Option A1524", "Option B1524", "Option C1524", "Option D1524"]}, "answerIndex": 0}, {"id": "GE_1587", "section": "General Awareness", "topic": "Polity", "difficulty": "moderate", "text": {"en": "[General Awareness/Polity] Sample exam-style question #1587: Choose the correct option."}, "options": {"en": ["Option A1587", "Option B1587", "Option C1587", "Option D1587"]}, "answerIndex": 3}, {"id": "GE_1574", "section": "General Awareness", "topic": "Geography", "difficulty": "moderate", "text": {"en": "[General Awareness/Geography] Sample exam-style question #1574: Choose the correct option."}, "options": {"en": ["Option A1574", "Option B1574", "Option C1574", "Option D1574"]}, "answerIndex": 2}, {"id": "GE_1593", "section": "General Awareness", "topic": "Polity", "difficulty": "moderate", "text": {"en": "[General Awareness/Polity] Sample exam-style question #1593: Choose the correct option."}, "options": {"en": ["Option A1593", "Option B1593", "Option C1593", "Option D1593"]}, "answerIndex": 1}, {"id": "GE_1579", "section": "General Awareness", "topic": "Current Affairs", "difficulty": "moderate", "text": {"en": "[General Awareness/Current Affairs] Sample exam-style question #1579: Choose the correct option."}, "options": {"en": ["Option A1579", "Option B1579", "Option C1579", "Option D1579"]}, "answerIndex": 3}, {"id": "RE_1551", "section": "Reasoning", "topic": "Analogy", "difficulty": "moderate", "text": {"en": "[Reasoning/Analogy] Sample exam-style question #1551: Choose the correct option."}, "options": {"en": ["Option A1551", "Option B1551", "Option C1551", "Option D1551"]}, "answerIndex": 3}, {"id": "GE_1566", "section": "General Awareness", "topic": "Geography", "difficulty": "moderate", "text": {"en": "[General Awareness/Geography] Sample exam-style question #1566: Choose the correct option."}, "options": {"en": ["Option A1566", "Option B1566", "Option C1566", "Option D1566"]}, "answerIndex": 2}, {"id": "GE_1576", "section": "General Awareness", "topic": "Current Affairs", "difficulty": "moderate", "text": {"en": "[General Awareness/Current Affairs] Sample exam-style question #1576: Choose the correct option."}, "options": {"en": ["Option A1576", "Option B1576", "Option C1576", "Option D1576"]}, "answerIndex": 0}, {"id": "GE_1562", "section": "General Awareness", "topic": "Polity", "difficulty": "moderate", "text": {"en": "[General Awareness/Polity] Sample exam-style question #1562: Choose the correct option."}, "options": {"en": ["Option A1562", "Option B1562", "Option C1562", "Option D1562"]}, "answerIndex": 2}, {"id": "GE_1568", "section": "General Awareness", "topic": "Current Affairs", "difficulty": "moderate", "text": {"en": "[General Awareness/Current Affairs] Sample exam-style question #1568: Choose the correct option."}, "options": {"en": ["Option A1568", "Option B1568", "Option C1568", "Option D1568"]}, "answerIndex": 0}, {"id": "RE_1560", "section": "Reasoning", "topic": "Direction", "difficulty": "moderate", "text": {"en": "[Reasoning/Direction] Sample exam-style question #1560: Choose the correct option."}, "options": {"en": ["Option A1560", "Option B1560", "Option C1560", "Option D1560"]}, "answerIndex": 0}, {"id": "MA_1505", "section": "Mathematics", "topic": "SI", "difficulty": "moderate", "text": {"en": "[Mathematics/SI] Sample exam-style question #1505: Choose the correct option."}, "options": {"en": ["Option A1505", "Option B1505", "Option C1505", "Option D1505"]}, "answerIndex": 1}, {"id": "GE_1564", "section": "General Awareness", "topic": "Science", "difficulty": "moderate", "text": {"en": "[General Awareness/Science] Sample exam-style question #1564: Choose the correct option."}, "options": {"en": ["Option A1564", "Option B1564", "Option C1564", "Option D1564"]}, "answerIndex": 0}, {"id": "GE_1596", "section": "General Awareness", "topic": "History", "difficulty": "moderate", "text": {"en": "[General Awareness/History] Sample exam-style question #1596: Choose the correct option."}, "options": {"en": ["Option A1596", "Option B1596", "Option C1596", "Option D1596"]}, "answerIndex": 0}, {"id": "MA_1509", "section": "Mathematics", "topic": "SI", "difficulty": "moderate", "text": {"en": "[Mathematics/SI] Sample exam-style question #1509: Choose the correct option."}, "options": {"en": ["Option A1509", "Option B1509", "Option C1509", "Option D1509"]}, "answerIndex": 1}, {"id": "GE_1584", "section": "General Awareness", "topic": "History", "difficulty": "moderate", "text": {"en": "[General Awareness/History] Sample exam-style question #1584: Choose the correct option."}, "options": {"en": ["Option A1584", "Option B1584", "Option C1584", "Option D1584"]}, "answerIndex": 0}, {"id": "GE_1585", "section": "General Awareness", "topic": "Polity", "difficulty": "moderate", "text": {"en": "[General Awareness/Polity] Sample exam-style question #1585: Choose the correct option."}, "options": {"en": ["Option A1585", "Option B1585", "Option C1585", "Option D1585"]}, "answerIndex": 1}, {"id": "GE_1583", "section": "General Awareness", "topic": "Geography", "difficulty": "moderate", "text": {"en": "[General Awareness/Geography] Sample exam-style question #1583: Choose the correct option."}, "options": {"en": ["Option A1583", "Option B1583", "Option C1583", "Option D1583"]}, "answerIndex": 3}, {"id": "MA_1522", "section": "Mathematics", "topic": "CI", "difficulty": "moderate", "text": {"en": "[Mathematics/CI] Sample exam-style question #1522: Choose the correct option."}, "options": {"en": ["Option A1522", "Option B1522", "Option C1522", "Option D1522"]}, "answerIndex": 2}, {"id": "GE_1572", "section": "General Awareness", "topic": "Economy", "difficulty": "moderate", "text": {"en": "[General Awareness/Economy] Sample exam-style question #1572: Choose the correct option."}, "options": {"en": ["Option A1572", "Option B1572", "Option C1572", "Option D1572"]}, "answerIndex": 0}, {"id": "GE_1599", "section": "General Awareness", "topic": "History", "difficulty": "moderate", "text": {"en": "[General Awareness/History] Sample exam-style question #1599: Choose the correct option."}, "options": {"en": ["Option A1599", "Option B1599", "Option C1599", "Option D1599"]}, "answerIndex": 3}, {"id": "RE_1545", "section": "Reasoning", "topic": "Coding", "difficulty": "moderate", "text": {"en": "[Reasoning/Coding] Sample exam-style question #1545: Choose the correct option."}, "options": {"en": ["Option A1545", "Option B1545", "Option C1545", "Option D1545"]}, "answerIndex": 1}, {"id": "GE_1570", "section": "General Awareness", "topic": "History", "difficulty": "moderate", "text": {"en": "[General Awareness/History] Sample exam-style question #1570: Choose the correct option."}, "options": {"en": ["Option A1570", "Option B1570", "Option C1570", "Option D1570"]}, "answerIndex": 2}, {"id": "RE_1550", "section": "Reasoning", "topic": "Syllogism", "difficulty": "moderate", "text": {"en": "[Reasoning/Syllogism] Sample exam-style question #1550: Choose the correct option."}, "options": {"en": ["Option A1550", "Option B1550", "Option C1550", "Option D1550"]}, "answerIndex": 2}, {"id": "GE_1594", "section": "General Awareness", "topic": "Polity", "difficulty": "moderate", "text": {"en": "[General Awareness/Polity] Sample exam-style question #1594: Choose the correct option."}, "options": {"en": ["Option A1594", "Option B1594", "Option C1594", "Option D1594"]}, "answerIndex": 2}, {"id": "RE_1547", "section": "Reasoning", "topic": "Coding", "difficulty": "moderate", "text": {"en": "[Reasoning/Coding] Sample exam-style question #1547: Choose the correct option."}, "options": {"en": ["Option A1547", "Option B1547", "Option C1547", "Option D1547"]}, "answerIndex": 3}]}