{"testId": "007", "questions": [{"id": "RE_0660", "section": "Reasoning", "topic": "Coding", "difficulty": "moderate", "text": {"en": "[Reasoning/Coding] Sample exam-style question #660: Choose the correct option."}, "options": {"en": ["Option A660", "Option B660", "Option C660", "Option D660"]}, "answerIndex": 0}, {"id": "MA_0614", "section": "Mathematics", "topic": "CI", "difficulty": "moderate", "text": {"en": "[Mathematics/CI] Sample exam-style question #614: Choose the correct option."}, "options": {"en": ["Option A614", "Option B614", "Option C614", "Option D614"]}, "answerIndex": 2}, {"id": "GE_0668", "section": "General Awareness", "topic": "History", "difficulty": "moderate", "text": {"en": "[General Awareness/History] Sample exam-style question #668: Choose the correct option."}, "options": {"en": ["Option A668", "Option B668", "Option C668", "Option D668"]}, "answerIndex": 0}, {"id": "RE_0652", "section": "Reasoning", "topic": "Coding", "difficulty": "moderate", "text": {"en": "[Reasoning/Coding] Sample exam-style question #652: Choose the correct option."}, "options": {"en": ["Option A652", "Option B652", "Option C652", "Option D652"]}, "answerIndex": 0}, {"id": "RE_0633", "section": "Reasoning", "topic": "Syllogism", "difficulty": "moderate", "text": {"en": "[Reasoning/Syllogism] Sample exam-style question #633: Choose the correct option."}, "options": {"en": ["Option A633", "Option B633", "Option C633", "Option D633"]}, "answerIndex": 1}, {"id": "RE_0657", "section": "Reasoning", "topic": "Coding", "difficulty": "moderate", "text": {"en": "[Reasoning/Coding] Sample exam-style question #657: Choose the correct option."}, "options": {"en": ["Option A657", "Option B657", "Option C657", "Option D657"]}, "answerIndex": 1}, {"id": "RE_0641", "section": "Reasoning", "topic": "Analogy", "difficulty": "moderate", "text": {"en": "[Reasoning/Analogy] Sample exam-style question #641: Choose the correct option."}, "options": {"en": ["Option A641", "Option B641", "Option C641", "Option D641"]}, "answerIndex": 1}, {"id": "MA_0622", "section": "Mathematics", "topic": "Time&Work", "difficulty": "moderate", "text": {"en": "[Mathematics/Time&Work] Sample exam-style question #622: Choose the correct option."}, "options": {"en": ["Option A622", "Option B622", "Option C622", "Option D622"]}, "answerIndex": 2}, {"id": "GE_0683", "section": "General Awareness", "topic": "Current Affairs", "difficulty": "moderate", "text": {"en": "[General Awareness/Current Affairs] Sample exam-style question #683: Choose the correct option."}, "options": {"en": ["Option A683", "Option B683", "Option C683", "Option D683"]}, "answerIndex": 3}, {"id": "RE_0644", "section": "Reasoning", "topic": "Series", "difficulty": "moderate", "text": {"en": "[Reasoning/Series] Sample exam-style question #644: Choose the correct option."}, "options": {"en": ["Option A644", "Option B644", "Option C644", "Option D644"]}, "answerIndex": 0}, {"id": "MA_0615", "section": "Mathematics", "topic": "Speed", "difficulty": "moderate", "text": {"en": "[Mathematics/Speed] Sample exam-style question #615: Choose the correct option."}, "options": {"en": ["Option A615", "Option B615", "Option C615", "Option D615"]}, "answerIndex": 3}, {"id": "RE_0651", "section": "Reasoning", "topic": "Series", "difficulty": "moderate", "text": {"en": "[Reasoning/Series] Sample exam-style question #651: Choose the correct option."}, "options": {"en": ["Option A651", "Option B651", "Option C651", "Option D651"]}, "answerIndex": 3}, {"id": "MA_0611", "section": "Mathematics", "topic": "Ratio", "difficulty": "moderate", "text": {"en": "[Mathematics/Ratio] Sample exam-style question #611: Choose the correct option."}, "options": {"en": ["Option A611", "Option B611", "Option C611", "Option D611"]}, "answerIndex": 3}, {"id": "RE_0654", "section": "Reasoning", "topic": "Syllogism", "difficulty": "moderate", "text": {"en": "[Reasoning/Syllogism] Sample exam-style question #654: Choose the correct option."}, "options": {"en": ["Option A654", "Option B654", "Option C654", "Option D654"]}, "answerIndex": 2}, {"id": "GE_0684", "section": "General Awareness", "topic": "Science", "difficulty": "moderate", "text": {"en": "[General Awareness/Science] Sample exam-style question #684: Choose the correct option."}, "options": {"en": ["Option A684", "Option B684", "Option C684", "Option D684"]}, "answerIndex": 0}, {"id": "GE_0697", "section": "General Awareness", "topic": "Geography", "difficulty": "moderate", "text": {"en": "[General Awareness/Geography] Sample exam-style question #697: Choose the correct option."}, "options": {"en": ["Option A697", "Option B697", "Option C697", "Option D697"]}, "answerIndex": 1}, {"id": "GE_0662", "section": "General Awareness", "topic": "Science", "difficulty": "moderate", "text": {"en": "[General Awareness/Science] Sample exam-style question #662: Choose the correct option."}, "options": {"en": ["Option A662", "Option B662", "Option C662", "Option D662"]}, "answerIndex": 2}, {"id": "RE_0646", "section": "Reasoning", "topic": "Puzzle", "difficulty": "moderate", "text": {"en": "[Reasoning/Puzzle] Sample exam-style question #646: Choose the correct option."}, "options": {"en": ["Option A646", "Option B646", "Option C646", "Option D646"]}, "answerIndex": 2}, {"id": "GE_0673", "section": "General Awareness", "topic": "Economy", "difficulty": "moderate", "text": {"en": "[General Awareness/Economy] Sample exam-style question #673: Choose the correct option."}, "options": {"en": ["Option A673", "Option B673", "Option C673", "Option D673"]}, "answerIndex": 1}, {"id": "GE_0663", "section": "General Awareness", "topic": "Polity", "difficulty": "moderate", "text": {"en": "[General Awareness/Polity] Sample exam-style question #663: Choose the correct option."}, "options": {"en": ["Option A663", "Option B663", "Option C663", "Option D663"]}, "answerIndex": 3}, {"id": "GE_0699", "section": "General Awareness", "topic": "Science", "difficulty": "moderate", "text": {"en": "[General Awareness/Science] Sample exam-style question #699: Choose the correct option."}, "options": {"en": ["Option A699", "Option B699", "Option C699", "Option D699"]}, "answerIndex": 3}, {"id": "RE_0650", "section": "Reasoning", "topic": "Syllogism", "difficulty": "moderate", "text": {"en": "[Reasoning/Syllogism] Sample exam-style question #650: Choose the correct option."}, "options": {"en": ["Option A650", "Option B650", "Option C650", "Option D650"]}, "answerIndex": 2}, {"id": "GE_0687", "section": "General Awareness", "topic": "Science", "difficulty": "moderate", "text": {"en": "[General Awareness/Science] Sample exam-style question #687: Choose the correct option."}, "options": {"en": ["Option A687", "Option B687", "Option C687", "Option D687"]}, "answerIndex": 3}, {"id": "GE_0696", "section": "General Awareness", "topic": "Science", "difficulty": "moderate", "text": {"en": "[General Awareness/Science] Sample exam-style question #696: Choose the correct option."}, "options": {"en": ["Option A696", "Option B696", "Option C696", "Option D696"]}, "answerIndex": 0}, {"id": "MA_0620", "section": "Mathematics", "topic": "SI", "difficulty": "moderate", "text": {"en": "[Mathematics/SI] Sample exam-style question #620: Choose the correct option."}, "options": {"en": ["Option A620", "Option B620", "Option C620", "Option D620"]}, "answerIndex": 0}, {"id": "GE_0694", "section": "General Awareness", "topic": "Science", "difficulty": "moderate", "text": {"en": "[General Awareness/Science] Sample exam-style question #694: Choose the correct option."}, "options": {"en": ["Option A694", "Option B694", "Option C694", "Option D694"]}, "answerIndex": 2}, {"id": "MA_0609", "section": "Mathematics", "topic": "Time&Work", "difficulty": "moderate", "text": {"en": "[Mathematics/Time&Work] Sample exam-style question #609: Choose the correct option."}, "options": {"en": ["Option A609", "Option B609", "Option C609", "Option D609"]}, "answerIndex": 1}, {"id": "RE_0645", "section": "Reasoning", "topic": "Syllogism", "difficulty": "moderate", "text": {"en": "[Reasoning/Syllogism] Sample exam-style question #645: Choose the correct option."}, "options": {"en": ["Option A645", "Option B645", "Option C645", "Option D645"]}, "answerIndex": 1}, {"id": "GE_0674", "section": "General Awareness", "topic": "History", "difficulty": "moderate", "text": {"en": "[General Awareness/History] Sample exam-style question #674: Choose the correct option."}, "options": {"en": ["Option A674", "Option B674", "Option C674", "Option D674"]}, "answerIndex": 2}, {"id": "MA_0617", "section": "Mathematics", "topic": "Ratio", "difficulty": "moderate", "text": {"en": "[Mathematics/Ratio] Sample exam-style question #617: Choose the correct option."}, "options": {"en": ["Option A617", "Option B617", "Option C617", "Option D617"]}, "answerIndex": 1}, {"id": "MA_0606", "section": "Mathematics", "topic": "CI", "difficulty": "moderate", "text": {"en": "[Mathematics/CI] Sample exam-style question #606: Choose the correct option."}, "options": {"en": ["Option A606", "Option B606", "Option C606", "Option D606"]}, "answerIndex": 2}, {"id": "MA_0601", "section": "Mathematics", "topic": "Time&Work", "difficulty": "moderate", "text": {"en": "[Mathematics/Time&Work] Sample exam-style question #601: Choose the correct option."}, "options": {"en": ["Option A601", "Option B601", "Option C601", "Option D601"]}, "answerIndex": 1}, {"id": "RE_0635", "section": "Reasoning", "topic": "Direction", "difficulty": "moderate", "text": {"en": "[Reasoning/Direction] Sample exam-style question #635: Choose the correct option."}, "options": {"en": ["Option A635", "Option B635", "Option C635", "Option D635"]}, "answerIndex": 3}, {"id": "MA_0621", "section": "Mathematics", "topic": "CI", "difficulty": "moderate", "text": {"en": "[Mathematics/CI] Sample exam-style question #621: Choose the correct option."}, "options": {"en": ["Option A621", "Option B621", "Option C621", "Option D621"]}, "answerIndex": 1}, {"id": "MA_0624", "section": "Mathematics", "topic": "Percentage", "difficulty": "moderate", "text": {"en": "[Mathematics/Percentage] Sample exam-style question #624: Choose the correct option."}, "options": {"en": ["Option A624", "Option B624", "Option C624", "Option D624"]}, "answerIndex": 0}, {"id": "GE_0681", "section": "General Awareness", "topic": "History", "difficulty": "moderate", "text": {"en": "[General Awareness/History] Sample exam-style question #681: Choose the correct option."}, "options": {"en": ["Option A681", "Option B681", "Option C681", "Option D681"]}, "answerIndex": 1}, {"id": "GE_0676", "section": "General Awareness", "topic": "Current Affairs", "difficulty": "moderate", "text": {"en": "[General Awareness/Current Affairs] Sample exam-style question #676: Choose the correct option."}, "options": {"en": ["Option A676", "Option B676", "Option C676", "Option D676"]}, "answerIndex": 0}, {"id": "RE_0659", "section": "Reasoning", "topic": "Series", "difficulty": "moderate", "text": {"en": "[Reasoning/Series] Sample exam-style question #659: Choose the correct option."}, "options": {"en": ["Option A659", "Option B659", "Option C659", "Option D659"]}, "answerIndex": 3}, {"id": "RE_0647", "section": "Reasoning", "topic": "Analogy", "difficulty": "moderate", "text": {"en": "[Reasoning/Analogy] Sample exam-style question #647: Choose the correct option."}, "options": {"en": ["Option A647", "Option B647", "Option C647", "Option D647"]}, "answerIndex": 3}, {"id": "GE_0678", "section": "General Awareness", "topic": "Polity", "difficulty": "moderate", "text": {"en": "[General Awareness/Polity] Sample exam-style question #678: Choose the correct option."}, "options": {"en": ["Option A678", "Option B678", "Option C678", "Option D678"]}, "answerIndex": 2}, {"id": "RE_0648", "section": "Reasoning", "topic": "Analogy", "difficulty": "moderate", "text": {"en": "[Reasoning/Analogy] Sample exam-style question #648: Choose the correct option."}, "options": {"en": ["Option A648", "Option B648", "Option C648", "Option D648"]}, "answerIndex": 0}, {"id": "RE_0639", "section": "Reasoning", "topic": "Puzzle", "difficulty": "moderate", "text": {"en": "[Reasoning/Puzzle] Sample exam-style question #639: Choose the correct option."}, "options": {"en": ["Option A639", "Option B639", "Option C639", "Option D639"]}, "answerIndex": 3}, {"id": "GE_0686", "section": "General Awareness", "topic": "Polity", "difficulty": "moderate", "text": {"en": "[General Awareness/Polity] Sample exam-style question #686: Choose the correct option."}, "options": {"en": ["Option A686", "Option B686", "Option C686", "Option D686"]}, "answerIndex": 2}, {"id": "GE_0665", "section": "General Awareness", "topic": "Economy", "difficulty": "moderate", "text": {"en": "[General Awareness/Economy] Sample exam-style question #665: Choose the correct option."}, "options": {"en": ["Option A665", "Option B665", "Option C665", "Option D665"]}, "answerIndex": 1}, {"id": "RE_0634", "section": "Reasoning", "topic": "Direction", "difficulty": "moderate", "text": {"en": "[Reasoning/Direction] Sample exam-style question #634: Choose the correct option."}, "options": {"en": ["Option A634", "Option B634", "Option C634", "Option D634"]}, "answerIndex": 2}, {"id": "GE_0664", "section": "General Awareness", "topic": "Economy", "difficulty": "moderate", "text": {"en": "[General Awareness/Economy] Sample exam-style question #664: Choose the correct option."}, "options": {"en": ["Option A664", "Option B664", "Option C664", "Option D664"]}, "answerIndex": 0}, {"id": "MA_0613", "section": "Mathematics", "topic": "Speed", "difficulty": "moderate", "text": {"en": "[Mathematics/Speed] Sample exam-style question #613: Choose the correct option."}, "options": {"en": ["Option A613", "Option B613", "Option C613", "Option D613"]}, "answerIndex": 1}, {"id": "GE_0666", "section": "General Awareness", "topic": "Current Affairs", "difficulty": "moderate", "text": {"en": "[General Awareness/Current Affairs] Sample exam-style question #666: Choose the correct option."}, "options": {"en": ["Option A666", "Option B666", "Option C666", "Option D666"]}, "answerIndex": 2}, {"id": "MA_0627", "section": "Mathematics", "topic": "Ratio", "difficulty": "moderate", "text": {"en": "[Mathematics/Ratio] Sample exam-style question #627: Choose the correct option."}, "options": {"en": ["Option A627", "Option B627", "Option C627", "Option D627"]}, "answerIndex": 3}, {"id": "GE_0661", "section": "General Awareness", "topic": "Economy", "difficulty": "moderate", "text": {"en": "[General Awareness/Economy] Sample exam-style question #661: Choose the correct option."}, "options": {"en": ["Option A661", "Option B661", "Option C661", "Option D661"]}, "answerIndex": 1}, {"id": "GE_0679", "section": "General Awareness", "topic": "Polity", "difficulty": "moderate", "text": {"en": "[General Awareness/Polity] Sample exam-style question #679: Choose the correct option."}, "options": {"en": ["Option A679", "Option B679", "Option C679", "Option D679"]}, "answerIndex": 3}, {"id": "MA_0603", "section": "Mathematics", "topic": "Speed", "difficulty": "moderate", "text": {"en": "[Mathematics/Speed] Sample exam-style question #603: Choose the correct option."}, "options": {"en": ["Option A603", "Option B603", "Option C603", "Option D603"]}, "answerIndex": 3}, {"id": "MA_0618", "section": "Mathematics", "topic": "Time&Work", "difficulty": "moderate", "text": {"en": "[Mathematics/Time&Work] Sample exam-style question #618: Choose the correct option."}, "options": {"en": ["Option A618", "Option B618", "Option C618", "Option D618"]}, "answerIndex": 2}, {"id": "MA_0628", "section": "Mathematics", "topic": "CI", "difficulty": "moderate", "text": {"en": "[Mathematics/CI] Sample exam-style question #628: Choose the correct option."}, "options": {"en": ["Option A628", "Option B628", "Option C628", "Option D628"]}, "answerIndex": 0}, {"id": "RE_0649", "section": "Reasoning", "topic": "Puzzle", "difficulty": "moderate", "text": {"en": "[Reasoning/Puzzle] Sample exam-style question #649: Choose the correct option."}, "options": {"en": ["Option A649", "Option B649", "Option C649", "Option D649"]}, "answerIndex": 1}, {"id": "MA_0619", "section": "Mathematics", "topic": "Time&Work", "difficulty": "moderate", "text": {"en": "[Mathematics/Time&Work] Sample exam-style question #619: Choose the correct option."}, "options": {"en": ["Option A619", "Option B619", "Option C619", "Option D619"]}, "answerIndex": 3}, {"id": "GE_0689", "section": "General Awareness", "topic": "Polity", "difficulty": "moderate", "text": {"en": "[General Awareness/Polity] Sample exam-style question #689: Choose the correct option."}, "options": {"en": ["Option A689", "Option B689", "Option C689", "Option D689"]}, "answerIndex": 1}, {"id": "GE_0670", "section": "General Awareness", "topic": "Current Affairs", "difficulty": "moderate", "text": {"en": "[General Awareness/Current Affairs] Sample exam-style question #670: Choose the correct option."}, "options": {"en": ["Option A670", "Option B670", "Option C670", "Option D670"]}, "answerIndex": 2}, {"id": "GE_0685", "section": "General Awareness", "topic": "Economy", "difficulty": "moderate", "text": {"en": "[General Awareness/Economy] Sample exam-style question #685: Choose the correct option."}, "options": {"en": ["Option A685", "Option B685", "Option C685", "Option D685"]}, "answerIndex": 1}, {"id": "GE_0693", "section": "General Awareness", "topic": "Current Affairs", "difficulty": "moderate", "text": {"en": "[General Awareness/Current Affairs] Sample exam-style question #693: Choose the correct option."}, "options": {"en": ["Option A693", "Option B693", "Option C693", "Option D693"]}, "answerIndex": 1}, {"id": "RE_0653", "section": "Reasoning", "topic": "Analogy", "difficulty": "moderate", "text": {"en": "[Reasoning/Analogy] Sample exam-style question #653: Choose the correct option."}, "options": {"en": ["Option A653", "Option B653", "Option C653", "Option D653"]}, "answerIndex": 1}, {"id": "GE_0671", "section": "General Awareness", "topic": "Economy", "difficulty": "moderate", "text": {"en": "[General Awareness/Economy] Sample exam-style question #671: Choose the correct option."}, "options": {"en": ["Option A671", "Option B671", "Option C671", "Option D671"]}, "answerIndex": 3}, {"id": "GE_0669", "section": "General Awareness", "topic": "Current Affairs", "difficulty": "moderate", "text": {"en": "[General Awareness/Current Affairs] Sample exam-style question #669: Choose the correct option."}, "options": {"en": ["Option A669", "Option B669", "Option C669", "Option D669"]}, "answerIndex": 1}, {"id": "MA_0602", "section": "Mathematics", "topic": "SI", "difficulty": "moderate", "text": {"en": "[Mathematics/SI] Sample exam-style question #602: Choose the correct option."}, "options": {"en": ["Option A602", "Option B602", "Option C602", "Option D602"]}, "answerIndex": 2}, {"id": "RE_0632", "section": "Reasoning", "topic": "Analogy", "difficulty": "moderate", "text": {"en": "[Reasoning/Analogy] Sample exam-style question #632: Choose the correct option."}, "options": {"en": ["Option A632", "Option B632", "Option C632", "Option D632"]}, "answerIndex": 0}, {"id": "MA_0612", "section": "Mathematics", "topic": "CI", "difficulty": "moderate", "text": {"en": "[Mathematics/CI] Sample exam-style question #612: Choose the correct option."}, "options": {"en": ["Option A612", "Option B612", "Option C612", "Option D612"]}, "answerIndex": 0}, {"id": "RE_0642", "section": "Reasoning", "topic": "Coding", "difficulty": "moderate", "text": {"en": "[Reasoning/Coding] Sample exam-style question #642: Choose the correct option."}, "options": {"en": ["Option A642", "Option B642", "Option C642", "Option D642"]}, "answerIndex": 2}, {"id": "RE_0643", "section": "Reasoning", "topic": "Analogy", "difficulty": "moderate", "text": {"en": "[Reasoning/Analogy] Sample exam-style question #643: Choose the correct option."}, "options": {"en": ["Option A643", "Option B643", "Option C643", "Option D643"]}, "answerIndex": 3}, {"id": "MA_0604", "section": "Mathematics", "topic": "CI", "difficulty": "moderate", "text": {"en": "[Mathematics/CI] Sample exam-style question #604: Choose the correct option."}, "options": {"en": ["Option A604", "Option B604", "Option C604", "Option D604"]}, "answerIndex": 0}, {"id": "MA_0630", "section": "Mathematics", "topic": "Time&Work", "difficulty": "moderate", "text": {"en": "[Mathematics/Time&Work] Sample exam-style question #630: Choose the correct option."}, "options": {"en": ["Option A630", "Option B630", "Option C630", "Option D630"]}, "answerIndex": 2}, {"id": "GE_0688", "section": "General Awareness", "topic": "History", "difficulty": "moderate", "text": {"en": "[General Awareness/History] Sample exam-style question #688: Choose the correct option."}, "options": {"en": ["Option A688", "Option B688", "Option C688", "Option D688"]}, "answerIndex": 0}, {"id": "RE_0638", "section": "Reasoning", "topic": "Coding", "difficulty": "moderate", "text": {"en": "[Reasoning/Coding] Sample exam-style question #638: Choose the correct option."}, "options": {"en": ["Option A638", "Option B638", "Option C638", "Option D638"]}, "answerIndex": 2}, {"id": "RE_0655", "section": "Reasoning", "topic": "Coding", "difficulty": "moderate", "text": {"en": "[Reasoning/Coding] Sample exam-style question #655: Choose the correct option."}, "options": {"en": ["Option A655", "Option B655", "Option C655", "Option D655"]}, "answerIndex": 3}, {"id": "RE_0636", "section": "Reasoning", "topic": "Direction", "difficulty": "moderate", "text": {"en": "[Reasoning/Direction] Sample exam-style question #636: Choose the correct option."}, "options": {"en": ["Option A636", "Option B636", "Option C636", "Option D636"]}, "answerIndex": 0}, {"id": "GE_0691", "section": "General Awareness", "topic": "History", "difficulty": "moderate", "text": {"en": "[General Awareness/History] Sample exam-style question #691: Choose the correct option."}, "options": {"en": ["Option A691", "Option B691", "Option C691", "Option D691"]}, "answerIndex": 3}, {"id": "MA_0616", "section": "Mathematics", "topic": "Speed", "difficulty": "moderate", "text": {"en": "[Mathematics/Speed] Sample exam-style question #616: Choose the correct option."}, "options": {"en": ["Option A616", "Option B616", "Option C616", "Option D616"]}, "answerIndex": 0}, {"id": "MA_0610", "section": "Mathematics", "topic": "Ratio", "difficulty": "moderate", "text": {"en": "[Mathematics/Ratio] Sample exam-style question #610: Choose the correct option."}, "options": {"en": ["Option A610", "Option B610", "Option C610", "Option D610"]}, "answerIndex": 2}, {"id": "RE_0631", "section": "Reasoning", "topic": "Puzzle", "difficulty": "moderate", "text": {"en": "[Reasoning/Puzzle] Sample exam-style question #631: Choose the correct option."}, "options": {"en": ["Option A631", "Option B631", "Option C631", "Option D631"]}, "answerIndex": 3}, {"id": "MA_0625", "section": "Mathematics", "topic": "SI", "difficulty": "moderate", "text": {"en": "[Mathematics/SI] Sample exam-style question #625: Choose the correct option."}, "options": {"en": ["Option A625", "Option B625", "Option C625", "Option D625"]}, "answerIndex": 1}, {"id": "RE_0656", "section": "Reasoning", "topic": "Coding", "difficulty": "moderate", "text": {"en": "[Reasoning/Coding] Sample exam-style question #656: Choose the correct option."}, "options": {"en": ["Option A656", "Option B656", "Option C656", "Option D656"]}, "answerIndex": 0}, {"id": "GE_0690", "section": "General Awareness", "topic": "Economy", "difficulty": "moderate", "text": {"en": "[General Awareness/Economy] Sample exam-style question #690: Choose the correct option."}, "options": {"en": ["Option A690", "Option B690", "Option C690", "Option D690"]}, "answerIndex": 2}, {"id": "GE_0700", "section": "General Awareness", "topic": "Current Affairs", "difficulty": "moderate", "text": {"en": "[General Awareness/Current Affairs] Sample exam-style question #700: Choose the correct option."}, "options": {"en": ["Option A700", "Option B700", "Option C700", "Option D700"]}, "answerIndex": 0}, {"id": "GE_0680", "section": "General Awareness", "topic": "Economy", "difficulty": "moderate", "text": {"en": "[General Awareness/Economy] Sample exam-style question #680: Choose the correct option."}, "options": {"en": ["Option A680", "Option B680", "Option C680", "Option D680"]}, "answerIndex": 0}, {"id": "RE_0637", "section": "Reasoning", "topic": "Analogy", "difficulty": "moderate", "text": {"en": "[Reasoning/Analogy] Sample exam-style question #637: Choose the correct option."}, "options": {"en": ["Option A637", "Option B637", "Option C637", "Option D637"]}, "answerIndex": 1}, {"id": "GE_0675", "section": "General Awareness", "topic": "History", "difficulty": "moderate", "text": {"en": "[General Awareness/History] Sample exam-style question #675: Choose the correct option."}, "options": {"en": ["Option A675", "Option B675", "Option C675", "Option D675"]}, "answerIndex": 3}, {"id": "RE_0658", "section": "Reasoning", "topic": "Series", "difficulty": "moderate", "text": {"en": "[Reasoning/Series] Sample exam-style question #658: Choose the correct option."}, "options": {"en": ["Option A658", "Option B658", "Option C658", "Option D658"]}, "answerIndex": 2}, {"id": "MA_0607", "section": "Mathematics", "topic": "Speed", "difficulty": "moderate", "text": {"en": "[Mathematics/Speed] Sample exam-style question #607: Choose the correct option."}, "options": {"en": ["Option A607", "Option B607", "Option C607", "Option D607"]}, "answerIndex": 3}, {"id": "GE_0672", "section": "General Awareness", "topic": "Economy", "difficulty": "moderate", "text": {"en": "[General Awareness/Economy] Sample exam-style question #672: Choose the correct option."}, "options": {"en": ["Option A672", "Option B672", "Option C672", "Option D672"]}, "answerIndex": 0}, {"id": "MA_0626", "section": "Mathematics", "topic": "SI", "difficulty": "moderate", "text": {"en": "[Mathematics/SI] Sample exam-style question #626: Choose the correct option."}, "options": {"en": ["Option A626", "Option B626", "Option C626", "Option D626"]}, "answerIndex": 2}, {"id": "GE_0682", "section": "General Awareness", "topic": "History", "difficulty": "moderate", "text": {"en": "[General Awareness/History] Sample exam-style question #682: Choose the correct option."}, "options": {"en": ["Option A682", "Option B682", "Option C682", "Option D682"]}, "answerIndex": 2}, {"id": "MA_0608", "section": "Mathematics", "topic": "SI", "difficulty": "moderate", "text": {"en": "[Mathematics/SI] Sample exam-style question #608: Choose the correct option."}, "options": {"en": ["Option A608", "Option B608", "Option C608", "Option D608"]}, "answerIndex": 0}, {"id": "GE_0667", "section": "General Awareness", "topic": "Science", "difficulty": "moderate", "text": {"en": "[General Awareness/Science] Sample exam-style question #667: Choose the correct option."}, "options": {"en": ["Option A667", "Option B667", "Option C667", "Option D667"]}, "answerIndex": 3}, {"id": "MA_0629", "section": "Mathematics", "topic": "DI", "difficulty": "moderate", "text": {"en": "[Mathematics/DI] Sample exam-style question #629: Choose the correct option."}, "options": {"en": ["Option A629", "Option B629", "Option C629", "Option D629"]}, "answerIndex": 1}, {"id": "GE_0698", "section": "General Awareness", "topic": "Economy", "difficulty": "moderate", "text": {"en": "[General Awareness/Economy] Sample exam-style question #698: Choose the correct option."}, "options": {"en": ["Option A698", "Option B698", "Option C698", "Option D698"]}, "answerIndex": 2}, {"id": "GE_0692", "section": "General Awareness", "topic": "Economy", "difficulty": "moderate", "text": {"en": "[General Awareness/Economy] Sample exam-style question #692: Choose the correct option."}, "options": {"en": ["Option A692", "Option B692", "Option C692", "Option D692"]}, "answerIndex": 0}, {"id": "GE_0695", "section": "General Awareness", "topic": "Science", "difficulty": "moderate", "text": {"en": "[General Awareness/Science] Sample exam-style question #695: Choose the correct option."}, "options": {"en": ["Option A695", "Option B695", "Option C695", "Option D695"]}, "answerIndex": 3}, {"id": "RE_0640", "section": "Reasoning", "topic": "Direction", "difficulty": "moderate", "text": {"en": "[Reasoning/Direction] Sample exam-style question #640: Choose the correct option."}, "options": {"en": ["Option A640", "Option B640", "Option C640", "Option D640"]}, "answerIndex": 0}, {"id": "MA_0623", "section": "Mathematics", "topic": "DI", "difficulty": "moderate", "text": {"en": "[Mathematics/DI] Sample exam-style question #623: Choose the correct option."}, "options": {"en": ["Option A623", "Option B623", "Option C623", "Option D623"]}, "answerIndex": 3}, {"id": "GE_0677", "section": "General Awareness", "topic": "Current Affairs", "difficulty": "moderate", "text": {"en": "[General Awareness/Current Affairs] Sample exam-style question #677: Choose the correct option."}, "options": {"en": ["Option A677", "Option B677", "Option C677", "Option D677"]}, "answerIndex": 1}, {"id": "MA_0605", "section": "Mathematics", "topic": "SI", "difficulty": "moderate", "text": {"en": "[Mathematics/SI] Sample exam-style question #605: Choose the correct option."}, "options": {"en": ["Option A605", "Option B605", "Option C605", "Option D605"]}, "answerIndex": 1}]}