{"testId": "050", "questions": [{"id": "GE_4980", "section": "General Awareness", "topic": "Science", "difficulty": "moderate", "text": {"en": "[General Awareness/Science] Sample exam-style question #4980: Choose the correct option."}, "options": {"en": ["Option A4980", "Option B4980", "Option C4980", "Option D4980"]}, "answerIndex": 0}, {"id": "MA_4914", "section": "Mathematics", "topic": "Time&Work", "difficulty": "moderate", "text": {"en": "[Mathematics/Time&Work] Sample exam-style question #4914: Choose the correct option."}, "options": {"en": ["Option A4914", "Option B4914", "Option C4914", "Option D4914"]}, "answerIndex": 2}, {"id": "MA_4915", "section": "Mathematics", "topic": "DI", "difficulty": "moderate", "text": {"en": "[Mathematics/DI] Sample exam-style question #4915: Choose the correct option."}, "options": {"en": ["Option A4915", "Option B4915", "Option C4915", "Option D4915"]}, "answerIndex": 3}, {"id": "RE_4959", "section": "Reasoning", "topic": "Coding", "difficulty": "moderate", "text": {"en": "[Reasoning/Coding] Sample exam-style question #4959: Choose the correct option."}, "options": {"en": ["Option A4959", "Option B4959", "Option C4959", "Option D4959"]}, "answerIndex": 3}, {"id": "MA_4901", "section": "Mathematics", "topic": "Time&Work", "difficulty": "moderate", "text": {"en": "[Mathematics/Time&Work] Sample exam-style question #4901: Choose the correct option."}, "options": {"en": ["Option A4901", "Option B4901", "Option C4901", "Option D4901"]}, "answerIndex": 1}, {"id": "RE_4950", "section": "Reasoning", "topic": "Series", "difficulty": "moderate", "text": {"en": "[Reasoning/Series] Sample exam-style question #4950: Choose the correct option."}, "options": {"en": ["Option A4950", "Option B4950", "Option C4950", "Option D4950"]}, "answerIndex": 2}, {"id": "RE_4935", "section": "Reasoning", "topic": "Puzzle", "difficulty": "moderate", "text": {"en": "[Reasoning/Puzzle] Sample exam-style question #4935: Choose the correct option."}, "options": {"en": ["Option A4935", "Option B4935", "Option C4935", "Option D4935"]}, "answerIndex": 3}, {"id": "MA_4918", "section": "Mathematics", "topic": "SI", "difficulty": "moderate", "text": {"en": "[Mathematics/SI] Sample exam-style question #4918: Choose the correct option."}, "options": {"en": ["Option A4918", "Option B4918", "Option C4918", "Option D4918"]}, "answerIndex": 2}, {"id": "GE_4964", "section": "General Awareness", "topic": "Geography", "difficulty": "moderate", "text": {"en": "[General Awareness/Geography] Sample exam-style question #4964: Choose the correct option."}, "options": {"en": ["Option A4964", "Option B4964", "Option C4964", "Option D4964"]}, "answerIndex": 0}, {"id": "MA_4906", "section": "Mathematics", "topic": "Ratio", "difficulty": "moderate", "text": {"en": "[Mathematics/Ratio] Sample exam-style question #4906: Choose the correct option."}, "options": {"en": ["Option A4906", "Option B4906", "Option C4906", "Option D4906"]}, "answerIndex": 2}, {"id": "GE_4995", "section": "General Awareness", "topic": "History", "difficulty": "moderate", "text": {"en": "[General Awareness/History] Sample exam-style question #4995: Choose the correct option."}, "options": {"en": ["Option A4995", "Option B4995", "Option C4995", "Option D4995"]}, "answerIndex": 3}, {"id": "GE_4967", "section": "General Awareness", "topic": "Economy", "difficulty": "moderate", "text": {"en": "[General Awareness/Economy] Sample exam-style question #4967: Choose the correct option."}, "options": {"en": ["Option A4967", "Option B4967", "Option C4967", "Option D4967"]}, "answerIndex": 3}, {"id": "MA_4904", "section": "Mathematics", "topic": "Percentage", "difficulty": "moderate", "text": {"en": "[Mathematics/Percentage] Sample exam-style question #4904: Choose the correct option."}, "options": {"en": ["Option A4904", "Option B4904", "Option C4904", "Option D4904"]}, "answerIndex": 0}, {"id": "GE_4994", "section": "General Awareness", "topic": "Polity", "difficulty": "moderate", "text": {"en": "[General Awareness/Polity] Sample exam-style question #4994: Choose the correct option."}, "options": {"en": ["Option A4994", "Option B4994", "Option C4994", "Option D4994"]}, "answerIndex": 2}, {"id": "GE_4990", "section": "General Awareness", "topic": "Polity", "difficulty": "moderate", "text": {"en": "[General Awareness/Polity] Sample exam-style question #4990: Choose the correct option."}, "options": {"en": ["Option A4990", "Option B4990", "Option C4990", "Option D4990"]}, "answerIndex": 2}, {"id": "MA_4930", "section": "Mathematics", "topic": "Percentage", "difficulty": "moderate", "text": {"en": "[Mathematics/Percentage] Sample exam-style question #4930: Choose the correct option."}, "options": {"en": ["Option A4930", "Option B4930", "Option C4930", "Option D4930"]}, "answerIndex": 2}, {"id": "RE_4932", "section": "Reasoning", "topic": "Syllogism", "difficulty": "moderate", "text": {"en": "[Reasoning/Syllogism] Sample exam-style question #4932: Choose the correct option."}, "options": {"en": ["Option A4932", "Option B4932", "Option C4932", "Option D4932"]}, "answerIndex": 0}, {"id": "GE_4983", "section": "General Awareness", "topic": "Geography", "difficulty": "moderate", "text": {"en": "[General Awareness/Geography] Sample exam-style question #4983: Choose the correct option."}, "options": {"en": ["Option A4983", "Option B4983", "Option C4983", "Option D4983"]}, "answerIndex": 3}, {"id": "GE_4968", "section": "General Awareness", "topic": "Science", "difficulty": "moderate", "text": {"en": "[General Awareness/Science] Sample exam-style question #4968: Choose the correct option."}, "options": {"en": ["Option A4968", "Option B4968", "Option C4968", "Option D4968"]}, "answerIndex": 0}, {"id": "GE_4972", "section": "General Awareness", "topic": "Economy", "difficulty": "moderate", "text": {"en": "[General Awareness/Economy] Sample exam-style question #4972: Choose the correct option."}, "options": {"en": ["Option A4972", "Option B4972", "Option C4972", "Option D4972"]}, "answerIndex": 0}, {"id": "GE_4965", "section": "General Awareness", "topic": "Geography", "difficulty": "moderate", "text": {"en": "[General Awareness/Geography] Sample exam-style question #4965: Choose the correct option."}, "options": {"en": ["Option A4965", "Option B4965", "Option C4965", "Option D4965"]}, "answerIndex": 1}, {"id": "GE_4986", "section": "General Awareness", "topic": "Economy", "difficulty": "moderate", "text": {"en": "[General Awareness/Economy] Sample exam-style question #4986: Choose the correct option."}, "options": {"en": ["Option A4986", "Option B4986", "Option C4986", "Option D4986"]}, "answerIndex": 2}, {"id": "MA_4907", "section": "Mathematics", "topic": "Ratio", "difficulty": "moderate", "text": {"en": "[Mathematics/Ratio] Sample exam-style question #4907: Choose the correct option."}, "options": {"en": ["Option A4907", "Option B4907", "Option C4907", "Option D4907"]}, "answerIndex": 3}, {"id": "MA_4920", "section": "Mathematics", "topic": "Time&Work", "difficulty": "moderate", "text": {"en": "[Mathematics/Time&Work] Sample exam-style question #4920: Choose the correct option."}, "options": {"en": ["Option A4920", "Option B4920", "Option C4920", "Option D4920"]}, "answerIndex": 0}, {"id": "MA_4916", "section": "Mathematics", "topic": "Percentage", "difficulty": "moderate", "text": {"en": "[Mathematics/Percentage] Sample exam-style question #4916: Choose the correct option."}, "options": {"en": ["Option A4916", "Option B4916", "Option C4916", "Option D4916"]}, "answerIndex": 0}, {"id": "RE_4943", "section": "Reasoning", "topic": "Analogy", "difficulty": "moderate", "text": {"en": "[Reasoning/Analogy] Sample exam-style question #4943: Choose the correct option."}, "options": {"en": ["Option A4943", "Option B4943", "Option C4943", "Option D4943"]}, "answerIndex": 3}, {"id": "MA_4903", "section": "Mathematics", "topic": "CI", "difficulty": "moderate", "text": {"en": "[Mathematics/CI] Sample exam-style question #4903: Choose the correct option."}, "options": {"en": ["Option A4903", "Option B4903", "Option C4903", "Option D4903"]}, "answerIndex": 3}, {"id": "MA_4928", "section": "Mathematics", "topic": "Time&Work", "difficulty": "moderate", "text": {"en": "[Mathematics/Time&Work] Sample exam-style question #4928: Choose the correct option."}, "options": {"en": ["Option A4928", "Option B4928", "Option C4928", "Option D4928"]}, "answerIndex": 0}, {"id": "RE_4944", "section": "Reasoning", "topic": "Coding", "difficulty": "moderate", "text": {"en": "[Reasoning/Coding] Sample exam-style question #4944: Choose the correct option."}, "options": {"en": ["Option A4944", "Option B4944", "Option C4944", "Option D4944"]}, "answerIndex": 0}, {"id": "MA_4909", "section": "Mathematics", "topic": "Time&Work", "difficulty": "moderate", "text": {"en": "[Mathematics/Time&Work] Sample exam-style question #4909: Choose the correct option."}, "options": {"en": ["Option A4909", "Option B4909", "Option C4909", "Option D4909"]}, "answerIndex": 1}, {"id": "GE_4976", "section": "General Awareness", "topic": "Economy", "difficulty": "moderate", "text": {"en": "[General Awareness/Economy] Sample exam-style question #4976: Choose the correct option."}, "options": {"en": ["Option A4976", "Option B4976", "Option C4976", "Option D4976"]}, "answerIndex": 0}, {"id": "RE_4931", "section": "Reasoning", "topic": "Coding", "difficulty": "moderate", "text": {"en": "[Reasoning/Coding] Sample exam-style question #4931: Choose the correct option."}, "options": {"en": ["Option A4931", "Option B4931", "Option C4931", "Option D4931"]}, "answerIndex": 3}, {"id": "GE_4966", "section": "General Awareness", "topic": "Current Affairs", "difficulty": "moderate", "text": {"en": "[General Awareness/Current Affairs] Sample exam-style question #4966: Choose the correct option."}, "options": {"en": ["Option A4966", "Option B4966", "Option C4966", "Option D4966"]}, "answerIndex": 2}, {"id": "GE_4970", "section": "General Awareness", "topic": "Polity", "difficulty": "moderate", "text": {"en": "[General Awareness/Polity] Sample exam-style question #4970: Choose the correct option."}, "options": {"en": ["Option A4970", "Option B4970", "Option C4970", "Option D4970"]}, "answerIndex": 2}, {"id": "RE_4937", "section": "Reasoning", "topic": "Analogy", "difficulty": "moderate", "text": {"en": "[Reasoning/Analogy] Sample exam-style question #4937: Choose the correct option."}, "options": {"en": ["Option A4937", "Option B4937", "Option C4937", "Option D4937"]}, "answerIndex": 1}, {"id": "RE_4960", "section": "Reasoning", "topic": "Coding", "difficulty": "moderate", "text": {"en": "[Reasoning/Coding] Sample exam-style question #4960: Choose the correct option."}, "options": {"en": ["Option A4960", "Option B4960", "Option C4960", "Option D4960"]}, "answerIndex": 0}, {"id": "MA_4917", "section": "Mathematics", "topic": "DI", "difficulty": "moderate", "text": {"en": "[Mathematics/DI] Sample exam-style question #4917: Choose the correct option."}, "options": {"en": ["Option A4917", "Option B4917", "Option C4917", "Option D4917"]}, "answerIndex": 1}, {"id": "GE_4999", "section": "General Awareness", "topic": "Geography", "difficulty": "moderate", "text": {"en": "[General Awareness/Geography] Sample exam-style question #4999: Choose the correct option."}, "options": {"en": ["Option A4999", "Option B4999", "Option C4999", "Option D4999"]}, "answerIndex": 3}, {"id": "MA_4910", "section": "Mathematics", "topic": "Time&Work", "difficulty": "moderate", "text": {"en": "[Mathematics/Time&Work] Sample exam-style question #4910: Choose the correct option."}, "options": {"en": ["Option A4910", "Option B4910", "Option C4910", "Option D4910"]}, "answerIndex": 2}, {"id": "RE_4936", "section": "Reasoning", "topic": "Puzzle", "difficulty": "moderate", "text": {"en": "[Reasoning/Puzzle] Sample exam-style question #4936: Choose the correct option."}, "options": {"en": ["Option A4936", "Option B4936", "Option C4936", "Option D4936"]}, "answerIndex": 0}, {"id": "RE_4947", "section": "Reasoning", "topic": "Direction", "difficulty": "moderate", "text": {"en": "[Reasoning/Direction] Sample exam-style question #4947: Choose the correct option."}, "options": {"en": ["Option A4947", "Option B4947", "Option C4947", "Option D4947"]}, "answerIndex": 3}, {"id": "MA_4925", "section": "Mathematics", "topic": "Speed", "difficulty": "moderate", "text": {"en": "[Mathematics/Speed] Sample exam-style question #4925: Choose the correct option."}, "options": {"en": ["Option A4925", "Option B4925", "Option C4925", "Option D4925"]}, "answerIndex": 1}, {"id": "MA_4924", "section": "Mathematics", "topic": "CI", "difficulty": "moderate", "text": {"en": "[Mathematics/CI] Sample exam-style question #4924: Choose the correct option."}, "options": {"en": ["Option A4924", "Option B4924", "Option C4924", "Option D4924"]}, "answerIndex": 0}, {"id": "GE_4975", "section": "General Awareness", "topic": "Current Affairs", "difficulty": "moderate", "text": {"en": "[General Awareness/Current Affairs] Sample exam-style question #4975: Choose the correct option."}, "options": {"en": ["Option A4975", "Option B4975", "Option C4975", "Option D4975"]}, "answerIndex": 3}, {"id": "RE_4940", "section": "Reasoning", "topic": "Series", "difficulty": "moderate", "text": {"en": "[Reasoning/Series] Sample exam-style question #4940: Choose the correct option."}, "options": {"en": ["Option A4940", "Option B4940", "Option C4940", "Option D4940"]}, "answerIndex": 0}, {"id": "RE_4953", "section": "Reasoning", "topic": "Syllogism", "difficulty": "moderate", "text": {"en": "[Reasoning/Syllogism] Sample exam-style question #4953: Choose the correct option."}, "options": {"en": ["Option A4953", "Option B4953", "Option C4953", "Option D4953"]}, "answerIndex": 1}, {"id": "MA_4927", "section": "Mathematics", "topic": "Time&Work", "difficulty": "moderate", "text": {"en": "[Mathematics/Time&Work] Sample exam-style question #4927: Choose the correct option."}, "options": {"en": ["Option A4927", "Option B4927", "Option C4927", "Option D4927"]}, "answerIndex": 3}, {"id": "GE_4993", "section": "General Awareness", "topic": "History", "difficulty": "moderate", "text": {"en": "[General Awareness/History] Sample exam-style question #4993: Choose the correct option."}, "options": {"en": ["Option A4993", "Option B4993", "Option C4993", "Option D4993"]}, "answerIndex": 1}, {"id": "MA_4902", "section": "Mathematics", "topic": "DI", "difficulty": "moderate", "text": {"en": "[Mathematics/DI] Sample exam-style question #4902: Choose the correct option."}, "options": {"en": ["Option A4902", "Option B4902", "Option C4902", "Option D4902"]}, "answerIndex": 2}, {"id": "RE_4952", "section": "Reasoning", "topic": "Syllogism", "difficulty": "moderate", "text": {"en": "[Reasoning/Syllogism] Sample exam-style question #4952: Choose the correct option."}, "options": {"en": ["Option A4952", "Option B4952", "Option C4952", "Option D4952"]}, "answerIndex": 0}, {"id": "GE_4985", "section": "General Awareness", "topic": "Science", "difficulty": "moderate", "text": {"en": "[General Awareness/Science] Sample exam-style question #4985: Choose the correct option."}, "options": {"en": ["Option A4985", "Option B4985", "Option C4985", "Option D4985"]}, "answerIndex": 1}, {"id": "MA_4919", "section": "Mathematics", "topic": "DI", "difficulty": "moderate", "text": {"en": "[Mathematics/DI] Sample exam-style question #4919: Choose the correct option."}, "options": {"en": ["Option A4919", "Option B4919", "Option C4919", "Option D4919"]}, "answerIndex": 3}, {"id": "RE_4939", "section": "Reasoning", "topic": "Direction", "difficulty": "moderate", "text": {"en": "[Reasoning/Direction] Sample exam-style question #4939: Choose the correct option."}, "options": {"en": ["Option A4939", "Option B4939", "Option C4939", "Option D4939"]}, "answerIndex": 3}, {"id": "GE_4978", "section": "General Awareness", "topic": "Geography", "difficulty": "moderate", "text": {"en": "[General Awareness/Geography] Sample exam-style question #4978: Choose the correct option."}, "options": {"en": ["Option A4978", "Option B4978", "Option C4978", "Option D4978"]}, "answerIndex": 2}, {"id": "RE_4933", "section": "Reasoning", "topic": "Direction", "difficulty": "moderate", "text": {"en": "[Reasoning/Direction] Sample exam-style question #4933: Choose the correct option."}, "options": {"en": ["Option A4933", "Option B4933", "Option C4933", "Option D4933"]}, "answerIndex": 1}, {"id": "GE_4973", "section": "General Awareness", "topic": "History", "difficulty": "moderate", "text": {"en": "[General Awareness/History] Sample exam-style question #4973: Choose the correct option."}, "options": {"en": ["Option A4973", "Option B4973", "Option C4973", "Option D4973"]}, "answerIndex": 1}, {"id": "GE_4991", "section": "General Awareness", "topic": "History", "difficulty": "moderate", "text": {"en": "[General Awareness/History] Sample exam-style question #4991: Choose the correct option."}, "options": {"en": ["Option A4991", "Option B4991", "Option C4991", "Option D4991"]}, "answerIndex": 3}, {"id": "MA_4923", "section": "Mathematics", "topic": "SI", "difficulty": "moderate", "text": {"en": "[Mathematics/SI] Sample exam-style question #4923: Choose the correct option."}, "options": {"en": ["Option A4923", "Option B4923", "Option C4923", "Option D4923"]}, "answerIndex": 3}, {"id": "RE_4938", "section": "Reasoning", "topic": "Analogy", "difficulty": "moderate", "text": {"en": "[Reasoning/Analogy] Sample exam-style question #4938: Choose the correct option."}, "options": {"en": ["Option A4938", "Option B4938", "Option C4938", "Option D4938"]}, "answerIndex": 2}, {"id": "MA_4929", "section": "Mathematics", "topic": "CI", "difficulty": "moderate", "text": {"en": "[Mathematics/CI] Sample exam-style question #4929: Choose the correct option."}, "options": {"en": ["Option A4929", "Option B4929", "Option C4929", "Option D4929"]}, "answerIndex": 1}, {"id": "GE_4984", "section": "General Awareness", "topic": "Current Affairs", "difficulty": "moderate", "text": {"en": "[General Awareness/Current Affairs] Sample exam-style question #4984: Choose the correct option."}, "options": {"en": ["Option A4984", "Option B4984", "Option C4984", "Option D4984"]}, "answerIndex": 0}, {"id": "RE_4957", "section": "Reasoning", "topic": "Analogy", "difficulty": "moderate", "text": {"en": "[Reasoning/Analogy] Sample exam-style question #4957: Choose the correct option."}, "options": {"en": ["Option A4957", "Option B4957", "Option C4957", "Option D4957"]}, "answerIndex": 1}, {"id": "GE_4981", "section": "General Awareness", "topic": "History", "difficulty": "moderate", "text": {"en": "[General Awareness/History] Sample exam-style question #4981: Choose the correct option."}, "options": {"en": ["Option A4981", "Option B4981", "Option C4981", "Option D4981"]}, "answerIndex": 1}, {"id": "GE_4996", "section": "General Awareness", "topic": "Polity", "difficulty": "moderate", "text": {"en": "[General Awareness/Polity] Sample exam-style question #4996: Choose the correct option."}, "options": {"en": ["Option A4996", "Option B4996", "Option C4996", "Option D4996"]}, "answerIndex": 0}, {"id": "GE_4969", "section": "General Awareness", "topic": "Current Affairs", "difficulty": "moderate", "text": {"en": "[General Awareness/Current Affairs] Sample exam-style question #4969: Choose the correct option."}, "options": {"en": ["Option A4969", "Option B4969", "Option C4969", "Option D4969"]}, "answerIndex": 1}, {"id": "RE_4934", "section": "Reasoning", "topic": "Coding", "difficulty": "moderate", "text": {"en": "[Reasoning/Coding] Sample exam-style question #4934: Choose the correct option."}, "options": {"en": ["Option A4934", "Option B4934", "Option C4934", "Option D4934"]}, "answerIndex": 2}, {"id": "MA_4921", "section": "Mathematics", "topic": "SI", "difficulty": "moderate", "text": {"en": "[Mathematics/SI] Sample exam-style question #4921: Choose the correct option."}, "options": {"en": ["Option A4921", "Option B4921", "Option C4921", "Option D4921"]}, "answerIndex": 1}, {"id": "GE_4963", "section": "General Awareness", "topic": "Economy", "difficulty": "moderate", "text": {"en": "[General Awareness/Economy] Sample exam-style question #4963: Choose the correct option."}, "options": {"en": ["Option A4963", "Option B4963", "Option C4963", "Option D4963"]}, "answerIndex": 3}, {"id": "RE_4946", "section": "Reasoning", "topic": "Analogy", "difficulty": "moderate", "text": {"en": "[Reasoning/Analogy] Sample exam-style question #4946: Choose the correct option."}, "options": {"en": ["Option A4946", "Option B4946", "Option C4946", "Option D4946"]}, "answerIndex": 2}, {"id": "GE_4962", "section": "General Awareness", "topic": "Current Affairs", "difficulty": "moderate", "text": {"en": "[General Awareness/Current Affairs] Sample exam-style question #4962: Choose the correct option."}, "options": {"en": ["Option A4962", "Option B4962", "Option C4962", "Option D4962"]}, "answerIndex": 2}, {"id": "RE_4951", "section": "Reasoning", "topic": "Syllogism", "difficulty": "moderate", "text": {"en": "[Reasoning/Syllogism] Sample exam-style question #4951: Choose the correct option."}, "options": {"en": ["Option A4951", "Option B4951", "Option C4951", "Option D4951"]}, "answerIndex": 3}, {"id": "GE_4974", "section": "General Awareness", "topic": "Economy", "difficulty": "moderate", "text": {"en": "[General Awareness/Economy] Sample exam-style question #4974: Choose the correct option."}, "options": {"en": ["Option A4974", "Option B4974", "Option C4974", "Option D4974"]}, "answerIndex": 2}, {"id": "MA_4926", "section": "Mathematics", "topic": "CI", "difficulty": "moderate", "text": {"en": "[Mathematics/CI] Sample exam-style question #4926: Choose the correct option."}, "options": {"en": ["Option A4926", "Option B4926", "Option C4926", "Option D4926"]}, "answerIndex": 2}, {"id": "RE_4941", "section": "Reasoning", "topic": "Direction", "difficulty": "moderate", "text": {"en": "[Reasoning/Direction] Sample exam-style question #4941: Choose the correct option."}, "options": {"en": ["Option A4941", "Option B4941", "Option C4941", "Option D4941"]}, "answerIndex": 1}, {"id": "GE_5000", "section": "General Awareness", "topic": "Current Affairs", "difficulty": "moderate", "text": {"en": "[General Awareness/Current Affairs] Sample exam-style question #5000: Choose the correct option."}, "options": {"en": ["Option A5000", "Option B5000", "Option C5000", "Option D5000"]}, "answerIndex": 0}, {"id": "GE_4987", "section": "General Awareness", "topic": "History", "difficulty": "moderate", "text": {"en": "[General Awareness/History] Sample exam-style question #4987: Choose the correct option."}, "options": {"en": ["Option A4987", "Option B4987", "Option C4987", "Option D4987"]}, "answerIndex": 3}, {"id": "GE_4992", "section": "General Awareness", "topic": "History", "difficulty": "moderate", "text": {"en": "[General Awareness/History] Sample exam-style question #4992: Choose the correct option."}, "options": {"en": ["Option A4992", "Option B4992", "Option C4992", "Option D4992"]}, "answerIndex": 0}, {"id": "GE_4997", "section": "General Awareness", "topic": "Economy", "difficulty": "moderate", "text": {"en": "[General Awareness/Economy] Sample exam-style question #4997: Choose the correct option."}, "options": {"en": ["Option A4997", "Option B4997", "Option C4997", "Option D4997"]}, "answerIndex": 1}, {"id": "GE_4989", "section": "General Awareness", "topic": "Science", "difficulty": "moderate", "text": {"en": "[General Awareness/Science] Sample exam-style question #4989: Choose the correct option."}, "options": {"en": ["Option A4989", "Option B4989", "Option C4989", "Option D4989"]}, "answerIndex": 1}, {"id": "GE_4961", "section": "General Awareness", "topic": "Geography", "difficulty": "moderate", "text": {"en": "[General Awareness/Geography] Sample exam-style question #4961: Choose the correct option."}, "options": {"en": ["Option A4961", "Option B4961", "Option C4961", "Option D4961"]}, "answerIndex": 1}, {"id": "GE_4988", "section": "General Awareness", "topic": "Science", "difficulty": "moderate", "text": {"en": "[General Awareness/Science] Sample exam-style question #4988: Choose the correct option."}, "options": {"en": ["Option A4988", "Option B4988", "Option C4988", "Option D4988"]}, "answerIndex": 0}, {"id": "MA_4913", "section": "Mathematics", "topic": "Percentage", "difficulty": "moderate", "text": {"en": "[Mathematics/Percentage] Sample exam-style question #4913: Choose the correct option."}, "options": {"en": ["Option A4913", "Option B4913", "Option C4913", "Option D4913"]}, "answerIndex": 1}, {"id": "GE_4982", "section": "General Awareness", "topic": "Polity", "difficulty": "moderate", "text": {"en": "[General Awareness/Polity] Sample exam-style question #4982: Choose the correct option."}, "options": {"en": ["Option A4982", "Option B4982", "Option C4982", "Option D4982"]}, "answerIndex": 2}, {"id": "MA_4911", "section": "Mathematics", "topic": "DI", "difficulty": "moderate", "text": {"en": "[Mathematics/DI] Sample exam-style question #4911: Choose the correct option."}, "options": {"en": ["Option A4911", "Option B4911", "Option C4911", "Option D4911"]}, "answerIndex": 3}, {"id": "RE_4949", "section": "Reasoning", "topic": "Syllogism", "difficulty": "moderate", "text": {"en": "[Reasoning/Syllogism] Sample exam-style question #4949: Choose the correct option."}, "options": {"en": ["Option A4949", "Option B4949", "Option C4949", "Option D4949"]}, "answerIndex": 1}, {"id": "GE_4977", "section": "General Awareness", "topic": "Science", "difficulty": "moderate", "text": {"en": "[General Awareness/Science] Sample exam-style question #4977: Choose the correct option."}, "options": {"en": ["Option A4977", "Option B4977", "Option C4977", "Option D4977"]}, "answerIndex": 1}, {"id": "RE_4948", "section": "Reasoning", "topic": "Syllogism", "difficulty": "moderate", "text": {"en": "[Reasoning/Syllogism] Sample exam-style question #4948: Choose the correct option."}, "options": {"en": ["Option A4948", "Option B4948", "Option C4948", "Option D4948"]}, "answerIndex": 0}, {"id": "GE_4971", "section": "General Awareness", "topic": "History", "difficulty": "moderate", "text": {"en": "[General Awareness/History] Sample exam-style question #4971: Choose the correct option."}, "options": {"en": ["Option A4971", "Option B4971", "Option C4971", "Option D4971"]}, "answerIndex": 3}, {"id": "RE_4955", "section": "Reasoning", "topic": "Direction", "difficulty": "moderate", "text": {"en": "[Reasoning/Direction] Sample exam-style question #4955: Choose the correct option."}, "options": {"en": ["Option A4955", "Option B4955", "Option C4955", "Option D4955"]}, "answerIndex": 3}, {"id": "RE_4956", "section": "Reasoning", "topic": "Analogy", "difficulty": "moderate", "text": {"en": "[Reasoning/Analogy] Sample exam-style question #4956: Choose the correct option."}, "options": {"en": ["Option A4956", "Option B4956", "Option C4956", "Option D4956"]}, "answerIndex": 0}, {"id": "MA_4905", "section": "Mathematics", "topic": "CI", "difficulty": "moderate", "text": {"en": "[Mathematics/CI] Sample exam-style question #4905: Choose the correct option."}, "options": {"en": ["Option A4905", "Option B4905", "Option C4905", "Option D4905"]}, "answerIndex": 1}, {"id": "GE_4998", "section": "General Awareness", "topic": "Polity", "difficulty": "moderate", "text": {"en": "[General Awareness/Polity] Sample exam-style question #4998: Choose the correct option."}, "options": {"en": ["Option A4998", "Option B4998", "Option C4998", "Option D4998"]}, "answerIndex": 2}, {"id": "MA_4922", "section": "Mathematics", "topic": "CI", "difficulty": "moderate", "text": {"en": "[Mathematics/CI] Sample exam-style question #4922: Choose the correct option."}, "options": {"en": ["Option A4922", "Option B4922", "Option C4922", "Option D4922"]}, "answerIndex": 2}, {"id": "MA_4908", "section": "Mathematics", "topic": "Time&Work", "difficulty": "moderate", "text": {"en": "[Mathematics/Time&Work] Sample exam-style question #4908: Choose the correct option."}, "options": {"en": ["Option A4908", "Option B4908", "Option C4908", "Option D4908"]}, "answerIndex": 0}, {"id": "MA_4912", "section": "Mathematics", "topic": "Percentage", "difficulty": "moderate", "text": {"en": "[Mathematics/Percentage] Sample exam-style question #4912: Choose the correct option."}, "options": {"en": ["Option A4912", "Option B4912", "Option C4912", "Option D4912"]}, "answerIndex": 0}, {"id": "RE_4945", "section": "Reasoning", "topic": "Series", "difficulty": "moderate", "text": {"en": "[Reasoning/Series] Sample exam-style question #4945: Choose the correct option."}, "options": {"en": ["Option A4945", "Option B4945", "Option C4945", "Option D4945"]}, "answerIndex": 1}, {"id": "RE_4958", "section": "Reasoning", "topic": "Series", "difficulty": "moderate", "text": {"en": "[Reasoning/Series] Sample exam-style question #4958: Choose the correct option."}, "options": {"en": ["Option A4958", "Option B4958", "Option C4958", "Option D4958"]}, "answerIndex": 2}, {"id": "RE_4954", "section": "Reasoning", "topic": "Syllogism", "difficulty": "moderate", "text": {"en": "[Reasoning/Syllogism] Sample exam-style question #4954: Choose the correct option."}, "options": {"en": ["Option A4954", "Option B4954", "Option C4954", "Option D4954"]}, "answerIndex": 2}, {"id": "GE_4979", "section": "General Awareness", "topic": "Polity", "difficulty": "moderate", "text": {"en": "[General Awareness/Polity] Sample exam-style question #4979: Choose the correct option."}, "options": {"en": ["Option A4979", "Option B4979", "Option C4979", "Option D4979"]}, "answerIndex": 3}, {"id": "RE_4942", "section": "Reasoning", "topic": "Syllogism", "difficulty": "moderate", "text": {"en": "[Reasoning/Syllogism] Sample exam-style question #4942: Choose the correct option."}, "options": {"en": ["Option A4942", "Option B4942", "Option C4942", "Option D4942"]}, "answerIndex": 2}]}