{"testId": "011", "questions": [{"id": "GE_1092", "section": "General Awareness", "topic": "Current Affairs", "difficulty": "moderate", "text": {"en": "[General Awareness/Current Affairs] Sample exam-style question #1092: Choose the correct option."}, "options": {"en": ["Option A1092", "Option B1092", "Option C1092", "Option D1092"]}, "answerIndex": 0}, {"id": "MA_1018", "section": "Mathematics", "topic": "Percentage", "difficulty": "moderate", "text": {"en": "[Mathematics/Percentage] Sample exam-style question #1018: Choose the correct option."}, "options": {"en": ["Option A1018", "Option B1018", "Option C1018", "Option D1018"]}, "answerIndex": 2}, {"id": "RE_1040", "section": "Reasoning", "topic": "Direction", "difficulty": "moderate", "text": {"en": "[Reasoning/Direction] Sample exam-style question #1040: Choose the correct option."}, "options": {"en": ["Option A1040", "Option B1040", "Option C1040", "Option D1040"]}, "answerIndex": 0}, {"id": "GE_1067", "section": "General Awareness", "topic": "Geography", "difficulty": "moderate", "text": {"en": "[General Awareness/Geography] Sample exam-style question #1067: Choose the correct option."}, "options": {"en": ["Option A1067", "Option B1067", "Option C1067", "Option D1067"]}, "answerIndex": 3}, {"id": "GE_1070", "section": "General Awareness", "topic": "Geography", "difficulty": "moderate", "text": {"en": "[General Awareness/Geography] Sample exam-style question #1070: Choose the correct option."}, "options": {"en": ["Option A1070", "Option B1070", "Option C1070", "Option D1070"]}, "answerIndex": 2}, {"id": "RE_1042", "section": "Reasoning", "topic": "Series", "difficulty": "moderate", "text": {"en": "[Reasoning/Series] Sample exam-style question #1042: Choose the correct option."}, "options": {"en": ["Option A1042", "Option B1042", "Option C1042", "Option D1042"]}, "answerIndex": 2}, {"id": "MA_1030", "section": "Mathematics", "topic": "Percentage", "difficulty": "moderate", "text": {"en": "[Mathematics/Percentage] Sample exam-style question #1030: Choose the correct option."}, "options": {"en": ["Option A1030", "Option B1030", "Option C1030", "Option D1030"]}, "answerIndex": 2}, {"id": "MA_1014", "section": "Mathematics", "topic": "Speed", "difficulty": "moderate", "text": {"en": "[Mathematics/Speed] Sample exam-style question #1014: Choose the correct option."}, "options": {"en": ["Option A1014", "Option B1014", "Option C1014", "Option D1014"]}, "answerIndex": 2}, {"id": "GE_1087", "section": "General Awareness", "topic": "Polity", "difficulty": "moderate", "text": {"en": "[General Awareness/Polity] Sample exam-style question #1087: Choose the correct option."}, "options": {"en": ["Option A1087", "Option B1087", "Option C1087", "Option D1087"]}, "answerIndex": 3}, {"id": "RE_1041", "section": "Reasoning", "topic": "Series", "difficulty": "moderate", "text": {"en": "[Reasoning/Series] Sample exam-style question #1041: Choose the correct option."}, "options": {"en": ["Option A1041", "Option B1041", "Option C1041", "Option D1041"]}, "answerIndex": 1}, {"id": "MA_1005", "section": "Mathematics", "topic": "Percentage", "difficulty": "moderate", "text": {"en": "[Mathematics/Percentage] Sample exam-style question #1005: Choose the correct option."}, "options": {"en": ["Option A1005", "Option B1005", "Option C1005", "Option D1005"]}, "answerIndex": 1}, {"id": "GE_1091", "section": "General Awareness", "topic": "Economy", "difficulty": "moderate", "text": {"en": "[General Awareness/Economy] Sample exam-style question #1091: Choose the correct option."}, "options": {"en": ["Option A1091", "Option B1091", "Option C1091", "Option D1091"]}, "answerIndex": 3}, {"id": "GE_1093", "section": "General Awareness", "topic": "Science", "difficulty": "moderate", "text": {"en": "[General Awareness/Science] Sample exam-style question #1093: Choose the correct option."}, "options": {"en": ["Option A1093", "Option B1093", "Option C1093", "Option D1093"]}, "answerIndex": 1}, {"id": "GE_1071", "section": "General Awareness", "topic": "Science", "difficulty": "moderate", "text": {"en": "[General Awareness/Science] Sample exam-style question #1071: Choose the correct option."}, "options": {"en": ["Option A1071", "Option B1071", "Option C1071", "Option D1071"]}, "answerIndex": 3}, {"id": "GE_1083", "section": "General Awareness", "topic": "History", "difficulty": "moderate", "text": {"en": "[General Awareness/History] Sample exam-style question #1083: Choose the correct option."}, "options": {"en": ["Option A1083", "Option B1083", "Option C1083", "Option D1083"]}, "answerIndex": 3}, {"id": "GE_1097", "section": "General Awareness", "topic": "History", "difficulty": "moderate", "text": {"en": "[General Awareness/History] Sample exam-style question #1097: Choose the correct option."}, "options": {"en": ["Option A1097", "Option B1097", "Option C1097", "Option D1097"]}, "answerIndex": 1}, {"id": "GE_1090", "section": "General Awareness", "topic": "Economy", "difficulty": "moderate", "text": {"en": "[General Awareness/Economy] Sample exam-style question #1090: Choose the correct option."}, "options": {"en": ["Option A1090", "Option B1090", "Option C1090", "Option D1090"]}, "answerIndex": 2}, {"id": "MA_1026", "section": "Mathematics", "topic": "DI", "difficulty": "moderate", "text": {"en": "[Mathematics/DI] Sample exam-style question #1026: Choose the correct option."}, "options": {"en": ["Option A1026", "Option B1026", "Option C1026", "Option D1026"]}, "answerIndex": 2}, {"id": "MA_1008", "section": "Mathematics", "topic": "SI", "difficulty": "moderate", "text": {"en": "[Mathematics/SI] Sample exam-style question #1008: Choose the correct option."}, "options": {"en": ["Option A1008", "Option B1008", "Option C1008", "Option D1008"]}, "answerIndex": 0}, {"id": "GE_1072", "section": "General Awareness", "topic": "Science", "difficulty": "moderate", "text": {"en": "[General Awareness/Science] Sample exam-style question #1072: Choose the correct option."}, "options": {"en": ["Option A1072", "Option B1072", "Option C1072", "Option D1072"]}, "answerIndex": 0}, {"id": "GE_1063", "section": "General Awareness", "topic": "Science", "difficulty": "moderate", "text": {"en": "[General Awareness/Science] Sample exam-style question #1063: Choose the correct option."}, "options": {"en": ["Option A1063", "Option B1063", "Option C1063", "Option D1063"]}, "answerIndex": 3}, {"id": "MA_1025", "section": "Mathematics", "topic": "DI", "difficulty": "moderate", "text": {"en": "[Mathematics/DI] Sample exam-style question #1025: Choose the correct option."}, "options": {"en": ["Option A1025", "Option B1025", "Option C1025", "Option D1025"]}, "answerIndex": 1}, {"id": "MA_1002", "section": "Mathematics", "topic": "Time&Work", "difficulty": "moderate", "text": {"en": "[Mathematics/Time&Work] Sample exam-style question #1002: Choose the correct option."}, "options": {"en": ["Option A1002", "Option B1002", "Option C1002", "Option D1002"]}, "answerIndex": 2}, {"id": "GE_1068", "section": "General Awareness", "topic": "Science", "difficulty": "moderate", "text": {"en": "[General Awareness/Science] Sample exam-style question #1068: Choose the correct option."}, "options": {"en": ["Option A1068", "Option B1068", "Option C1068", "Option D1068"]}, "answerIndex": 0}, {"id": "GE_1075", "section": "General Awareness", "topic": "Current Affairs", "difficulty": "moderate", "text": {"en": "[General Awareness/Current Affairs] Sample exam-style question #1075: Choose the correct option."}, "options": {"en": ["Option A1075", "Option B1075", "Option C1075", "Option D1075"]}, "answerIndex": 3}, {"id": "RE_1055", "section": "Reasoning", "topic": "Coding", "difficulty": "moderate", "text": {"en": "[Reasoning/Coding] Sample exam-style question #1055: Choose the correct option."}, "options": {"en": ["Option A1055", "Option B1055", "Option C1055", "Option D1055"]}, "answerIndex": 3}, {"id": "MA_1019", "section": "Mathematics", "topic": "Percentage", "difficulty": "moderate", "text": {"en": "[Mathematics/Percentage] Sample exam-style question #1019: Choose the correct option."}, "options": {"en": ["Option A1019", "Option B1019", "Option C1019", "Option D1019"]}, "answerIndex": 3}, {"id": "RE_1044", "section": "Reasoning", "topic": "Direction", "difficulty": "moderate", "text": {"en": "[Reasoning/Direction] Sample exam-style question #1044: Choose the correct option."}, "options": {"en": ["Option A1044", "Option B1044", "Option C1044", "Option D1044"]}, "answerIndex": 0}, {"id": "MA_1029", "section": "Mathematics", "topic": "DI", "difficulty": "moderate", "text": {"en": "[Mathematics/DI] Sample exam-style question #1029: Choose the correct option."}, "options": {"en": ["Option A1029", "Option B1029", "Option C1029", "Option D1029"]}, "answerIndex": 1}, {"id": "RE_1059", "section": "Reasoning", "topic": "Puzzle", "difficulty": "moderate", "text": {"en": "[Reasoning/Puzzle] Sample exam-style question #1059: Choose the correct option."}, "options": {"en": ["Option A1059", "Option B1059", "Option C1059", "Option D1059"]}, "answerIndex": 3}, {"id": "RE_1037", "section": "Reasoning", "topic": "Coding", "difficulty": "moderate", "text": {"en": "[Reasoning/Coding] Sample exam-style question #1037: Choose the correct option."}, "options": {"en": ["Option A1037", "Option B1037", "Option C1037", "Option D1037"]}, "answerIndex": 1}, {"id": "RE_1051", "section": "Reasoning", "topic": "Coding", "difficulty": "moderate", "text": {"en": "[Reasoning/Coding] Sample exam-style question #1051: Choose the correct option."}, "options": {"en": ["Option A1051", "Option B1051", "Option C1051", "Option D1051"]}, "answerIndex": 3}, {"id": "GE_1076", "section": "General Awareness", "topic": "Polity", "difficulty": "moderate", "text": {"en": "[General Awareness/Polity] Sample exam-style question #1076: Choose the correct option."}, "options": {"en": ["Option A1076", "Option B1076", "Option C1076", "Option D1076"]}, "answerIndex": 0}, {"id": "RE_1036", "section": "Reasoning", "topic": "Syllogism", "difficulty": "moderate", "text": {"en": "[Reasoning/Syllogism] Sample exam-style question #1036: Choose the correct option."}, "options": {"en": ["Option A1036", "Option B1036", "Option C1036", "Option D1036"]}, "answerIndex": 0}, {"id": "RE_1039", "section": "Reasoning", "topic": "Syllogism", "difficulty": "moderate", "text": {"en": "[Reasoning/Syllogism] Sample exam-style question #1039: Choose the correct option."}, "options": {"en": ["Option A1039", "Option B1039", "Option C1039", "Option D1039"]}, "answerIndex": 3}, {"id": "RE_1053", "section": "Reasoning", "topic": "Syllogism", "difficulty": "moderate", "text": {"en": "[Reasoning/Syllogism] Sample exam-style question #1053: Choose the correct option."}, "options": {"en": ["Option A1053", "Option B1053", "Option C1053", "Option D1053"]}, "answerIndex": 1}, {"id": "GE_1084", "section": "General Awareness", "topic": "History", "difficulty": "moderate", "text": {"en": "[General Awareness/History] Sample exam-style question #1084: Choose the correct option."}, "options": {"en": ["Option A1084", "Option B1084", "Option C1084", "Option D1084"]}, "answerIndex": 0}, {"id": "GE_1064", "section": "General Awareness", "topic": "Economy", "difficulty": "moderate", "text": {"en": "[General Awareness/Economy] Sample exam-style question #1064: Choose the correct option."}, "options": {"en": ["Option A1064", "Option B1064", "Option C1064", "Option D1064"]}, "answerIndex": 0}, {"id": "MA_1024", "section": "Mathematics", "topic": "Speed", "difficulty": "moderate", "text": {"en": "[Mathematics/Speed] Sample exam-style question #1024: Choose the correct option."}, "options": {"en": ["Option A1024", "Option B1024", "Option C1024", "Option D1024"]}, "answerIndex": 0}, {"id": "GE_1078", "section": "General Awareness", "topic": "Current Affairs", "difficulty": "moderate", "text": {"en": "[General Awareness/Current Affairs] Sample exam-style question #1078: Choose the correct option."}, "options": {"en": ["Option A1078", "Option B1078", "Option C1078", "Option D1078"]}, "answerIndex": 2}, {"id": "RE_1048", "section": "Reasoning", "topic": "Analogy", "difficulty": "moderate", "text": {"en": "[Reasoning/Analogy] Sample exam-style question #1048: Choose the correct option."}, "options": {"en": ["Option A1048", "Option B1048", "Option C1048", "Option D1048"]}, "answerIndex": 0}, {"id": "GE_1098", "section": "General Awareness", "topic": "Geography", "difficulty": "moderate", "text": {"en": "[General Awareness/Geography] Sample exam-style question #1098: Choose the correct option."}, "options": {"en": ["Option A1098", "Option B1098", "Option C1098", "Option D1098"]}, "answerIndex": 2}, {"id": "GE_1079", "section": "General Awareness", "topic": "History", "difficulty": "moderate", "text": {"en": "[General Awareness/History] Sample exam-style question #1079: Choose the correct option."}, "options": {"en": ["Option A1079", "Option B1079", "Option C1079", "Option D1079"]}, "answerIndex": 3}, {"id": "GE_1086", "section": "General Awareness", "topic": "Science", "difficulty": "moderate", "text": {"en": "[General Awareness/Science] Sample exam-style question #1086: Choose the correct option."}, "options": {"en": ["Option A1086", "Option B1086", "Option C1086", "Option D1086"]}, "answerIndex": 2}, {"id": "RE_1043", "section": "Reasoning", "topic": "Direction", "difficulty": "moderate", "text": {"en": "[Reasoning/Direction] Sample exam-style question #1043: Choose the correct option."}, "options": {"en": ["Option A1043", "Option B1043", "Option C1043", "Option D1043"]}, "answerIndex": 3}, {"id": "GE_1099", "section": "General Awareness", "topic": "Current Affairs", "difficulty": "moderate", "text": {"en": "[General Awareness/Current Affairs] Sample exam-style question #1099: Choose the correct option."}, "options": {"en": ["Option A1099", "Option B1099", "Option C1099", "Option D1099"]}, "answerIndex": 3}, {"id": "MA_1007", "section": "Mathematics", "topic": "Ratio", "difficulty": "moderate", "text": {"en": "[Mathematics/Ratio] Sample exam-style question #1007: Choose the correct option."}, "options": {"en": ["Option A1007", "Option B1007", "Option C1007", "Option D1007"]}, "answerIndex": 3}, {"id": "MA_1012", "section": "Mathematics", "topic": "SI", "difficulty": "moderate", "text": {"en": "[Mathematics/SI] Sample exam-style question #1012: Choose the correct option."}, "options": {"en": ["Option A1012", "Option B1012", "Option C1012", "Option D1012"]}, "answerIndex": 0}, {"id": "MA_1020", "section": "Mathematics", "topic": "Time&Work", "difficulty": "moderate", "text": {"en": "[Mathematics/Time&Work] Sample exam-style question #1020: Choose the correct option."}, "options": {"en": ["Option A1020", "Option B1020", "Option C1020", "Option D1020"]}, "answerIndex": 0}, {"id": "GE_1074", "section": "General Awareness", "topic": "Science", "difficulty": "moderate", "text": {"en": "[General Awareness/Science] Sample exam-style question #1074: Choose the correct option."}, "options": {"en": ["Option A1074", "Option B1074", "Option C1074", "Option D1074"]}, "answerIndex": 2}, {"id": "GE_1066", "section": "General Awareness", "topic": "Economy", "difficulty": "moderate", "text": {"en": "[General Awareness/Economy] Sample exam-style question #1066: Choose the correct option."}, "options": {"en": ["Option A1066", "Option B1066", "Option C1066", "Option D1066"]}, "answerIndex": 2}, {"id": "MA_1027", "section": "Mathematics", "topic": "CI", "difficulty": "moderate", "text": {"en": "[Mathematics/CI] Sample exam-style question #1027: Choose the correct option."}, "options": {"en": ["Option A1027", "Option B1027", "Option C1027", "Option D1027"]}, "answerIndex": 3}, {"id": "MA_1010", "section": "Mathematics", "topic": "SI", "difficulty": "moderate", "text": {"en": "[Mathematics/SI] Sample exam-style question #1010: Choose the correct option."}, "options": {"en": ["Option A1010", "Option B1010", "Option C1010", "Option D1010"]}, "answerIndex": 2}, {"id": "MA_1006", "section": "Mathematics", "topic": "DI", "difficulty": "moderate", "text": {"en": "[Mathematics/DI] Sample exam-style question #1006: Choose the correct option."}, "options": {"en": ["Option A1006", "Option B1006", "Option C1006", "Option D1006"]}, "answerIndex": 2}, {"id": "GE_1100", "section": "General Awareness", "topic": "Geography", "difficulty": "moderate", "text": {"en": "[General Awareness/Geography] Sample exam-style question #1100: Choose the correct option."}, "options": {"en": ["Option A1100", "Option B1100", "Option C1100", "Option D1100"]}, "answerIndex": 0}, {"id": "RE_1046", "section": "Reasoning", "topic": "Puzzle", "difficulty": "moderate", "text": {"en": "[Reasoning/Puzzle] Sample exam-style question #1046: Choose the correct option."}, "options": {"en": ["Option A1046", "Option B1046", "Option C1046", "Option D1046"]}, "answerIndex": 2}, {"id": "RE_1032", "section": "Reasoning", "topic": "Syllogism", "difficulty": "moderate", "text": {"en": "[Reasoning/Syllogism] Sample exam-style question #1032: Choose the correct option."}, "options": {"en": ["Option A1032", "Option B1032", "Option C1032", "Option D1032"]}, "answerIndex": 0}, {"id": "MA_1009", "section": "Mathematics", "topic": "Ratio", "difficulty": "moderate", "text": {"en": "[Mathematics/Ratio] Sample exam-style question #1009: Choose the correct option."}, "options": {"en": ["Option A1009", "Option B1009", "Option C1009", "Option D1009"]}, "answerIndex": 1}, {"id": "RE_1050", "section": "Reasoning", "topic": "Coding", "difficulty": "moderate", "text": {"en": "[Reasoning/Coding] Sample exam-style question #1050: Choose the correct option."}, "options": {"en": ["Option A1050", "Option B1050", "Option C1050", "Option D1050"]}, "answerIndex": 2}, {"id": "RE_1031", "section": "Reasoning", "topic": "Puzzle", "difficulty": "moderate", "text": {"en": "[Reasoning/Puzzle] Sample exam-style question #1031: Choose the correct option."}, "options": {"en": ["Option A1031", "Option B1031", "Option C1031", "Option D1031"]}, "answerIndex": 3}, {"id": "GE_1077", "section": "General Awareness", "topic": "History", "difficulty": "moderate", "text": {"en": "[General Awareness/History] Sample exam-style question #1077: Choose the correct option."}, "options": {"en": ["Option A1077", "Option B1077", "Option C1077", "Option D1077"]}, "answerIndex": 1}, {"id": "MA_1017", "section": "Mathematics", "topic": "SI", "difficulty": "moderate", "text": {"en": "[Mathematics/SI] Sample exam-style question #1017: Choose the correct option."}, "options": {"en": ["Option A1017", "Option B1017", "Option C1017", "Option D1017"]}, "answerIndex": 1}, {"id": "GE_1081", "section": "General Awareness", "topic": "Current Affairs", "difficulty": "moderate", "text": {"en": "[General Awareness/Current Affairs] Sample exam-style question #1081: Choose the correct option."}, "options": {"en": ["Option A1081", "Option B1081", "Option C1081", "Option D1081"]}, "answerIndex": 1}, {"id": "RE_1058", "section": "Reasoning", "topic": "Direction", "difficulty": "moderate", "text": {"en": "[Reasoning/Direction] Sample exam-style question #1058: Choose the correct option."}, "options": {"en": ["Option A1058", "Option B1058", "Option C1058", "Option D1058"]}, "answerIndex": 2}, {"id": "GE_1089", "section": "General Awareness", "topic": "Polity", "difficulty": "moderate", "text": {"en": "[General Awareness/Polity] Sample exam-style question #1089: Choose the correct option."}, "options": {"en": ["Option A1089", "Option B1089", "Option C1089", "Option D1089"]}, "answerIndex": 1}, {"id": "MA_1013", "section": "Mathematics", "topic": "Percentage", "difficulty": "moderate", "text": {"en": "[Mathematics/Percentage] Sample exam-style question #1013: Choose the correct option."}, "options": {"en": ["Option A1013", "Option B1013", "Option C1013", "Option D1013"]}, "answerIndex": 1}, {"id": "MA_1022", "section": "Mathematics", "topic": "Speed", "difficulty": "moderate", "text": {"en": "[Mathematics/Speed] Sample exam-style question #1022: Choose the correct option."}, "options": {"en": ["Option A1022", "Option B1022", "Option C1022", "Option D1022"]}, "answerIndex": 2}, {"id": "RE_1035", "section": "Reasoning", "topic": "Direction", "difficulty": "moderate", "text": {"en": "[Reasoning/Direction] Sample exam-style question #1035: Choose the correct option."}, "options": {"en": ["Option A1035", "Option B1035", "Option C1035", "Option D1035"]}, "answerIndex": 3}, {"id": "MA_1001", "section": "Mathematics", "topic": "DI", "difficulty": "moderate", "text": {"en": "[Mathematics/DI] Sample exam-style question #1001: Choose the correct option."}, "options": {"en": ["Option A1001", "Option B1001", "Option C1001", "Option D1001"]}, "answerIndex": 1}, {"id": "GE_1069", "section": "General Awareness", "topic": "Economy", "difficulty": "moderate", "text": {"en": "[General Awareness/Economy] Sample exam-style question #1069: Choose the correct option."}, "options": {"en": ["Option A1069", "Option B1069", "Option C1069", "Option D1069"]}, "answerIndex": 1}, {"id": "MA_1021", "section": "Mathematics", "topic": "SI", "difficulty": "moderate", "text": {"en": "[Mathematics/SI] Sample exam-style question #1021: Choose the correct option."}, "options": {"en": ["Option A1021", "Option B1021", "Option C1021", "Option D1021"]}, "answerIndex": 1}, {"id": "GE_1061", "section": "General Awareness", "topic": "Science", "difficulty": "moderate", "text": {"en": "[General Awareness/Science] Sample exam-style question #1061: Choose the correct option."}, "options": {"en": ["Option A1061", "Option B1061", "Option C1061", "Option D1061"]}, "answerIndex": 1}, {"id": "MA_1003", "section": "Mathematics", "topic": "Time&Work", "difficulty": "moderate", "text": {"en": "[Mathematics/Time&Work] Sample exam-style question #1003: Choose the correct option."}, "options": {"en": ["Option A1003", "Option B1003", "Option C1003", "Option D1003"]}, "answerIndex": 3}, {"id": "GE_1062", "section": "General Awareness", "topic": "History", "difficulty": "moderate", "text": {"en": "[General Awareness/History] Sample exam-style question #1062: Choose the correct option."}, "options": {"en": ["Option A1062", "Option B1062", "Option C1062", "Option D1062"]}, "answerIndex": 2}, {"id": "GE_1082", "section": "General Awareness", "topic": "Polity", "difficulty": "moderate", "text": {"en": "[General Awareness/Polity] Sample exam-style question #1082: Choose the correct option."}, "options": {"en": ["Option A1082", "Option B1082", "Option C1082", "Option D1082"]}, "answerIndex": 2}, {"id": "GE_1073", "section": "General Awareness", "topic": "Polity", "difficulty": "moderate", "text": {"en": "[General Awareness/Polity] Sample exam-style question #1073: Choose the correct option."}, "options": {"en": ["Option A1073", "Option B1073", "Option C1073", "Option D1073"]}, "answerIndex": 1}, {"id": "RE_1056", "section": "Reasoning", "topic": "Series", "difficulty": "moderate", "text": {"en": "[Reasoning/Series] Sample exam-style question #1056: Choose the correct option."}, "options": {"en": ["Option A1056", "Option B1056", "Option C1056", "Option D1056"]}, "answerIndex": 0}, {"id": "MA_1011", "section": "Mathematics", "topic": "Ratio", "difficulty": "moderate", "text": {"en": "[Mathematics/Ratio] Sample exam-style question #1011: Choose the correct option."}, "options": {"en": ["Option A1011", "Option B1011", "Option C1011", "Option D1011"]}, "answerIndex": 3}, {"id": "MA_1028", "section": "Mathematics", "topic": "Percentage", "difficulty": "moderate", "text": {"en": "[Mathematics/Percentage] Sample exam-style question #1028: Choose the correct option."}, "options": {"en": ["Option A1028", "Option B1028", "Option C1028", "Option D1028"]}, "answerIndex": 0}, {"id": "RE_1045", "section": "Reasoning", "topic": "Series", "difficulty": "moderate", "text": {"en": "[Reasoning/Series] Sample exam-style question #1045: Choose the correct option."}, "options": {"en": ["Option A1045", "Option B1045", "Option C1045", "Option D1045"]}, "answerIndex": 1}, {"id": "MA_1015", "section": "Mathematics", "topic": "Time&Work", "difficulty": "moderate", "text": {"en": "[Mathematics/Time&Work] Sample exam-style question #1015: Choose the correct option."}, "options": {"en": ["Option A1015", "Option B1015", "Option C1015", "Option D1015"]}, "answerIndex": 3}, {"id": "GE_1080", "section": "General Awareness", "topic": "Geography", "difficulty": "moderate", "text": {"en": "[General Awareness/Geography] Sample exam-style question #1080: Choose the correct option."}, "options": {"en": ["Option A1080", "Option B1080", "Option C1080", "Option D1080"]}, "answerIndex": 0}, {"id": "RE_1049", "section": "Reasoning", "topic": "Series", "difficulty": "moderate", "text": {"en": "[Reasoning/Series] Sample exam-style question #1049: Choose the correct option."}, "options": {"en": ["Option A1049", "Option B1049", "Option C1049", "Option D1049"]}, "answerIndex": 1}, {"id": "RE_1038", "section": "Reasoning", "topic": "Series", "difficulty": "moderate", "text": {"en": "[Reasoning/Series] Sample exam-style question #1038: Choose the correct option."}, "options": {"en": ["Option A1038", "Option B1038", "Option C1038", "Option D1038"]}, "answerIndex": 2}, {"id": "GE_1095", "section": "General Awareness", "topic": "Geography", "difficulty": "moderate", "text": {"en": "[General Awareness/Geography] Sample exam-style question #1095: Choose the correct option."}, "options": {"en": ["Option A1095", "Option B1095", "Option C1095", "Option D1095"]}, "answerIndex": 3}, {"id": "RE_1060", "section": "Reasoning", "topic": "Puzzle", "difficulty": "moderate", "text": {"en": "[Reasoning/Puzzle] Sample exam-style question #1060: Choose the correct option."}, "options": {"en": ["Option A1060", "Option B1060", "Option C1060", "Option D1060"]}, "answerIndex": 0}, {"id": "MA_1016", "section": "Mathematics", "topic": "Ratio", "difficulty": "moderate", "text": {"en": "[Mathematics/Ratio] Sample exam-style question #1016: Choose the correct option."}, "options": {"en": ["Option A1016", "Option B1016", "Option C1016", "Option D1016"]}, "answerIndex": 0}, {"id": "GE_1096", "section": "General Awareness", "topic": "Polity", "difficulty": "moderate", "text": {"en": "[General Awareness/Polity] Sample exam-style question #1096: Choose the correct option."}, "options": {"en": ["Option A1096", "Option B1096", "Option C1096", "Option D1096"]}, "answerIndex": 0}, {"id": "RE_1034", "section": "Reasoning", "topic": "Direction", "difficulty": "moderate", "text": {"en": "[Reasoning/Direction] Sample exam-style question #1034: Choose the correct option."}, "options": {"en": ["Option A1034", "Option B1034", "Option C1034", "Option D1034"]}, "answerIndex": 2}, {"id": "GE_1065", "section": "General Awareness", "topic": "Economy", "difficulty": "moderate", "text": {"en": "[General Awareness/Economy] Sample exam-style question #1065: Choose the correct option."}, "options": {"en": ["Option A1065", "Option B1065", "Option C1065", "Option D1065"]}, "answerIndex": 1}, {"id": "GE_1094", "section": "General Awareness", "topic": "Economy", "difficulty": "moderate", "text": {"en": "[General Awareness/Economy] Sample exam-style question #1094: Choose the correct option."}, "options": {"en": ["Option A1094", "Option B1094", "Option C1094", "Option D1094"]}, "answerIndex": 2}, {"id": "GE_1088", "section": "General Awareness", "topic": "History", "difficulty": "moderate", "text": {"en": "[General Awareness/History] Sample exam-style question #1088: Choose the correct option."}, "options": {"en": ["Option A1088", "Option B1088", "Option C1088", "Option D1088"]}, "answerIndex": 0}, {"id": "RE_1052", "section": "Reasoning", "topic": "Puzzle", "difficulty": "moderate", "text": {"en": "[Reasoning/Puzzle] Sample exam-style question #1052: Choose the correct option."}, "options": {"en": ["Option A1052", "Option B1052", "Option C1052", "Option D1052"]}, "answerIndex": 0}, {"id": "RE_1057", "section": "Reasoning", "topic": "Puzzle", "difficulty": "moderate", "text": {"en": "[Reasoning/Puzzle] Sample exam-style question #1057: Choose the correct option."}, "options": {"en": ["Option A1057", "Option B1057", "Option C1057", "Option D1057"]}, "answerIndex": 1}, {"id": "GE_1085", "section": "General Awareness", "topic": "History", "difficulty": "moderate", "text": {"en": "[General Awareness/History] Sample exam-style question #1085: Choose the correct option."}, "options": {"en": ["Option A1085", "Option B1085", "Option C1085", "Option D1085"]}, "answerIndex": 1}, {"id": "MA_1023", "section": "Mathematics", "topic": "Ratio", "difficulty": "moderate", "text": {"en": "[Mathematics/Ratio] Sample exam-style question #1023: Choose the correct option."}, "options": {"en": ["Option A1023", "Option B1023", "Option C1023", "Option D1023"]}, "answerIndex": 3}, {"id": "RE_1054", "section": "Reasoning", "topic": "Series", "difficulty": "moderate", "text": {"en": "[Reasoning/Series] Sample exam-style question #1054: Choose the correct option."}, "options": {"en": ["Option A1054", "Option B1054", "Option C1054", "Option D1054"]}, "answerIndex": 2}, {"id": "MA_1004", "section": "Mathematics", "topic": "SI", "difficulty": "moderate", "text": {"en": "[Mathematics/SI] Sample exam-style question #1004: Choose the correct option."}, "options": {"en": ["Option A1004", "Option B1004", "Option C1004", "Option D1004"]}, "answerIndex": 0}, {"id": "RE_1033", "section": "Reasoning", "topic": "Direction", "difficulty": "moderate", "text": {"en": "[Reasoning/Direction] Sample exam-style question #1033: Choose the correct option."}, "options": {"en": ["Option A1033", "Option B1033", "Option C1033", "Option D1033"]}, "answerIndex": 1}, {"id": "RE_1047", "section": "Reasoning", "topic": "Analogy", "difficulty": "moderate", "text": {"en": "[Reasoning/Analogy] Sample exam-style question #1047: Choose the correct option."}, "options": {"en": ["Option A1047", "Option B1047", "Option C1047", "Option D1047"]}, "answerIndex": 3}]}