{"testId": "024", "questions": [{"id": "RE_2331", "section": "Reasoning", "topic": "Analogy", "difficulty": "moderate", "text": {"en": "[Reasoning/Analogy] Sample exam-style question #2331: Choose the correct option."}, "options": {"en": ["Option A2331", "Option B2331", "Option C2331", "Option D2331"]}, "answerIndex": 3}, {"id": "GE_2389", "section": "General Awareness", "topic": "Geography", "difficulty": "moderate", "text": {"en": "[General Awareness/Geography] Sample exam-style question #2389: Choose the correct option."}, "options": {"en": ["Option A2389", "Option B2389", "Option C2389", "Option D2389"]}, "answerIndex": 1}, {"id": "GE_2393", "section": "General Awareness", "topic": "Science", "difficulty": "moderate", "text": {"en": "[General Awareness/Science] Sample exam-style question #2393: Choose the correct option."}, "options": {"en": ["Option A2393", "Option B2393", "Option C2393", "Option D2393"]}, "answerIndex": 1}, {"id": "RE_2337", "section": "Reasoning", "topic": "Analogy", "difficulty": "moderate", "text": {"en": "[Reasoning/Analogy] Sample exam-style question #2337: Choose the correct option."}, "options": {"en": ["Option A2337", "Option B2337", "Option C2337", "Option D2337"]}, "answerIndex": 1}, {"id": "GE_2364", "section": "General Awareness", "topic": "Science", "difficulty": "moderate", "text": {"en": "[General Awareness/Science] Sample exam-style question #2364: Choose the correct option."}, "options": {"en": ["Option A2364", "Option B2364", "Option C2364", "Option D2364"]}, "answerIndex": 0}, {"id": "GE_2372", "section": "General Awareness", "topic": "Economy", "difficulty": "moderate", "text": {"en": "[General Awareness/Economy] Sample exam-style question #2372: Choose the correct option."}, "options": {"en": ["Option A2372", "Option B2372", "Option C2372", "Option D2372"]}, "answerIndex": 0}, {"id": "RE_2335", "section": "Reasoning", "topic": "Syllogism", "difficulty": "moderate", "text": {"en": "[Reasoning/Syllogism] Sample exam-style question #2335: Choose the correct option."}, "options": {"en": ["Option A2335", "Option B2335", "Option C2335", "Option D2335"]}, "answerIndex": 3}, {"id": "GE_2382", "section": "General Awareness", "topic": "Economy", "difficulty": "moderate", "text": {"en": "[General Awareness/Economy] Sample exam-style question #2382: Choose the correct option."}, "options": {"en": ["Option A2382", "Option B2382", "Option C2382", "Option D2382"]}, "answerIndex": 2}, {"id": "GE_2396", "section": "General Awareness", "topic": "Economy", "difficulty": "moderate", "text": {"en": "[General Awareness/Economy] Sample exam-style question #2396: Choose the correct option."}, "options": {"en": ["Option A2396", "Option B2396", "Option C2396", "Option D2396"]}, "answerIndex": 0}, {"id": "GE_2363", "section": "General Awareness", "topic": "Geography", "difficulty": "moderate", "text": {"en": "[General Awareness/Geography] Sample exam-style question #2363: Choose the correct option."}, "options": {"en": ["Option A2363", "Option B2363", "Option C2363", "Option D2363"]}, "answerIndex": 3}, {"id": "GE_2371", "section": "General Awareness", "topic": "Current Affairs", "difficulty": "moderate", "text": {"en": "[General Awareness/Current Affairs] Sample exam-style question #2371: Choose the correct option."}, "options": {"en": ["Option A2371", "Option B2371", "Option C2371", "Option D2371"]}, "answerIndex": 3}, {"id": "MA_2329", "section": "Mathematics", "topic": "Ratio", "difficulty": "moderate", "text": {"en": "[Mathematics/Ratio] Sample exam-style question #2329: Choose the correct option."}, "options": {"en": ["Option A2329", "Option B2329", "Option C2329", "Option D2329"]}, "answerIndex": 1}, {"id": "GE_2370", "section": "General Awareness", "topic": "Current Affairs", "difficulty": "moderate", "text": {"en": "[General Awareness/Current Affairs] Sample exam-style question #2370: Choose the correct option."}, "options": {"en": ["Option A2370", "Option B2370", "Option C2370", "Option D2370"]}, "answerIndex": 2}, {"id": "RE_2334", "section": "Reasoning", "topic": "Puzzle", "difficulty": "moderate", "text": {"en": "[Reasoning/Puzzle] Sample exam-style question #2334: Choose the correct option."}, "options": {"en": ["Option A2334", "Option B2334", "Option C2334", "Option D2334"]}, "answerIndex": 2}, {"id": "GE_2365", "section": "General Awareness", "topic": "Economy", "difficulty": "moderate", "text": {"en": "[General Awareness/Economy] Sample exam-style question #2365: Choose the correct option."}, "options": {"en": ["Option A2365", "Option B2365", "Option C2365", "Option D2365"]}, "answerIndex": 1}, {"id": "MA_2309", "section": "Mathematics", "topic": "Speed", "difficulty": "moderate", "text": {"en": "[Mathematics/Speed] Sample exam-style question #2309: Choose the correct option."}, "options": {"en": ["Option A2309", "Option B2309", "Option C2309", "Option D2309"]}, "answerIndex": 1}, {"id": "GE_2394", "section": "General Awareness", "topic": "History", "difficulty": "moderate", "text": {"en": "[General Awareness/History] Sample exam-style question #2394: Choose the correct option."}, "options": {"en": ["Option A2394", "Option B2394", "Option C2394", "Option D2394"]}, "answerIndex": 2}, {"id": "RE_2333", "section": "Reasoning", "topic": "Syllogism", "difficulty": "moderate", "text": {"en": "[Reasoning/Syllogism] Sample exam-style question #2333: Choose the correct option."}, "options": {"en": ["Option A2333", "Option B2333", "Option C2333", "Option D2333"]}, "answerIndex": 1}, {"id": "GE_2400", "section": "General Awareness", "topic": "Polity", "difficulty": "moderate", "text": {"en": "[General Awareness/Polity] Sample exam-style question #2400: Choose the correct option."}, "options": {"en": ["Option A2400", "Option B2400", "Option C2400", "Option D2400"]}, "answerIndex": 0}, {"id": "MA_2317", "section": "Mathematics", "topic": "Speed", "difficulty": "moderate", "text": {"en": "[Mathematics/Speed] Sample exam-style question #2317: Choose the correct option."}, "options": {"en": ["Option A2317", "Option B2317", "Option C2317", "Option D2317"]}, "answerIndex": 1}, {"id": "RE_2359", "section": "Reasoning", "topic": "Syllogism", "difficulty": "moderate", "text": {"en": "[Reasoning/Syllogism] Sample exam-style question #2359: Choose the correct option."}, "options": {"en": ["Option A2359", "Option B2359", "Option C2359", "Option D2359"]}, "answerIndex": 3}, {"id": "RE_2332", "section": "Reasoning", "topic": "Direction", "difficulty": "moderate", "text": {"en": "[Reasoning/Direction] Sample exam-style question #2332: Choose the correct option."}, "options": {"en": ["Option A2332", "Option B2332", "Option C2332", "Option D2332"]}, "answerIndex": 0}, {"id": "RE_2346", "section": "Reasoning", "topic": "Series", "difficulty": "moderate", "text": {"en": "[Reasoning/Series] Sample exam-style question #2346: Choose the correct option."}, "options": {"en": ["Option A2346", "Option B2346", "Option C2346", "Option D2346"]}, "answerIndex": 2}, {"id": "GE_2399", "section": "General Awareness", "topic": "Economy", "difficulty": "moderate", "text": {"en": "[General Awareness/Economy] Sample exam-style question #2399: Choose the correct option."}, "options": {"en": ["Option A2399", "Option B2399", "Option C2399", "Option D2399"]}, "answerIndex": 3}, {"id": "RE_2351", "section": "Reasoning", "topic": "Syllogism", "difficulty": "moderate", "text": {"en": "[Reasoning/Syllogism] Sample exam-style question #2351: Choose the correct option."}, "options": {"en": ["Option A2351", "Option B2351", "Option C2351", "Option D2351"]}, "answerIndex": 3}, {"id": "MA_2326", "section": "Mathematics", "topic": "CI", "difficulty": "moderate", "text": {"en": "[Mathematics/CI] Sample exam-style question #2326: Choose the correct option."}, "options": {"en": ["Option A2326", "Option B2326", "Option C2326", "Option D2326"]}, "answerIndex": 2}, {"id": "GE_2384", "section": "General Awareness", "topic": "History", "difficulty": "moderate", "text": {"en": "[General Awareness/History] Sample exam-style question #2384: Choose the correct option."}, "options": {"en": ["Option A2384", "Option B2384", "Option C2384", "Option D2384"]}, "answerIndex": 0}, {"id": "RE_2360", "section": "Reasoning", "topic": "Direction", "difficulty": "moderate", "text": {"en": "[Reasoning/Direction] Sample exam-style question #2360: Choose the correct option."}, "options": {"en": ["Option A2360", "Option B2360", "Option C2360", "Option D2360"]}, "answerIndex": 0}, {"id": "GE_2369", "section": "General Awareness", "topic": "Polity", "difficulty": "moderate", "text": {"en": "[General Awareness/Polity] Sample exam-style question #2369: Choose the correct option."}, "options": {"en": ["Option A2369", "Option B2369", "Option C2369", "Option D2369"]}, "answerIndex": 1}, {"id": "RE_2354", "section": "Reasoning", "topic": "Analogy", "difficulty": "moderate", "text": {"en": "[Reasoning/Analogy] Sample exam-style question #2354: Choose the correct option."}, "options": {"en": ["Option A2354", "Option B2354", "Option C2354", "Option D2354"]}, "answerIndex": 2}, {"id": "GE_2380", "section": "General Awareness", "topic": "Science", "difficulty": "moderate", "text": {"en": "[General Awareness/Science] Sample exam-style question #2380: Choose the correct option."}, "options": {"en": ["Option A2380", "Option B2380", "Option C2380", "Option D2380"]}, "answerIndex": 0}, {"id": "GE_2373", "section": "General Awareness", "topic": "Geography", "difficulty": "moderate", "text": {"en": "[General Awareness/Geography] Sample exam-style question #2373: Choose the correct option."}, "options": {"en": ["Option A2373", "Option B2373", "Option C2373", "Option D2373"]}, "answerIndex": 1}, {"id": "RE_2341", "section": "Reasoning", "topic": "Puzzle", "difficulty": "moderate", "text": {"en": "[Reasoning/Puzzle] Sample exam-style question #2341: Choose the correct option."}, "options": {"en": ["Option A2341", "Option B2341", "Option C2341", "Option D2341"]}, "answerIndex": 1}, {"id": "GE_2397", "section": "General Awareness", "topic": "Geography", "difficulty": "moderate", "text": {"en": "[General Awareness/Geography] Sample exam-style question #2397: Choose the correct option."}, "options": {"en": ["Option A2397", "Option B2397", "Option C2397", "Option D2397"]}, "answerIndex": 1}, {"id": "MA_2307", "section": "Mathematics", "topic": "Percentage", "difficulty": "moderate", "text": {"en": "[Mathematics/Percentage] Sample exam-style question #2307: Choose the correct option."}, "options": {"en": ["Option A2307", "Option B2307", "Option C2307", "Option D2307"]}, "answerIndex": 3}, {"id": "MA_2325", "section": "Mathematics", "topic": "Speed", "difficulty": "moderate", "text": {"en": "[Mathematics/Speed] Sample exam-style question #2325: Choose the correct option."}, "options": {"en": ["Option A2325", "Option B2325", "Option C2325", "Option D2325"]}, "answerIndex": 1}, {"id": "GE_2376", "section": "General Awareness", "topic": "Current Affairs", "difficulty": "moderate", "text": {"en": "[General Awareness/Current Affairs] Sample exam-style question #2376: Choose the correct option."}, "options": {"en": ["Option A2376", "Option B2376", "Option C2376", "Option D2376"]}, "answerIndex": 0}, {"id": "MA_2304", "section": "Mathematics", "topic": "Time&Work", "difficulty": "moderate", "text": {"en": "[Mathematics/Time&Work] Sample exam-style question #2304: Choose the correct option."}, "options": {"en": ["Option A2304", "Option B2304", "Option C2304", "Option D2304"]}, "answerIndex": 0}, {"id": "MA_2328", "section": "Mathematics", "topic": "SI", "difficulty": "moderate", "text": {"en": "[Mathematics/SI] Sample exam-style question #2328: Choose the correct option."}, "options": {"en": ["Option A2328", "Option B2328", "Option C2328", "Option D2328"]}, "answerIndex": 0}, {"id": "GE_2381", "section": "General Awareness", "topic": "Current Affairs", "difficulty": "moderate", "text": {"en": "[General Awareness/Current Affairs] Sample exam-style question #2381: Choose the correct option."}, "options": {"en": ["Option A2381", "Option B2381", "Option C2381", "Option D2381"]}, "answerIndex": 1}, {"id": "GE_2377", "section": "General Awareness", "topic": "History", "difficulty": "moderate", "text": {"en": "[General Awareness/History] Sample exam-style question #2377: Choose the correct option."}, "options": {"en": ["Option A2377", "Option B2377", "Option C2377", "Option D2377"]}, "answerIndex": 1}, {"id": "RE_2340", "section": "Reasoning", "topic": "Direction", "difficulty": "moderate", "text": {"en": "[Reasoning/Direction] Sample exam-style question #2340: Choose the correct option."}, "options": {"en": ["Option A2340", "Option B2340", "Option C2340", "Option D2340"]}, "answerIndex": 0}, {"id": "RE_2355", "section": "Reasoning", "topic": "Direction", "difficulty": "moderate", "text": {"en": "[Reasoning/Direction] Sample exam-style question #2355: Choose the correct option."}, "options": {"en": ["Option A2355", "Option B2355", "Option C2355", "Option D2355"]}, "answerIndex": 3}, {"id": "MA_2323", "section": "Mathematics", "topic": "CI", "difficulty": "moderate", "text": {"en": "[Mathematics/CI] Sample exam-style question #2323: Choose the correct option."}, "options": {"en": ["Option A2323", "Option B2323", "Option C2323", "Option D2323"]}, "answerIndex": 3}, {"id": "MA_2322", "section": "Mathematics", "topic": "SI", "difficulty": "moderate", "text": {"en": "[Mathematics/SI] Sample exam-style question #2322: Choose the correct option."}, "options": {"en": ["Option A2322", "Option B2322", "Option C2322", "Option D2322"]}, "answerIndex": 2}, {"id": "MA_2310", "section": "Mathematics", "topic": "Ratio", "difficulty": "moderate", "text": {"en": "[Mathematics/Ratio] Sample exam-style question #2310: Choose the correct option."}, "options": {"en": ["Option A2310", "Option B2310", "Option C2310", "Option D2310"]}, "answerIndex": 2}, {"id": "MA_2316", "section": "Mathematics", "topic": "DI", "difficulty": "moderate", "text": {"en": "[Mathematics/DI] Sample exam-style question #2316: Choose the correct option."}, "options": {"en": ["Option A2316", "Option B2316", "Option C2316", "Option D2316"]}, "answerIndex": 0}, {"id": "RE_2349", "section": "Reasoning", "topic": "Analogy", "difficulty": "moderate", "text": {"en": "[Reasoning/Analogy] Sample exam-style question #2349: Choose the correct option."}, "options": {"en": ["Option A2349", "Option B2349", "Option C2349", "Option D2349"]}, "answerIndex": 1}, {"id": "RE_2352", "section": "Reasoning", "topic": "Direction", "difficulty": "moderate", "text": {"en": "[Reasoning/Direction] Sample exam-style question #2352: Choose the correct option."}, "options": {"en": ["Option A2352", "Option B2352", "Option C2352", "Option D2352"]}, "answerIndex": 0}, {"id": "MA_2327", "section": "Mathematics", "topic": "CI", "difficulty": "moderate", "text": {"en": "[Mathematics/CI] Sample exam-style question #2327: Choose the correct option."}, "options": {"en": ["Option A2327", "Option B2327", "Option C2327", "Option D2327"]}, "answerIndex": 3}, {"id": "GE_2379", "section": "General Awareness", "topic": "History", "difficulty": "moderate", "text": {"en": "[General Awareness/History] Sample exam-style question #2379: Choose the correct option."}, "options": {"en": ["Option A2379", "Option B2379", "Option C2379", "Option D2379"]}, "answerIndex": 3}, {"id": "MA_2302", "section": "Mathematics", "topic": "CI", "difficulty": "moderate", "text": {"en": "[Mathematics/CI] Sample exam-style question #2302: Choose the correct option."}, "options": {"en": ["Option A2302", "Option B2302", "Option C2302", "Option D2302"]}, "answerIndex": 2}, {"id": "RE_2336", "section": "Reasoning", "topic": "Series", "difficulty": "moderate", "text": {"en": "[Reasoning/Series] Sample exam-style question #2336: Choose the correct option."}, "options": {"en": ["Option A2336", "Option B2336", "Option C2336", "Option D2336"]}, "answerIndex": 0}, {"id": "RE_2344", "section": "Reasoning", "topic": "Syllogism", "difficulty": "moderate", "text": {"en": "[Reasoning/Syllogism] Sample exam-style question #2344: Choose the correct option."}, "options": {"en": ["Option A2344", "Option B2344", "Option C2344", "Option D2344"]}, "answerIndex": 0}, {"id": "MA_2330", "section": "Mathematics", "topic": "CI", "difficulty": "moderate", "text": {"en": "[Mathematics/CI] Sample exam-style question #2330: Choose the correct option."}, "options": {"en": ["Option A2330", "Option B2330", "Option C2330", "Option D2330"]}, "answerIndex": 2}, {"id": "MA_2308", "section": "Mathematics", "topic": "DI", "difficulty": "moderate", "text": {"en": "[Mathematics/DI] Sample exam-style question #2308: Choose the correct option."}, "options": {"en": ["Option A2308", "Option B2308", "Option C2308", "Option D2308"]}, "answerIndex": 0}, {"id": "RE_2338", "section": "Reasoning", "topic": "Direction", "difficulty": "moderate", "text": {"en": "[Reasoning/Direction] Sample exam-style question #2338: Choose the correct option."}, "options": {"en": ["Option A2338", "Option B2338", "Option C2338", "Option D2338"]}, "answerIndex": 2}, {"id": "GE_2385", "section": "General Awareness", "topic": "Polity", "difficulty": "moderate", "text": {"en": "[General Awareness/Polity] Sample exam-style question #2385: Choose the correct option."}, "options": {"en": ["Option A2385", "Option B2385", "Option C2385", "Option D2385"]}, "answerIndex": 1}, {"id": "MA_2315", "section": "Mathematics", "topic": "Percentage", "difficulty": "moderate", "text": {"en": "[Mathematics/Percentage] Sample exam-style question #2315: Choose the correct option."}, "options": {"en": ["Option A2315", "Option B2315", "Option C2315", "Option D2315"]}, "answerIndex": 3}, {"id": "MA_2306", "section": "Mathematics", "topic": "SI", "difficulty": "moderate", "text": {"en": "[Mathematics/SI] Sample exam-style question #2306: Choose the correct option."}, "options": {"en": ["Option A2306", "Option B2306", "Option C2306", "Option D2306"]}, "answerIndex": 2}, {"id": "GE_2383", "section": "General Awareness", "topic": "Polity", "difficulty": "moderate", "text": {"en": "[General Awareness/Polity] Sample exam-style question #2383: Choose the correct option."}, "options": {"en": ["Option A2383", "Option B2383", "Option C2383", "Option D2383"]}, "answerIndex": 3}, {"id": "GE_2374", "section": "General Awareness", "topic": "Science", "difficulty": "moderate", "text": {"en": "[General Awareness/Science] Sample exam-style question #2374: Choose the correct option."}, "options": {"en": ["Option A2374", "Option B2374", "Option C2374", "Option D2374"]}, "answerIndex": 2}, {"id": "MA_2319", "section": "Mathematics", "topic": "SI", "difficulty": "moderate", "text": {"en": "[Mathematics/SI] Sample exam-style question #2319: Choose the correct option."}, "options": {"en": ["Option A2319", "Option B2319", "Option C2319", "Option D2319"]}, "answerIndex": 3}, {"id": "GE_2387", "section": "General Awareness", "topic": "Current Affairs", "difficulty": "moderate", "text": {"en": "[General Awareness/Current Affairs] Sample exam-style question #2387: Choose the correct option."}, "options": {"en": ["Option A2387", "Option B2387", "Option C2387", "Option D2387"]}, "answerIndex": 3}, {"id": "MA_2321", "section": "Mathematics", "topic": "DI", "difficulty": "moderate", "text": {"en": "[Mathematics/DI] Sample exam-style question #2321: Choose the correct option."}, "options": {"en": ["Option A2321", "Option B2321", "Option C2321", "Option D2321"]}, "answerIndex": 1}, {"id": "GE_2388", "section": "General Awareness", "topic": "Geography", "difficulty": "moderate", "text": {"en": "[General Awareness/Geography] Sample exam-style question #2388: Choose the correct option."}, "options": {"en": ["Option A2388", "Option B2388", "Option C2388", "Option D2388"]}, "answerIndex": 0}, {"id": "MA_2324", "section": "Mathematics", "topic": "CI", "difficulty": "moderate", "text": {"en": "[Mathematics/CI] Sample exam-style question #2324: Choose the correct option."}, "options": {"en": ["Option A2324", "Option B2324", "Option C2324", "Option D2324"]}, "answerIndex": 0}, {"id": "RE_2339", "section": "Reasoning", "topic": "Series", "difficulty": "moderate", "text": {"en": "[Reasoning/Series] Sample exam-style question #2339: Choose the correct option."}, "options": {"en": ["Option A2339", "Option B2339", "Option C2339", "Option D2339"]}, "answerIndex": 3}, {"id": "GE_2391", "section": "General Awareness", "topic": "Science", "difficulty": "moderate", "text": {"en": "[General Awareness/Science] Sample exam-style question #2391: Choose the correct option."}, "options": {"en": ["Option A2391", "Option B2391", "Option C2391", "Option D2391"]}, "answerIndex": 3}, {"id": "MA_2301", "section": "Mathematics", "topic": "Time&Work", "difficulty": "moderate", "text": {"en": "[Mathematics/Time&Work] Sample exam-style question #2301: Choose the correct option."}, "options": {"en": ["Option A2301", "Option B2301", "Option C2301", "Option D2301"]}, "answerIndex": 1}, {"id": "RE_2343", "section": "Reasoning", "topic": "Puzzle", "difficulty": "moderate", "text": {"en": "[Reasoning/Puzzle] Sample exam-style question #2343: Choose the correct option."}, "options": {"en": ["Option A2343", "Option B2343", "Option C2343", "Option D2343"]}, "answerIndex": 3}, {"id": "GE_2392", "section": "General Awareness", "topic": "Polity", "difficulty": "moderate", "text": {"en": "[General Awareness/Polity] Sample exam-style question #2392: Choose the correct option."}, "options": {"en": ["Option A2392", "Option B2392", "Option C2392", "Option D2392"]}, "answerIndex": 0}, {"id": "GE_2386", "section": "General Awareness", "topic": "History", "difficulty": "moderate", "text": {"en": "[General Awareness/History] Sample exam-style question #2386: Choose the correct option."}, "options": {"en": ["Option A2386", "Option B2386", "Option C2386", "Option D2386"]}, "answerIndex": 2}, {"id": "GE_2375", "section": "General Awareness", "topic": "Current Affairs", "difficulty": "moderate", "text": {"en": "[General Awareness/Current Affairs] Sample exam-style question #2375: Choose the correct option."}, "options": {"en": ["Option A2375", "Option B2375", "Option C2375", "Option D2375"]}, "answerIndex": 3}, {"id": "MA_2311", "section": "Mathematics", "topic": "SI", "difficulty": "moderate", "text": {"en": "[Mathematics/SI] Sample exam-style question #2311: Choose the correct option."}, "options": {"en": ["Option A2311", "Option B2311", "Option C2311", "Option D2311"]}, "answerIndex": 3}, {"id": "MA_2305", "section": "Mathematics", "topic": "CI", "difficulty": "moderate", "text": {"en": "[Mathematics/CI] Sample exam-style question #2305: Choose the correct option."}, "options": {"en": ["Option A2305", "Option B2305", "Option C2305", "Option D2305"]}, "answerIndex": 1}, {"id": "MA_2312", "section": "Mathematics", "topic": "SI", "difficulty": "moderate", "text": {"en": "[Mathematics/SI] Sample exam-style question #2312: Choose the correct option."}, "options": {"en": ["Option A2312", "Option B2312", "Option C2312", "Option D2312"]}, "answerIndex": 0}, {"id": "GE_2378", "section": "General Awareness", "topic": "Polity", "difficulty": "moderate", "text": {"en": "[General Awareness/Polity] Sample exam-style question #2378: Choose the correct option."}, "options": {"en": ["Option A2378", "Option B2378", "Option C2378", "Option D2378"]}, "answerIndex": 2}, {"id": "RE_2345", "section": "Reasoning", "topic": "Syllogism", "difficulty": "moderate", "text": {"en": "[Reasoning/Syllogism] Sample exam-style question #2345: Choose the correct option."}, "options": {"en": ["Option A2345", "Option B2345", "Option C2345", "Option D2345"]}, "answerIndex": 1}, {"id": "GE_2368", "section": "General Awareness", "topic": "Polity", "difficulty": "moderate", "text": {"en": "[General Awareness/Polity] Sample exam-style question #2368: Choose the correct option."}, "options": {"en": ["Option A2368", "Option B2368", "Option C2368", "Option D2368"]}, "answerIndex": 0}, {"id": "RE_2358", "section": "Reasoning", "topic": "Direction", "difficulty": "moderate", "text": {"en": "[Reasoning/Direction] Sample exam-style question #2358: Choose the correct option."}, "options": {"en": ["Option A2358", "Option B2358", "Option C2358", "Option D2358"]}, "answerIndex": 2}, {"id": "GE_2361", "section": "General Awareness", "topic": "Polity", "difficulty": "moderate", "text": {"en": "[General Awareness/Polity] Sample exam-style question #2361: Choose the correct option."}, "options": {"en": ["Option A2361", "Option B2361", "Option C2361", "Option D2361"]}, "answerIndex": 1}, {"id": "RE_2356", "section": "Reasoning", "topic": "Coding", "difficulty": "moderate", "text": {"en": "[Reasoning/Coding] Sample exam-style question #2356: Choose the correct option."}, "options": {"en": ["Option A2356", "Option B2356", "Option C2356", "Option D2356"]}, "answerIndex": 0}, {"id": "MA_2320", "section": "Mathematics", "topic": "Percentage", "difficulty": "moderate", "text": {"en": "[Mathematics/Percentage] Sample exam-style question #2320: Choose the correct option."}, "options": {"en": ["Option A2320", "Option B2320", "Option C2320", "Option D2320"]}, "answerIndex": 0}, {"id": "RE_2353", "section": "Reasoning", "topic": "Puzzle", "difficulty": "moderate", "text": {"en": "[Reasoning/Puzzle] Sample exam-style question #2353: Choose the correct option."}, "options": {"en": ["Option A2353", "Option B2353", "Option C2353", "Option D2353"]}, "answerIndex": 1}, {"id": "MA_2314", "section": "Mathematics", "topic": "DI", "difficulty": "moderate", "text": {"en": "[Mathematics/DI] Sample exam-style question #2314: Choose the correct option."}, "options": {"en": ["Option A2314", "Option B2314", "Option C2314", "Option D2314"]}, "answerIndex": 2}, {"id": "GE_2390", "section": "General Awareness", "topic": "Economy", "difficulty": "moderate", "text": {"en": "[General Awareness/Economy] Sample exam-style question #2390: Choose the correct option."}, "options": {"en": ["Option A2390", "Option B2390", "Option C2390", "Option D2390"]}, "answerIndex": 2}, {"id": "MA_2318", "section": "Mathematics", "topic": "SI", "difficulty": "moderate", "text": {"en": "[Mathematics/SI] Sample exam-style question #2318: Choose the correct option."}, "options": {"en": ["Option A2318", "Option B2318", "Option C2318", "Option D2318"]}, "answerIndex": 2}, {"id": "GE_2395", "section": "General Awareness", "topic": "Current Affairs", "difficulty": "moderate", "text": {"en": "[General Awareness/Current Affairs] Sample exam-style question #2395: Choose the correct option."}, "options": {"en": ["Option A2395", "Option B2395", "Option C2395", "Option D2395"]}, "answerIndex": 3}, {"id": "GE_2398", "section": "General Awareness", "topic": "Geography", "difficulty": "moderate", "text": {"en": "[General Awareness/Geography] Sample exam-style question #2398: Choose the correct option."}, "options": {"en": ["Option A2398", "Option B2398", "Option C2398", "Option D2398"]}, "answerIndex": 2}, {"id": "RE_2348", "section": "Reasoning", "topic": "Syllogism", "difficulty": "moderate", "text": {"en": "[Reasoning/Syllogism] Sample exam-style question #2348: Choose the correct option."}, "options": {"en": ["Option A2348", "Option B2348", "Option C2348", "Option D2348"]}, "answerIndex": 0}, {"id": "RE_2347", "section": "Reasoning", "topic": "Series", "difficulty": "moderate", "text": {"en": "[Reasoning/Series] Sample exam-style question #2347: Choose the correct option."}, "options": {"en": ["Option A2347", "Option B2347", "Option C2347", "Option D2347"]}, "answerIndex": 3}, {"id": "GE_2366", "section": "General Awareness", "topic": "Geography", "difficulty": "moderate", "text": {"en": "[General Awareness/Geography] Sample exam-style question #2366: Choose the correct option."}, "options": {"en": ["Option A2366", "Option B2366", "Option C2366", "Option D2366"]}, "answerIndex": 2}, {"id": "RE_2357", "section": "Reasoning", "topic": "Analogy", "difficulty": "moderate", "text": {"en": "[Reasoning/Analogy] Sample exam-style question #2357: Choose the correct option."}, "options": {"en": ["Option A2357", "Option B2357", "Option C2357", "Option D2357"]}, "answerIndex": 1}, {"id": "MA_2313", "section": "Mathematics", "topic": "DI", "difficulty": "moderate", "text": {"en": "[Mathematics/DI] Sample exam-style question #2313: Choose the correct option."}, "options": {"en": ["Option A2313", "Option B2313", "Option C2313", "Option D2313"]}, "answerIndex": 1}, {"id": "GE_2367", "section": "General Awareness", "topic": "Current Affairs", "difficulty": "moderate", "text": {"en": "[General Awareness/Current Affairs] Sample exam-style question #2367: Choose the correct option."}, "options": {"en": ["Option A2367", "Option B2367", "Option C2367", "Option D2367"]}, "answerIndex": 3}, {"id": "RE_2342", "section": "Reasoning", "topic": "Coding", "difficulty": "moderate", "text": {"en": "[Reasoning/Coding] Sample exam-style question #2342: Choose the correct option."}, "options": {"en": ["Option A2342", "Option B2342", "Option C2342", "Option D2342"]}, "answerIndex": 2}, {"id": "RE_2350", "section": "Reasoning", "topic": "Syllogism", "difficulty": "moderate", "text": {"en": "[Reasoning/Syllogism] Sample exam-style question #2350: Choose the correct option."}, "options": {"en": ["Option A2350", "Option B2350", "Option C2350", "Option D2350"]}, "answerIndex": 2}, {"id": "GE_2362", "section": "General Awareness", "topic": "Current Affairs", "difficulty": "moderate", "text": {"en": "[General Awareness/Current Affairs] Sample exam-style question #2362: Choose the correct option."}, "options": {"en": ["Option A2362", "Option B2362", "Option C2362", "Option D2362"]}, "answerIndex": 2}, {"id": "MA_2303", "section": "Mathematics", "topic": "DI", "difficulty": "moderate", "text": {"en": "[Mathematics/DI] Sample exam-style question #2303: Choose the correct option."}, "options": {"en": ["Option A2303", "Option B2303", "Option C2303", "Option D2303"]}, "answerIndex": 3}]}