{"testId": "048", "questions": [{"id": "RE_4757", "section": "Reasoning", "topic": "Direction", "difficulty": "moderate", "text": {"en": "[Reasoning/Direction] Sample exam-style question #4757: Choose the correct option."}, "options": {"en": ["Option A4757", "Option B4757", "Option C4757", "Option D4757"]}, "answerIndex": 1}, {"id": "GE_4791", "section": "General Awareness", "topic": "Geography", "difficulty": "moderate", "text": {"en": "[General Awareness/Geography] Sample exam-style question #4791: Choose the correct option."}, "options": {"en": ["Option A4791", "Option B4791", "Option C4791", "Option D4791"]}, "answerIndex": 3}, {"id": "GE_4789", "section": "General Awareness", "topic": "Economy", "difficulty": "moderate", "text": {"en": "[General Awareness/Economy] Sample exam-style question #4789: Choose the correct option."}, "options": {"en": ["Option A4789", "Option B4789", "Option C4789", "Option D4789"]}, "answerIndex": 1}, {"id": "RE_4756", "section": "Reasoning", "topic": "Series", "difficulty": "moderate", "text": {"en": "[Reasoning/Series] Sample exam-style question #4756: Choose the correct option."}, "options": {"en": ["Option A4756", "Option B4756", "Option C4756", "Option D4756"]}, "answerIndex": 0}, {"id": "RE_4742", "section": "Reasoning", "topic": "Series", "difficulty": "moderate", "text": {"en": "[Reasoning/Series] Sample exam-style question #4742: Choose the correct option."}, "options": {"en": ["Option A4742", "Option B4742", "Option C4742", "Option D4742"]}, "answerIndex": 2}, {"id": "GE_4790", "section": "General Awareness", "topic": "Polity", "difficulty": "moderate", "text": {"en": "[General Awareness/Polity] Sample exam-style question #4790: Choose the correct option."}, "options": {"en": ["Option A4790", "Option B4790", "Option C4790", "Option D4790"]}, "answerIndex": 2}, {"id": "GE_4767", "section": "General Awareness", "topic": "History", "difficulty": "moderate", "text": {"en": "[General Awareness/History] Sample exam-style question #4767: Choose the correct option."}, "options": {"en": ["Option A4767", "Option B4767", "Option C4767", "Option D4767"]}, "answerIndex": 3}, {"id": "MA_4722", "section": "Mathematics", "topic": "CI", "difficulty": "moderate", "text": {"en": "[Mathematics/CI] Sample exam-style question #4722: Choose the correct option."}, "options": {"en": ["Option A4722", "Option B4722", "Option C4722", "Option D4722"]}, "answerIndex": 2}, {"id": "GE_4779", "section": "General Awareness", "topic": "Polity", "difficulty": "moderate", "text": {"en": "[General Awareness/Polity] Sample exam-style question #4779: Choose the correct option."}, "options": {"en": ["Option A4779", "Option B4779", "Option C4779", "Option D4779"]}, "answerIndex": 3}, {"id": "MA_4706", "section": "Mathematics", "topic": "SI", "difficulty": "moderate", "text": {"en": "[Mathematics/SI] Sample exam-style question #4706: Choose the correct option."}, "options": {"en": ["Option A4706", "Option B4706", "Option C4706", "Option D4706"]}, "answerIndex": 2}, {"id": "GE_4793", "section": "General Awareness", "topic": "Current Affairs", "difficulty": "moderate", "text": {"en": "[General Awareness/Current Affairs] Sample exam-style question #4793: Choose the correct option."}, "options": {"en": ["Option A4793", "Option B4793", "Option C4793", "Option D4793"]}, "answerIndex": 1}, {"id": "GE_4769", "section": "General Awareness", "topic": "Current Affairs", "difficulty": "moderate", "text": {"en": "[General Awareness/Current Affairs] Sample exam-style question #4769: Choose the correct option."}, "options": {"en": ["Option A4769", "Option B4769", "Option C4769", "Option D4769"]}, "answerIndex": 1}, {"id": "RE_4743", "section": "Reasoning", "topic": "Syllogism", "difficulty": "moderate", "text": {"en": "[Reasoning/Syllogism] Sample exam-style question #4743: Choose the correct option."}, "options": {"en": ["Option A4743", "Option B4743", "Option C4743", "Option D4743"]}, "answerIndex": 3}, {"id": "GE_4762", "section": "General Awareness", "topic": "History", "difficulty": "moderate", "text": {"en": "[General Awareness/History] Sample exam-style question #4762: Choose the correct option."}, "options": {"en": ["Option A4762", "Option B4762", "Option C4762", "Option D4762"]}, "answerIndex": 2}, {"id": "GE_4786", "section": "General Awareness", "topic": "Polity", "difficulty": "moderate", "text": {"en": "[General Awareness/Polity] Sample exam-style question #4786: Choose the correct option."}, "options": {"en": ["Option A4786", "Option B4786", "Option C4786", "Option D4786"]}, "answerIndex": 2}, {"id": "MA_4715", "section": "Mathematics", "topic": "CI", "difficulty": "moderate", "text": {"en": "[Mathematics/CI] Sample exam-style question #4715: Choose the correct option."}, "options": {"en": ["Option A4715", "Option B4715", "Option C4715", "Option D4715"]}, "answerIndex": 3}, {"id": "GE_4800", "section": "General Awareness", "topic": "History", "difficulty": "moderate", "text": {"en": "[General Awareness/History] Sample exam-style question #4800: Choose the correct option."}, "options": {"en": ["Option A4800", "Option B4800", "Option C4800", "Option D4800"]}, "answerIndex": 0}, {"id": "GE_4770", "section": "General Awareness", "topic": "Science", "difficulty": "moderate", "text": {"en": "[General Awareness/Science] Sample exam-style question #4770: Choose the correct option."}, "options": {"en": ["Option A4770", "Option B4770", "Option C4770", "Option D4770"]}, "answerIndex": 2}, {"id": "RE_4740", "section": "Reasoning", "topic": "Syllogism", "difficulty": "moderate", "text": {"en": "[Reasoning/Syllogism] Sample exam-style question #4740: Choose the correct option."}, "options": {"en": ["Option A4740", "Option B4740", "Option C4740", "Option D4740"]}, "answerIndex": 0}, {"id": "MA_4720", "section": "Mathematics", "topic": "SI", "difficulty": "moderate", "text": {"en": "[Mathematics/SI] Sample exam-style question #4720: Choose the correct option."}, "options": {"en": ["Option A4720", "Option B4720", "Option C4720", "Option D4720"]}, "answerIndex": 0}, {"id": "GE_4761", "section": "General Awareness", "topic": "Economy", "difficulty": "moderate", "text": {"en": "[General Awareness/Economy] Sample exam-style question #4761: Choose the correct option."}, "options": {"en": ["Option A4761", "Option B4761", "Option C4761", "Option D4761"]}, "answerIndex": 1}, {"id": "GE_4765", "section": "General Awareness", "topic": "Geography", "difficulty": "moderate", "text": {"en": "[General Awareness/Geography] Sample exam-style question #4765: Choose the correct option."}, "options": {"en": ["Option A4765", "Option B4765", "Option C4765", "Option D4765"]}, "answerIndex": 1}, {"id": "GE_4768", "section": "General Awareness", "topic": "Economy", "difficulty": "moderate", "text": {"en": "[General Awareness/Economy] Sample exam-style question #4768: Choose the correct option."}, "options": {"en": ["Option A4768", "Option B4768", "Option C4768", "Option D4768"]}, "answerIndex": 0}, {"id": "RE_4738", "section": "Reasoning", "topic": "Series", "difficulty": "moderate", "text": {"en": "[Reasoning/Series] Sample exam-style question #4738: Choose the correct option."}, "options": {"en": ["Option A4738", "Option B4738", "Option C4738", "Option D4738"]}, "answerIndex": 2}, {"id": "RE_4745", "section": "Reasoning", "topic": "Direction", "difficulty": "moderate", "text": {"en": "[Reasoning/Direction] Sample exam-style question #4745: Choose the correct option."}, "options": {"en": ["Option A4745", "Option B4745", "Option C4745", "Option D4745"]}, "answerIndex": 1}, {"id": "GE_4763", "section": "General Awareness", "topic": "Polity", "difficulty": "moderate", "text": {"en": "[General Awareness/Polity] Sample exam-style question #4763: Choose the correct option."}, "options": {"en": ["Option A4763", "Option B4763", "Option C4763", "Option D4763"]}, "answerIndex": 3}, {"id": "GE_4780", "section": "General Awareness", "topic": "Polity", "difficulty": "moderate", "text": {"en": "[General Awareness/Polity] Sample exam-style question #4780: Choose the correct option."}, "options": {"en": ["Option A4780", "Option B4780", "Option C4780", "Option D4780"]}, "answerIndex": 0}, {"id": "GE_4774", "section": "General Awareness", "topic": "Geography", "difficulty": "moderate", "text": {"en": "[General Awareness/Geography] Sample exam-style question #4774: Choose the correct option."}, "options": {"en": ["Option A4774", "Option B4774", "Option C4774", "Option D4774"]}, "answerIndex": 2}, {"id": "GE_4798", "section": "General Awareness", "topic": "Polity", "difficulty": "moderate", "text": {"en": "[General Awareness/Polity] Sample exam-style question #4798: Choose the correct option."}, "options": {"en": ["Option A4798", "Option B4798", "Option C4798", "Option D4798"]}, "answerIndex": 2}, {"id": "RE_4755", "section": "Reasoning", "topic": "Analogy", "difficulty": "moderate", "text": {"en": "[Reasoning/Analogy] Sample exam-style question #4755: Choose the correct option."}, "options": {"en": ["Option A4755", "Option B4755", "Option C4755", "Option D4755"]}, "answerIndex": 3}, {"id": "GE_4782", "section": "General Awareness", "topic": "Science", "difficulty": "moderate", "text": {"en": "[General Awareness/Science] Sample exam-style question #4782: Choose the correct option."}, "options": {"en": ["Option A4782", "Option B4782", "Option C4782", "Option D4782"]}, "answerIndex": 2}, {"id": "GE_4794", "section": "General Awareness", "topic": "Science", "difficulty": "moderate", "text": {"en": "[General Awareness/Science] Sample exam-style question #4794: Choose the correct option."}, "options": {"en": ["Option A4794", "Option B4794", "Option C4794", "Option D4794"]}, "answerIndex": 2}, {"id": "GE_4792", "section": "General Awareness", "topic": "Current Affairs", "difficulty": "moderate", "text": {"en": "[General Awareness/Current Affairs] Sample exam-style question #4792: Choose the correct option."}, "options": {"en": ["Option A4792", "Option B4792", "Option C4792", "Option D4792"]}, "answerIndex": 0}, {"id": "GE_4783", "section": "General Awareness", "topic": "Science", "difficulty": "moderate", "text": {"en": "[General Awareness/Science] Sample exam-style question #4783: Choose the correct option."}, "options": {"en": ["Option A4783", "Option B4783", "Option C4783", "Option D4783"]}, "answerIndex": 3}, {"id": "RE_4732", "section": "Reasoning", "topic": "Coding", "difficulty": "moderate", "text": {"en": "[Reasoning/Coding] Sample exam-style question #4732: Choose the correct option."}, "options": {"en": ["Option A4732", "Option B4732", "Option C4732", "Option D4732"]}, "answerIndex": 0}, {"id": "MA_4725", "section": "Mathematics", "topic": "CI", "difficulty": "moderate", "text": {"en": "[Mathematics/CI] Sample exam-style question #4725: Choose the correct option."}, "options": {"en": ["Option A4725", "Option B4725", "Option C4725", "Option D4725"]}, "answerIndex": 1}, {"id": "GE_4775", "section": "General Awareness", "topic": "Current Affairs", "difficulty": "moderate", "text": {"en": "[General Awareness/Current Affairs] Sample exam-style question #4775: Choose the correct option."}, "options": {"en": ["Option A4775", "Option B4775", "Option C4775", "Option D4775"]}, "answerIndex": 3}, {"id": "RE_4746", "section": "Reasoning", "topic": "Coding", "difficulty": "moderate", "text": {"en": "[Reasoning/Coding] Sample exam-style question #4746: Choose the correct option."}, "options": {"en": ["Option A4746", "Option B4746", "Option C4746", "Option D4746"]}, "answerIndex": 2}, {"id": "MA_4709", "section": "Mathematics", "topic": "Speed", "difficulty": "moderate", "text": {"en": "[Mathematics/Speed] Sample exam-style question #4709: Choose the correct option."}, "options": {"en": ["Option A4709", "Option B4709", "Option C4709", "Option D4709"]}, "answerIndex": 1}, {"id": "RE_4744", "section": "Reasoning", "topic": "Coding", "difficulty": "moderate", "text": {"en": "[Reasoning/Coding] Sample exam-style question #4744: Choose the correct option."}, "options": {"en": ["Option A4744", "Option B4744", "Option C4744", "Option D4744"]}, "answerIndex": 0}, {"id": "MA_4701", "section": "Mathematics", "topic": "Ratio", "difficulty": "moderate", "text": {"en": "[Mathematics/Ratio] Sample exam-style question #4701: Choose the correct option."}, "options": {"en": ["Option A4701", "Option B4701", "Option C4701", "Option D4701"]}, "answerIndex": 1}, {"id": "RE_4741", "section": "Reasoning", "topic": "Series", "difficulty": "moderate", "text": {"en": "[Reasoning/Series] Sample exam-style question #4741: Choose the correct option."}, "options": {"en": ["Option A4741", "Option B4741", "Option C4741", "Option D4741"]}, "answerIndex": 1}, {"id": "MA_4719", "section": "Mathematics", "topic": "CI", "difficulty": "moderate", "text": {"en": "[Mathematics/CI] Sample exam-style question #4719: Choose the correct option."}, "options": {"en": ["Option A4719", "Option B4719", "Option C4719", "Option D4719"]}, "answerIndex": 3}, {"id": "GE_4772", "section": "General Awareness", "topic": "Current Affairs", "difficulty": "moderate", "text": {"en": "[General Awareness/Current Affairs] Sample exam-style question #4772: Choose the correct option."}, "options": {"en": ["Option A4772", "Option B4772", "Option C4772", "Option D4772"]}, "answerIndex": 0}, {"id": "GE_4773", "section": "General Awareness", "topic": "Science", "difficulty": "moderate", "text": {"en": "[General Awareness/Science] Sample exam-style question #4773: Choose the correct option."}, "options": {"en": ["Option A4773", "Option B4773", "Option C4773", "Option D4773"]}, "answerIndex": 1}, {"id": "GE_4771", "section": "General Awareness", "topic": "Current Affairs", "difficulty": "moderate", "text": {"en": "[General Awareness/Current Affairs] Sample exam-style question #4771: Choose the correct option."}, "options": {"en": ["Option A4771", "Option B4771", "Option C4771", "Option D4771"]}, "answerIndex": 3}, {"id": "GE_4777", "section": "General Awareness", "topic": "Geography", "difficulty": "moderate", "text": {"en": "[General Awareness/Geography] Sample exam-style question #4777: Choose the correct option."}, "options": {"en": ["Option A4777", "Option B4777", "Option C4777", "Option D4777"]}, "answerIndex": 1}, {"id": "GE_4799", "section": "General Awareness", "topic": "History", "difficulty": "moderate", "text": {"en": "[General Awareness/History] Sample exam-style question #4799: Choose the correct option."}, "options": {"en": ["Option A4799", "Option B4799", "Option C4799", "Option D4799"]}, "answerIndex": 3}, {"id": "MA_4729", "section": "Mathematics", "topic": "Speed", "difficulty": "moderate", "text": {"en": "[Mathematics/Speed] Sample exam-style question #4729: Choose the correct option."}, "options": {"en": ["Option A4729", "Option B4729", "Option C4729", "Option D4729"]}, "answerIndex": 1}, {"id": "GE_4797", "section": "General Awareness", "topic": "Polity", "difficulty": "moderate", "text": {"en": "[General Awareness/Polity] Sample exam-style question #4797: Choose the correct option."}, "options": {"en": ["Option A4797", "Option B4797", "Option C4797", "Option D4797"]}, "answerIndex": 1}, {"id": "MA_4730", "section": "Mathematics", "topic": "DI", "difficulty": "moderate", "text": {"en": "[Mathematics/DI] Sample exam-style question #4730: Choose the correct option."}, "options": {"en": ["Option A4730", "Option B4730", "Option C4730", "Option D4730"]}, "answerIndex": 2}, {"id": "RE_4754", "section": "Reasoning", "topic": "Direction", "difficulty": "moderate", "text": {"en": "[Reasoning/Direction] Sample exam-style question #4754: Choose the correct option."}, "options": {"en": ["Option A4754", "Option B4754", "Option C4754", "Option D4754"]}, "answerIndex": 2}, {"id": "MA_4705", "section": "Mathematics", "topic": "SI", "difficulty": "moderate", "text": {"en": "[Mathematics/SI] Sample exam-style question #4705: Choose the correct option."}, "options": {"en": ["Option A4705", "Option B4705", "Option C4705", "Option D4705"]}, "answerIndex": 1}, {"id": "GE_4788", "section": "General Awareness", "topic": "Polity", "difficulty": "moderate", "text": {"en": "[General Awareness/Polity] Sample exam-style question #4788: Choose the correct option."}, "options": {"en": ["Option A4788", "Option B4788", "Option C4788", "Option D4788"]}, "answerIndex": 0}, {"id": "RE_4733", "section": "Reasoning", "topic": "Coding", "difficulty": "moderate", "text": {"en": "[Reasoning/Coding] Sample exam-style question #4733: Choose the correct option."}, "options": {"en": ["Option A4733", "Option B4733", "Option C4733", "Option D4733"]}, "answerIndex": 1}, {"id": "MA_4716", "section": "Mathematics", "topic": "Ratio", "difficulty": "moderate", "text": {"en": "[Mathematics/Ratio] Sample exam-style question #4716: Choose the correct option."}, "options": {"en": ["Option A4716", "Option B4716", "Option C4716", "Option D4716"]}, "answerIndex": 0}, {"id": "MA_4723", "section": "Mathematics", "topic": "Percentage", "difficulty": "moderate", "text": {"en": "[Mathematics/Percentage] Sample exam-style question #4723: Choose the correct option."}, "options": {"en": ["Option A4723", "Option B4723", "Option C4723", "Option D4723"]}, "answerIndex": 3}, {"id": "MA_4703", "section": "Mathematics", "topic": "Speed", "difficulty": "moderate", "text": {"en": "[Mathematics/Speed] Sample exam-style question #4703: Choose the correct option."}, "options": {"en": ["Option A4703", "Option B4703", "Option C4703", "Option D4703"]}, "answerIndex": 3}, {"id": "GE_4796", "section": "General Awareness", "topic": "History", "difficulty": "moderate", "text": {"en": "[General Awareness/History] Sample exam-style question #4796: Choose the correct option."}, "options": {"en": ["Option A4796", "Option B4796", "Option C4796", "Option D4796"]}, "answerIndex": 0}, {"id": "GE_4781", "section": "General Awareness", "topic": "Economy", "difficulty": "moderate", "text": {"en": "[General Awareness/Economy] Sample exam-style question #4781: Choose the correct option."}, "options": {"en": ["Option A4781", "Option B4781", "Option C4781", "Option D4781"]}, "answerIndex": 1}, {"id": "RE_4750", "section": "Reasoning", "topic": "Series", "difficulty": "moderate", "text": {"en": "[Reasoning/Series] Sample exam-style question #4750: Choose the correct option."}, "options": {"en": ["Option A4750", "Option B4750", "Option C4750", "Option D4750"]}, "answerIndex": 2}, {"id": "RE_4748", "section": "Reasoning", "topic": "Series", "difficulty": "moderate", "text": {"en": "[Reasoning/Series] Sample exam-style question #4748: Choose the correct option."}, "options": {"en": ["Option A4748", "Option B4748", "Option C4748", "Option D4748"]}, "answerIndex": 0}, {"id": "GE_4766", "section": "General Awareness", "topic": "History", "difficulty": "moderate", "text": {"en": "[General Awareness/History] Sample exam-style question #4766: Choose the correct option."}, "options": {"en": ["Option A4766", "Option B4766", "Option C4766", "Option D4766"]}, "answerIndex": 2}, {"id": "GE_4776", "section": "General Awareness", "topic": "Geography", "difficulty": "moderate", "text": {"en": "[General Awareness/Geography] Sample exam-style question #4776: Choose the correct option."}, "options": {"en": ["Option A4776", "Option B4776", "Option C4776", "Option D4776"]}, "answerIndex": 0}, {"id": "GE_4778", "section": "General Awareness", "topic": "History", "difficulty": "moderate", "text": {"en": "[General Awareness/History] Sample exam-style question #4778: Choose the correct option."}, "options": {"en": ["Option A4778", "Option B4778", "Option C4778", "Option D4778"]}, "answerIndex": 2}, {"id": "RE_4747", "section": "Reasoning", "topic": "Analogy", "difficulty": "moderate", "text": {"en": "[Reasoning/Analogy] Sample exam-style question #4747: Choose the correct option."}, "options": {"en": ["Option A4747", "Option B4747", "Option C4747", "Option D4747"]}, "answerIndex": 3}, {"id": "MA_4704", "section": "Mathematics", "topic": "Percentage", "difficulty": "moderate", "text": {"en": "[Mathematics/Percentage] Sample exam-style question #4704: Choose the correct option."}, "options": {"en": ["Option A4704", "Option B4704", "Option C4704", "Option D4704"]}, "answerIndex": 0}, {"id": "RE_4734", "section": "Reasoning", "topic": "Direction", "difficulty": "moderate", "text": {"en": "[Reasoning/Direction] Sample exam-style question #4734: Choose the correct option."}, "options": {"en": ["Option A4734", "Option B4734", "Option C4734", "Option D4734"]}, "answerIndex": 2}, {"id": "RE_4731", "section": "Reasoning", "topic": "Analogy", "difficulty": "moderate", "text": {"en": "[Reasoning/Analogy] Sample exam-style question #4731: Choose the correct option."}, "options": {"en": ["Option A4731", "Option B4731", "Option C4731", "Option D4731"]}, "answerIndex": 3}, {"id": "GE_4764", "section": "General Awareness", "topic": "Polity", "difficulty": "moderate", "text": {"en": "[General Awareness/Polity] Sample exam-style question #4764: Choose the correct option."}, "options": {"en": ["Option A4764", "Option B4764", "Option C4764", "Option D4764"]}, "answerIndex": 0}, {"id": "MA_4724", "section": "Mathematics", "topic": "DI", "difficulty": "moderate", "text": {"en": "[Mathematics/DI] Sample exam-style question #4724: Choose the correct option."}, "options": {"en": ["Option A4724", "Option B4724", "Option C4724", "Option D4724"]}, "answerIndex": 0}, {"id": "RE_4749", "section": "Reasoning", "topic": "Puzzle", "difficulty": "moderate", "text": {"en": "[Reasoning/Puzzle] Sample exam-style question #4749: Choose the correct option."}, "options": {"en": ["Option A4749", "Option B4749", "Option C4749", "Option D4749"]}, "answerIndex": 1}, {"id": "MA_4714", "section": "Mathematics", "topic": "Speed", "difficulty": "moderate", "text": {"en": "[Mathematics/Speed] Sample exam-style question #4714: Choose the correct option."}, "options": {"en": ["Option A4714", "Option B4714", "Option C4714", "Option D4714"]}, "answerIndex": 2}, {"id": "RE_4760", "section": "Reasoning", "topic": "Puzzle", "difficulty": "moderate", "text": {"en": "[Reasoning/Puzzle] Sample exam-style question #4760: Choose the correct option."}, "options": {"en": ["Option A4760", "Option B4760", "Option C4760", "Option D4760"]}, "answerIndex": 0}, {"id": "MA_4707", "section": "Mathematics", "topic": "DI", "difficulty": "moderate", "text": {"en": "[Mathematics/DI] Sample exam-style question #4707: Choose the correct option."}, "options": {"en": ["Option A4707", "Option B4707", "Option C4707", "Option D4707"]}, "answerIndex": 3}, {"id": "MA_4713", "section": "Mathematics", "topic": "CI", "difficulty": "moderate", "text": {"en": "[Mathematics/CI] Sample exam-style question #4713: Choose the correct option."}, "options": {"en": ["Option A4713", "Option B4713", "Option C4713", "Option D4713"]}, "answerIndex": 1}, {"id": "GE_4784", "section": "General Awareness", "topic": "Economy", "difficulty": "moderate", "text": {"en": "[General Awareness/Economy] Sample exam-style question #4784: Choose the correct option."}, "options": {"en": ["Option A4784", "Option B4784", "Option C4784", "Option D4784"]}, "answerIndex": 0}, {"id": "RE_4737", "section": "Reasoning", "topic": "Syllogism", "difficulty": "moderate", "text": {"en": "[Reasoning/Syllogism] Sample exam-style question #4737: Choose the correct option."}, "options": {"en": ["Option A4737", "Option B4737", "Option C4737", "Option D4737"]}, "answerIndex": 1}, {"id": "GE_4787", "section": "General Awareness", "topic": "Geography", "difficulty": "moderate", "text": {"en": "[General Awareness/Geography] Sample exam-style question #4787: Choose the correct option."}, "options": {"en": ["Option A4787", "Option B4787", "Option C4787", "Option D4787"]}, "answerIndex": 3}, {"id": "RE_4758", "section": "Reasoning", "topic": "Analogy", "difficulty": "moderate", "text": {"en": "[Reasoning/Analogy] Sample exam-style question #4758: Choose the correct option."}, "options": {"en": ["Option A4758", "Option B4758", "Option C4758", "Option D4758"]}, "answerIndex": 2}, {"id": "MA_4718", "section": "Mathematics", "topic": "CI", "difficulty": "moderate", "text": {"en": "[Mathematics/CI] Sample exam-style question #4718: Choose the correct option."}, "options": {"en": ["Option A4718", "Option B4718", "Option C4718", "Option D4718"]}, "answerIndex": 2}, {"id": "MA_4717", "section": "Mathematics", "topic": "CI", "difficulty": "moderate", "text": {"en": "[Mathematics/CI] Sample exam-style question #4717: Choose the correct option."}, "options": {"en": ["Option A4717", "Option B4717", "Option C4717", "Option D4717"]}, "answerIndex": 1}, {"id": "GE_4795", "section": "General Awareness", "topic": "Economy", "difficulty": "moderate", "text": {"en": "[General Awareness/Economy] Sample exam-style question #4795: Choose the correct option."}, "options": {"en": ["Option A4795", "Option B4795", "Option C4795", "Option D4795"]}, "answerIndex": 3}, {"id": "MA_4702", "section": "Mathematics", "topic": "Ratio", "difficulty": "moderate", "text": {"en": "[Mathematics/Ratio] Sample exam-style question #4702: Choose the correct option."}, "options": {"en": ["Option A4702", "Option B4702", "Option C4702", "Option D4702"]}, "answerIndex": 2}, {"id": "RE_4753", "section": "Reasoning", "topic": "Puzzle", "difficulty": "moderate", "text": {"en": "[Reasoning/Puzzle] Sample exam-style question #4753: Choose the correct option."}, "options": {"en": ["Option A4753", "Option B4753", "Option C4753", "Option D4753"]}, "answerIndex": 1}, {"id": "MA_4712", "section": "Mathematics", "topic": "CI", "difficulty": "moderate", "text": {"en": "[Mathematics/CI] Sample exam-style question #4712: Choose the correct option."}, "options": {"en": ["Option A4712", "Option B4712", "Option C4712", "Option D4712"]}, "answerIndex": 0}, {"id": "MA_4728", "section": "Mathematics", "topic": "Time&Work", "difficulty": "moderate", "text": {"en": "[Mathematics/Time&Work] Sample exam-style question #4728: Choose the correct option."}, "options": {"en": ["Option A4728", "Option B4728", "Option C4728", "Option D4728"]}, "answerIndex": 0}, {"id": "RE_4752", "section": "Reasoning", "topic": "Puzzle", "difficulty": "moderate", "text": {"en": "[Reasoning/Puzzle] Sample exam-style question #4752: Choose the correct option."}, "options": {"en": ["Option A4752", "Option B4752", "Option C4752", "Option D4752"]}, "answerIndex": 0}, {"id": "RE_4759", "section": "Reasoning", "topic": "Coding", "difficulty": "moderate", "text": {"en": "[Reasoning/Coding] Sample exam-style question #4759: Choose the correct option."}, "options": {"en": ["Option A4759", "Option B4759", "Option C4759", "Option D4759"]}, "answerIndex": 3}, {"id": "MA_4711", "section": "Mathematics", "topic": "Percentage", "difficulty": "moderate", "text": {"en": "[Mathematics/Percentage] Sample exam-style question #4711: Choose the correct option."}, "options": {"en": ["Option A4711", "Option B4711", "Option C4711", "Option D4711"]}, "answerIndex": 3}, {"id": "RE_4751", "section": "Reasoning", "topic": "Syllogism", "difficulty": "moderate", "text": {"en": "[Reasoning/Syllogism] Sample exam-style question #4751: Choose the correct option."}, "options": {"en": ["Option A4751", "Option B4751", "Option C4751", "Option D4751"]}, "answerIndex": 3}, {"id": "MA_4726", "section": "Mathematics", "topic": "DI", "difficulty": "moderate", "text": {"en": "[Mathematics/DI] Sample exam-style question #4726: Choose the correct option."}, "options": {"en": ["Option A4726", "Option B4726", "Option C4726", "Option D4726"]}, "answerIndex": 2}, {"id": "RE_4739", "section": "Reasoning", "topic": "Syllogism", "difficulty": "moderate", "text": {"en": "[Reasoning/Syllogism] Sample exam-style question #4739: Choose the correct option."}, "options": {"en": ["Option A4739", "Option B4739", "Option C4739", "Option D4739"]}, "answerIndex": 3}, {"id": "MA_4710", "section": "Mathematics", "topic": "Percentage", "difficulty": "moderate", "text": {"en": "[Mathematics/Percentage] Sample exam-style question #4710: Choose the correct option."}, "options": {"en": ["Option A4710", "Option B4710", "Option C4710", "Option D4710"]}, "answerIndex": 2}, {"id": "GE_4785", "section": "General Awareness", "topic": "History", "difficulty": "moderate", "text": {"en": "[General Awareness/History] Sample exam-style question #4785: Choose the correct option."}, "options": {"en": ["Option A4785", "Option B4785", "Option C4785", "Option D4785"]}, "answerIndex": 1}, {"id": "MA_4708", "section": "Mathematics", "topic": "Percentage", "difficulty": "moderate", "text": {"en": "[Mathematics/Percentage] Sample exam-style question #4708: Choose the correct option."}, "options": {"en": ["Option A4708", "Option B4708", "Option C4708", "Option D4708"]}, "answerIndex": 0}, {"id": "MA_4727", "section": "Mathematics", "topic": "DI", "difficulty": "moderate", "text": {"en": "[Mathematics/DI] Sample exam-style question #4727: Choose the correct option."}, "options": {"en": ["Option A4727", "Option B4727", "Option C4727", "Option D4727"]}, "answerIndex": 3}, {"id": "MA_4721", "section": "Mathematics", "topic": "Time&Work", "difficulty": "moderate", "text": {"en": "[Mathematics/Time&Work] Sample exam-style question #4721: Choose the correct option."}, "options": {"en": ["Option A4721", "Option B4721", "Option C4721", "Option D4721"]}, "answerIndex": 1}, {"id": "RE_4736", "section": "Reasoning", "topic": "Series", "difficulty": "moderate", "text": {"en": "[Reasoning/Series] Sample exam-style question #4736: Choose the correct option."}, "options": {"en": ["Option A4736", "Option B4736", "Option C4736", "Option D4736"]}, "answerIndex": 0}, {"id": "RE_4735", "section": "Reasoning", "topic": "Series", "difficulty": "moderate", "text": {"en": "[Reasoning/Series] Sample exam-style question #4735: Choose the correct option."}, "options": {"en": ["Option A4735", "Option B4735", "Option C4735", "Option D4735"]}, "answerIndex": 3}]}