{"testId": "008", "questions": [{"id": "GE_0790", "section": "General Awareness", "topic": "Science", "difficulty": "moderate", "text": {"en": "[General Awareness/Science] Sample exam-style question #790: Choose the correct option."}, "options": {"en": ["Option A790", "Option B790", "Option C790", "Option D790"]}, "answerIndex": 2}, {"id": "GE_0761", "section": "General Awareness", "topic": "Geography", "difficulty": "moderate", "text": {"en": "[General Awareness/Geography] Sample exam-style question #761: Choose the correct option."}, "options": {"en": ["Option A761", "Option B761", "Option C761", "Option D761"]}, "answerIndex": 1}, {"id": "MA_0726", "section": "Mathematics", "topic": "Speed", "difficulty": "moderate", "text": {"en": "[Mathematics/Speed] Sample exam-style question #726: Choose the correct option."}, "options": {"en": ["Option A726", "Option B726", "Option C726", "Option D726"]}, "answerIndex": 2}, {"id": "GE_0778", "section": "General Awareness", "topic": "Current Affairs", "difficulty": "moderate", "text": {"en": "[General Awareness/Current Affairs] Sample exam-style question #778: Choose the correct option."}, "options": {"en": ["Option A778", "Option B778", "Option C778", "Option D778"]}, "answerIndex": 2}, {"id": "GE_0782", "section": "General Awareness", "topic": "History", "difficulty": "moderate", "text": {"en": "[General Awareness/History] Sample exam-style question #782: Choose the correct option."}, "options": {"en": ["Option A782", "Option B782", "Option C782", "Option D782"]}, "answerIndex": 2}, {"id": "GE_0777", "section": "General Awareness", "topic": "Geography", "difficulty": "moderate", "text": {"en": "[General Awareness/Geography] Sample exam-style question #777: Choose the correct option."}, "options": {"en": ["Option A777", "Option B777", "Option C777", "Option D777"]}, "answerIndex": 1}, {"id": "MA_0717", "section": "Mathematics", "topic": "DI", "difficulty": "moderate", "text": {"en": "[Mathematics/DI] Sample exam-style question #717: Choose the correct option."}, "options": {"en": ["Option A717", "Option B717", "Option C717", "Option D717"]}, "answerIndex": 1}, {"id": "GE_0766", "section": "General Awareness", "topic": "Current Affairs", "difficulty": "moderate", "text": {"en": "[General Awareness/Current Affairs] Sample exam-style question #766: Choose the correct option."}, "options": {"en": ["Option A766", "Option B766", "Option C766", "Option D766"]}, "answerIndex": 2}, {"id": "MA_0712", "section": "Mathematics", "topic": "DI", "difficulty": "moderate", "text": {"en": "[Mathematics/DI] Sample exam-style question #712: Choose the correct option."}, "options": {"en": ["Option A712", "Option B712", "Option C712", "Option D712"]}, "answerIndex": 0}, {"id": "RE_0753", "section": "Reasoning", "topic": "Puzzle", "difficulty": "moderate", "text": {"en": "[Reasoning/Puzzle] Sample exam-style question #753: Choose the correct option."}, "options": {"en": ["Option A753", "Option B753", "Option C753", "Option D753"]}, "answerIndex": 1}, {"id": "GE_0784", "section": "General Awareness", "topic": "History", "difficulty": "moderate", "text": {"en": "[General Awareness/History] Sample exam-style question #784: Choose the correct option."}, "options": {"en": ["Option A784", "Option B784", "Option C784", "Option D784"]}, "answerIndex": 0}, {"id": "MA_0703", "section": "Mathematics", "topic": "DI", "difficulty": "moderate", "text": {"en": "[Mathematics/DI] Sample exam-style question #703: Choose the correct option."}, "options": {"en": ["Option A703", "Option B703", "Option C703", "Option D703"]}, "answerIndex": 3}, {"id": "GE_0768", "section": "General Awareness", "topic": "Science", "difficulty": "moderate", "text": {"en": "[General Awareness/Science] Sample exam-style question #768: Choose the correct option."}, "options": {"en": ["Option A768", "Option B768", "Option C768", "Option D768"]}, "answerIndex": 0}, {"id": "MA_0701", "section": "Mathematics", "topic": "Time&Work", "difficulty": "moderate", "text": {"en": "[Mathematics/Time&Work] Sample exam-style question #701: Choose the correct option."}, "options": {"en": ["Option A701", "Option B701", "Option C701", "Option D701"]}, "answerIndex": 1}, {"id": "MA_0705", "section": "Mathematics", "topic": "CI", "difficulty": "moderate", "text": {"en": "[Mathematics/CI] Sample exam-style question #705: Choose the correct option."}, "options": {"en": ["Option A705", "Option B705", "Option C705", "Option D705"]}, "answerIndex": 1}, {"id": "RE_0740", "section": "Reasoning", "topic": "Analogy", "difficulty": "moderate", "text": {"en": "[Reasoning/Analogy] Sample exam-style question #740: Choose the correct option."}, "options": {"en": ["Option A740", "Option B740", "Option C740", "Option D740"]}, "answerIndex": 0}, {"id": "GE_0771", "section": "General Awareness", "topic": "History", "difficulty": "moderate", "text": {"en": "[General Awareness/History] Sample exam-style question #771: Choose the correct option."}, "options": {"en": ["Option A771", "Option B771", "Option C771", "Option D771"]}, "answerIndex": 3}, {"id": "RE_0738", "section": "Reasoning", "topic": "Analogy", "difficulty": "moderate", "text": {"en": "[Reasoning/Analogy] Sample exam-style question #738: Choose the correct option."}, "options": {"en": ["Option A738", "Option B738", "Option C738", "Option D738"]}, "answerIndex": 2}, {"id": "GE_0793", "section": "General Awareness", "topic": "Polity", "difficulty": "moderate", "text": {"en": "[General Awareness/Polity] Sample exam-style question #793: Choose the correct option."}, "options": {"en": ["Option A793", "Option B793", "Option C793", "Option D793"]}, "answerIndex": 1}, {"id": "MA_0718", "section": "Mathematics", "topic": "DI", "difficulty": "moderate", "text": {"en": "[Mathematics/DI] Sample exam-style question #718: Choose the correct option."}, "options": {"en": ["Option A718", "Option B718", "Option C718", "Option D718"]}, "answerIndex": 2}, {"id": "RE_0731", "section": "Reasoning", "topic": "Syllogism", "difficulty": "moderate", "text": {"en": "[Reasoning/Syllogism] Sample exam-style question #731: Choose the correct option."}, "options": {"en": ["Option A731", "Option B731", "Option C731", "Option D731"]}, "answerIndex": 3}, {"id": "RE_0741", "section": "Reasoning", "topic": "Coding", "difficulty": "moderate", "text": {"en": "[Reasoning/Coding] Sample exam-style question #741: Choose the correct option."}, "options": {"en": ["Option A741", "Option B741", "Option C741", "Option D741"]}, "answerIndex": 1}, {"id": "RE_0759", "section": "Reasoning", "topic": "Series", "difficulty": "moderate", "text": {"en": "[Reasoning/Series] Sample exam-style question #759: Choose the correct option."}, "options": {"en": ["Option A759", "Option B759", "Option C759", "Option D759"]}, "answerIndex": 3}, {"id": "RE_0751", "section": "Reasoning", "topic": "Direction", "difficulty": "moderate", "text": {"en": "[Reasoning/Direction] Sample exam-style question #751: Choose the correct option."}, "options": {"en": ["Option A751", "Option B751", "Option C751", "Option D751"]}, "answerIndex": 3}, {"id": "RE_0756", "section": "Reasoning", "topic": "Puzzle", "difficulty": "moderate", "text": {"en": "[Reasoning/Puzzle] Sample exam-style question #756: Choose the correct option."}, "options": {"en": ["Option A756", "Option B756", "Option C756", "Option D756"]}, "answerIndex": 0}, {"id": "MA_0725", "section": "Mathematics", "topic": "Percentage", "difficulty": "moderate", "text": {"en": "[Mathematics/Percentage] Sample exam-style question #725: Choose the correct option."}, "options": {"en": ["Option A725", "Option B725", "Option C725", "Option D725"]}, "answerIndex": 1}, {"id": "GE_0788", "section": "General Awareness", "topic": "Economy", "difficulty": "moderate", "text": {"en": "[General Awareness/Economy] Sample exam-style question #788: Choose the correct option."}, "options": {"en": ["Option A788", "Option B788", "Option C788", "Option D788"]}, "answerIndex": 0}, {"id": "GE_0797", "section": "General Awareness", "topic": "Economy", "difficulty": "moderate", "text": {"en": "[General Awareness/Economy] Sample exam-style question #797: Choose the correct option."}, "options": {"en": ["Option A797", "Option B797", "Option C797", "Option D797"]}, "answerIndex": 1}, {"id": "GE_0762", "section": "General Awareness", "topic": "Economy", "difficulty": "moderate", "text": {"en": "[General Awareness/Economy] Sample exam-style question #762: Choose the correct option."}, "options": {"en": ["Option A762", "Option B762", "Option C762", "Option D762"]}, "answerIndex": 2}, {"id": "RE_0736", "section": "Reasoning", "topic": "Coding", "difficulty": "moderate", "text": {"en": "[Reasoning/Coding] Sample exam-style question #736: Choose the correct option."}, "options": {"en": ["Option A736", "Option B736", "Option C736", "Option D736"]}, "answerIndex": 0}, {"id": "MA_0708", "section": "Mathematics", "topic": "DI", "difficulty": "moderate", "text": {"en": "[Mathematics/DI] Sample exam-style question #708: Choose the correct option."}, "options": {"en": ["Option A708", "Option B708", "Option C708", "Option D708"]}, "answerIndex": 0}, {"id": "RE_0739", "section": "Reasoning", "topic": "Coding", "difficulty": "moderate", "text": {"en": "[Reasoning/Coding] Sample exam-style question #739: Choose the correct option."}, "options": {"en": ["Option A739", "Option B739", "Option C739", "Option D739"]}, "answerIndex": 3}, {"id": "GE_0799", "section": "General Awareness", "topic": "Polity", "difficulty": "moderate", "text": {"en": "[General Awareness/Polity] Sample exam-style question #799: Choose the correct option."}, "options": {"en": ["Option A799", "Option B799", "Option C799", "Option D799"]}, "answerIndex": 3}, {"id": "MA_0710", "section": "Mathematics", "topic": "CI", "difficulty": "moderate", "text": {"en": "[Mathematics/CI] Sample exam-style question #710: Choose the correct option."}, "options": {"en": ["Option A710", "Option B710", "Option C710", "Option D710"]}, "answerIndex": 2}, {"id": "GE_0765", "section": "General Awareness", "topic": "Current Affairs", "difficulty": "moderate", "text": {"en": "[General Awareness/Current Affairs] Sample exam-style question #765: Choose the correct option."}, "options": {"en": ["Option A765", "Option B765", "Option C765", "Option D765"]}, "answerIndex": 1}, {"id": "MA_0716", "section": "Mathematics", "topic": "SI", "difficulty": "moderate", "text": {"en": "[Mathematics/SI] Sample exam-style question #716: Choose the correct option."}, "options": {"en": ["Option A716", "Option B716", "Option C716", "Option D716"]}, "answerIndex": 0}, {"id": "RE_0733", "section": "Reasoning", "topic": "Series", "difficulty": "moderate", "text": {"en": "[Reasoning/Series] Sample exam-style question #733: Choose the correct option."}, "options": {"en": ["Option A733", "Option B733", "Option C733", "Option D733"]}, "answerIndex": 1}, {"id": "RE_0735", "section": "Reasoning", "topic": "Coding", "difficulty": "moderate", "text": {"en": "[Reasoning/Coding] Sample exam-style question #735: Choose the correct option."}, "options": {"en": ["Option A735", "Option B735", "Option C735", "Option D735"]}, "answerIndex": 3}, {"id": "MA_0704", "section": "Mathematics", "topic": "Time&Work", "difficulty": "moderate", "text": {"en": "[Mathematics/Time&Work] Sample exam-style question #704: Choose the correct option."}, "options": {"en": ["Option A704", "Option B704", "Option C704", "Option D704"]}, "answerIndex": 0}, {"id": "GE_0783", "section": "General Awareness", "topic": "Economy", "difficulty": "moderate", "text": {"en": "[General Awareness/Economy] Sample exam-style question #783: Choose the correct option."}, "options": {"en": ["Option A783", "Option B783", "Option C783", "Option D783"]}, "answerIndex": 3}, {"id": "RE_0746", "section": "Reasoning", "topic": "Puzzle", "difficulty": "moderate", "text": {"en": "[Reasoning/Puzzle] Sample exam-style question #746: Choose the correct option."}, "options": {"en": ["Option A746", "Option B746", "Option C746", "Option D746"]}, "answerIndex": 2}, {"id": "MA_0723", "section": "Mathematics", "topic": "SI", "difficulty": "moderate", "text": {"en": "[Mathematics/SI] Sample exam-style question #723: Choose the correct option."}, "options": {"en": ["Option A723", "Option B723", "Option C723", "Option D723"]}, "answerIndex": 3}, {"id": "GE_0772", "section": "General Awareness", "topic": "Geography", "difficulty": "moderate", "text": {"en": "[General Awareness/Geography] Sample exam-style question #772: Choose the correct option."}, "options": {"en": ["Option A772", "Option B772", "Option C772", "Option D772"]}, "answerIndex": 0}, {"id": "RE_0752", "section": "Reasoning", "topic": "Direction", "difficulty": "moderate", "text": {"en": "[Reasoning/Direction] Sample exam-style question #752: Choose the correct option."}, "options": {"en": ["Option A752", "Option B752", "Option C752", "Option D752"]}, "answerIndex": 0}, {"id": "RE_0743", "section": "Reasoning", "topic": "Direction", "difficulty": "moderate", "text": {"en": "[Reasoning/Direction] Sample exam-style question #743: Choose the correct option."}, "options": {"en": ["Option A743", "Option B743", "Option C743", "Option D743"]}, "answerIndex": 3}, {"id": "MA_0727", "section": "Mathematics", "topic": "SI", "difficulty": "moderate", "text": {"en": "[Mathematics/SI] Sample exam-style question #727: Choose the correct option."}, "options": {"en": ["Option A727", "Option B727", "Option C727", "Option D727"]}, "answerIndex": 3}, {"id": "GE_0798", "section": "General Awareness", "topic": "History", "difficulty": "moderate", "text": {"en": "[General Awareness/History] Sample exam-style question #798: Choose the correct option."}, "options": {"en": ["Option A798", "Option B798", "Option C798", "Option D798"]}, "answerIndex": 2}, {"id": "MA_0721", "section": "Mathematics", "topic": "Speed", "difficulty": "moderate", "text": {"en": "[Mathematics/Speed] Sample exam-style question #721: Choose the correct option."}, "options": {"en": ["Option A721", "Option B721", "Option C721", "Option D721"]}, "answerIndex": 1}, {"id": "RE_0737", "section": "Reasoning", "topic": "Direction", "difficulty": "moderate", "text": {"en": "[Reasoning/Direction] Sample exam-style question #737: Choose the correct option."}, "options": {"en": ["Option A737", "Option B737", "Option C737", "Option D737"]}, "answerIndex": 1}, {"id": "RE_0755", "section": "Reasoning", "topic": "Series", "difficulty": "moderate", "text": {"en": "[Reasoning/Series] Sample exam-style question #755: Choose the correct option."}, "options": {"en": ["Option A755", "Option B755", "Option C755", "Option D755"]}, "answerIndex": 3}, {"id": "GE_0764", "section": "General Awareness", "topic": "Science", "difficulty": "moderate", "text": {"en": "[General Awareness/Science] Sample exam-style question #764: Choose the correct option."}, "options": {"en": ["Option A764", "Option B764", "Option C764", "Option D764"]}, "answerIndex": 0}, {"id": "MA_0724", "section": "Mathematics", "topic": "CI", "difficulty": "moderate", "text": {"en": "[Mathematics/CI] Sample exam-style question #724: Choose the correct option."}, "options": {"en": ["Option A724", "Option B724", "Option C724", "Option D724"]}, "answerIndex": 0}, {"id": "RE_0758", "section": "Reasoning", "topic": "Direction", "difficulty": "moderate", "text": {"en": "[Reasoning/Direction] Sample exam-style question #758: Choose the correct option."}, "options": {"en": ["Option A758", "Option B758", "Option C758", "Option D758"]}, "answerIndex": 2}, {"id": "MA_0709", "section": "Mathematics", "topic": "CI", "difficulty": "moderate", "text": {"en": "[Mathematics/CI] Sample exam-style question #709: Choose the correct option."}, "options": {"en": ["Option A709", "Option B709", "Option C709", "Option D709"]}, "answerIndex": 1}, {"id": "RE_0750", "section": "Reasoning", "topic": "Coding", "difficulty": "moderate", "text": {"en": "[Reasoning/Coding] Sample exam-style question #750: Choose the correct option."}, "options": {"en": ["Option A750", "Option B750", "Option C750", "Option D750"]}, "answerIndex": 2}, {"id": "MA_0722", "section": "Mathematics", "topic": "Ratio", "difficulty": "moderate", "text": {"en": "[Mathematics/Ratio] Sample exam-style question #722: Choose the correct option."}, "options": {"en": ["Option A722", "Option B722", "Option C722", "Option D722"]}, "answerIndex": 2}, {"id": "MA_0720", "section": "Mathematics", "topic": "CI", "difficulty": "moderate", "text": {"en": "[Mathematics/CI] Sample exam-style question #720: Choose the correct option."}, "options": {"en": ["Option A720", "Option B720", "Option C720", "Option D720"]}, "answerIndex": 0}, {"id": "GE_0780", "section": "General Awareness", "topic": "Economy", "difficulty": "moderate", "text": {"en": "[General Awareness/Economy] Sample exam-style question #780: Choose the correct option."}, "options": {"en": ["Option A780", "Option B780", "Option C780", "Option D780"]}, "answerIndex": 0}, {"id": "RE_0747", "section": "Reasoning", "topic": "Direction", "difficulty": "moderate", "text": {"en": "[Reasoning/Direction] Sample exam-style question #747: Choose the correct option."}, "options": {"en": ["Option A747", "Option B747", "Option C747", "Option D747"]}, "answerIndex": 3}, {"id": "GE_0800", "section": "General Awareness", "topic": "Geography", "difficulty": "moderate", "text": {"en": "[General Awareness/Geography] Sample exam-style question #800: Choose the correct option."}, "options": {"en": ["Option A800", "Option B800", "Option C800", "Option D800"]}, "answerIndex": 0}, {"id": "GE_0794", "section": "General Awareness", "topic": "Current Affairs", "difficulty": "moderate", "text": {"en": "[General Awareness/Current Affairs] Sample exam-style question #794: Choose the correct option."}, "options": {"en": ["Option A794", "Option B794", "Option C794", "Option D794"]}, "answerIndex": 2}, {"id": "RE_0754", "section": "Reasoning", "topic": "Analogy", "difficulty": "moderate", "text": {"en": "[Reasoning/Analogy] Sample exam-style question #754: Choose the correct option."}, "options": {"en": ["Option A754", "Option B754", "Option C754", "Option D754"]}, "answerIndex": 2}, {"id": "RE_0760", "section": "Reasoning", "topic": "Syllogism", "difficulty": "moderate", "text": {"en": "[Reasoning/Syllogism] Sample exam-style question #760: Choose the correct option."}, "options": {"en": ["Option A760", "Option B760", "Option C760", "Option D760"]}, "answerIndex": 0}, {"id": "GE_0773", "section": "General Awareness", "topic": "Economy", "difficulty": "moderate", "text": {"en": "[General Awareness/Economy] Sample exam-style question #773: Choose the correct option."}, "options": {"en": ["Option A773", "Option B773", "Option C773", "Option D773"]}, "answerIndex": 1}, {"id": "RE_0732", "section": "Reasoning", "topic": "Puzzle", "difficulty": "moderate", "text": {"en": "[Reasoning/Puzzle] Sample exam-style question #732: Choose the correct option."}, "options": {"en": ["Option A732", "Option B732", "Option C732", "Option D732"]}, "answerIndex": 0}, {"id": "RE_0748", "section": "Reasoning", "topic": "Direction", "difficulty": "moderate", "text": {"en": "[Reasoning/Direction] Sample exam-style question #748: Choose the correct option."}, "options": {"en": ["Option A748", "Option B748", "Option C748", "Option D748"]}, "answerIndex": 0}, {"id": "GE_0781", "section": "General Awareness", "topic": "Current Affairs", "difficulty": "moderate", "text": {"en": "[General Awareness/Current Affairs] Sample exam-style question #781: Choose the correct option."}, "options": {"en": ["Option A781", "Option B781", "Option C781", "Option D781"]}, "answerIndex": 1}, {"id": "GE_0775", "section": "General Awareness", "topic": "Polity", "difficulty": "moderate", "text": {"en": "[General Awareness/Polity] Sample exam-style question #775: Choose the correct option."}, "options": {"en": ["Option A775", "Option B775", "Option C775", "Option D775"]}, "answerIndex": 3}, {"id": "MA_0713", "section": "Mathematics", "topic": "Ratio", "difficulty": "moderate", "text": {"en": "[Mathematics/Ratio] Sample exam-style question #713: Choose the correct option."}, "options": {"en": ["Option A713", "Option B713", "Option C713", "Option D713"]}, "answerIndex": 1}, {"id": "GE_0774", "section": "General Awareness", "topic": "Economy", "difficulty": "moderate", "text": {"en": "[General Awareness/Economy] Sample exam-style question #774: Choose the correct option."}, "options": {"en": ["Option A774", "Option B774", "Option C774", "Option D774"]}, "answerIndex": 2}, {"id": "GE_0786", "section": "General Awareness", "topic": "Science", "difficulty": "moderate", "text": {"en": "[General Awareness/Science] Sample exam-style question #786: Choose the correct option."}, "options": {"en": ["Option A786", "Option B786", "Option C786", "Option D786"]}, "answerIndex": 2}, {"id": "RE_0749", "section": "Reasoning", "topic": "Series", "difficulty": "moderate", "text": {"en": "[Reasoning/Series] Sample exam-style question #749: Choose the correct option."}, "options": {"en": ["Option A749", "Option B749", "Option C749", "Option D749"]}, "answerIndex": 1}, {"id": "MA_0730", "section": "Mathematics", "topic": "SI", "difficulty": "moderate", "text": {"en": "[Mathematics/SI] Sample exam-style question #730: Choose the correct option."}, "options": {"en": ["Option A730", "Option B730", "Option C730", "Option D730"]}, "answerIndex": 2}, {"id": "GE_0795", "section": "General Awareness", "topic": "Economy", "difficulty": "moderate", "text": {"en": "[General Awareness/Economy] Sample exam-style question #795: Choose the correct option."}, "options": {"en": ["Option A795", "Option B795", "Option C795", "Option D795"]}, "answerIndex": 3}, {"id": "GE_0779", "section": "General Awareness", "topic": "Current Affairs", "difficulty": "moderate", "text": {"en": "[General Awareness/Current Affairs] Sample exam-style question #779: Choose the correct option."}, "options": {"en": ["Option A779", "Option B779", "Option C779", "Option D779"]}, "answerIndex": 3}, {"id": "MA_0728", "section": "Mathematics", "topic": "Ratio", "difficulty": "moderate", "text": {"en": "[Mathematics/Ratio] Sample exam-style question #728: Choose the correct option."}, "options": {"en": ["Option A728", "Option B728", "Option C728", "Option D728"]}, "answerIndex": 0}, {"id": "MA_0706", "section": "Mathematics", "topic": "Ratio", "difficulty": "moderate", "text": {"en": "[Mathematics/Ratio] Sample exam-style question #706: Choose the correct option."}, "options": {"en": ["Option A706", "Option B706", "Option C706", "Option D706"]}, "answerIndex": 2}, {"id": "GE_0769", "section": "General Awareness", "topic": "History", "difficulty": "moderate", "text": {"en": "[General Awareness/History] Sample exam-style question #769: Choose the correct option."}, "options": {"en": ["Option A769", "Option B769", "Option C769", "Option D769"]}, "answerIndex": 1}, {"id": "GE_0796", "section": "General Awareness", "topic": "History", "difficulty": "moderate", "text": {"en": "[General Awareness/History] Sample exam-style question #796: Choose the correct option."}, "options": {"en": ["Option A796", "Option B796", "Option C796", "Option D796"]}, "answerIndex": 0}, {"id": "GE_0763", "section": "General Awareness", "topic": "Economy", "difficulty": "moderate", "text": {"en": "[General Awareness/Economy] Sample exam-style question #763: Choose the correct option."}, "options": {"en": ["Option A763", "Option B763", "Option C763", "Option D763"]}, "answerIndex": 3}, {"id": "MA_0729", "section": "Mathematics", "topic": "SI", "difficulty": "moderate", "text": {"en": "[Mathematics/SI] Sample exam-style question #729: Choose the correct option."}, "options": {"en": ["Option A729", "Option B729", "Option C729", "Option D729"]}, "answerIndex": 1}, {"id": "RE_0734", "section": "Reasoning", "topic": "Coding", "difficulty": "moderate", "text": {"en": "[Reasoning/Coding] Sample exam-style question #734: Choose the correct option."}, "options": {"en": ["Option A734", "Option B734", "Option C734", "Option D734"]}, "answerIndex": 2}, {"id": "RE_0742", "section": "Reasoning", "topic": "Series", "difficulty": "moderate", "text": {"en": "[Reasoning/Series] Sample exam-style question #742: Choose the correct option."}, "options": {"en": ["Option A742", "Option B742", "Option C742", "Option D742"]}, "answerIndex": 2}, {"id": "GE_0770", "section": "General Awareness", "topic": "Economy", "difficulty": "moderate", "text": {"en": "[General Awareness/Economy] Sample exam-style question #770: Choose the correct option."}, "options": {"en": ["Option A770", "Option B770", "Option C770", "Option D770"]}, "answerIndex": 2}, {"id": "MA_0702", "section": "Mathematics", "topic": "CI", "difficulty": "moderate", "text": {"en": "[Mathematics/CI] Sample exam-style question #702: Choose the correct option."}, "options": {"en": ["Option A702", "Option B702", "Option C702", "Option D702"]}, "answerIndex": 2}, {"id": "RE_0745", "section": "Reasoning", "topic": "Syllogism", "difficulty": "moderate", "text": {"en": "[Reasoning/Syllogism] Sample exam-style question #745: Choose the correct option."}, "options": {"en": ["Option A745", "Option B745", "Option C745", "Option D745"]}, "answerIndex": 1}, {"id": "GE_0789", "section": "General Awareness", "topic": "Science", "difficulty": "moderate", "text": {"en": "[General Awareness/Science] Sample exam-style question #789: Choose the correct option."}, "options": {"en": ["Option A789", "Option B789", "Option C789", "Option D789"]}, "answerIndex": 1}, {"id": "MA_0715", "section": "Mathematics", "topic": "Speed", "difficulty": "moderate", "text": {"en": "[Mathematics/Speed] Sample exam-style question #715: Choose the correct option."}, "options": {"en": ["Option A715", "Option B715", "Option C715", "Option D715"]}, "answerIndex": 3}, {"id": "GE_0776", "section": "General Awareness", "topic": "Economy", "difficulty": "moderate", "text": {"en": "[General Awareness/Economy] Sample exam-style question #776: Choose the correct option."}, "options": {"en": ["Option A776", "Option B776", "Option C776", "Option D776"]}, "answerIndex": 0}, {"id": "GE_0787", "section": "General Awareness", "topic": "Polity", "difficulty": "moderate", "text": {"en": "[General Awareness/Polity] Sample exam-style question #787: Choose the correct option."}, "options": {"en": ["Option A787", "Option B787", "Option C787", "Option D787"]}, "answerIndex": 3}, {"id": "MA_0719", "section": "Mathematics", "topic": "Time&Work", "difficulty": "moderate", "text": {"en": "[Mathematics/Time&Work] Sample exam-style question #719: Choose the correct option."}, "options": {"en": ["Option A719", "Option B719", "Option C719", "Option D719"]}, "answerIndex": 3}, {"id": "GE_0792", "section": "General Awareness", "topic": "Polity", "difficulty": "moderate", "text": {"en": "[General Awareness/Polity] Sample exam-style question #792: Choose the correct option."}, "options": {"en": ["Option A792", "Option B792", "Option C792", "Option D792"]}, "answerIndex": 0}, {"id": "GE_0785", "section": "General Awareness", "topic": "Science", "difficulty": "moderate", "text": {"en": "[General Awareness/Science] Sample exam-style question #785: Choose the correct option."}, "options": {"en": ["Option A785", "Option B785", "Option C785", "Option D785"]}, "answerIndex": 1}, {"id": "MA_0707", "section": "Mathematics", "topic": "Speed", "difficulty": "moderate", "text": {"en": "[Mathematics/Speed] Sample exam-style question #707: Choose the correct option."}, "options": {"en": ["Option A707", "Option B707", "Option C707", "Option D707"]}, "answerIndex": 3}, {"id": "MA_0714", "section": "Mathematics", "topic": "DI", "difficulty": "moderate", "text": {"en": "[Mathematics/DI] Sample exam-style question #714: Choose the correct option."}, "options": {"en": ["Option A714", "Option B714", "Option C714", "Option D714"]}, "answerIndex": 2}, {"id": "GE_0791", "section": "General Awareness", "topic": "Current Affairs", "difficulty": "moderate", "text": {"en": "[General Awareness/Current Affairs] Sample exam-style question #791: Choose the correct option."}, "options": {"en": ["Option A791", "Option B791", "Option C791", "Option D791"]}, "answerIndex": 3}, {"id": "MA_0711", "section": "Mathematics", "topic": "SI", "difficulty": "moderate", "text": {"en": "[Mathematics/SI] Sample exam-style question #711: Choose the correct option."}, "options": {"en": ["Option A711", "Option B711", "Option C711", "Option D711"]}, "answerIndex": 3}, {"id": "RE_0744", "section": "Reasoning", "topic": "Direction", "difficulty": "moderate", "text": {"en": "[Reasoning/Direction] Sample exam-style question #744: Choose the correct option."}, "options": {"en": ["Option A744", "Option B744", "Option C744", "Option D744"]}, "answerIndex": 0}, {"id": "RE_0757", "section": "Reasoning", "topic": "Direction", "difficulty": "moderate", "text": {"en": "[Reasoning/Direction] Sample exam-style question #757: Choose the correct option."}, "options": {"en": ["Option A757", "Option B757", "Option C757", "Option D757"]}, "answerIndex": 1}, {"id": "GE_0767", "section": "General Awareness", "topic": "Science", "difficulty": "moderate", "text": {"en": "[General Awareness/Science] Sample exam-style question #767: Choose the correct option."}, "options": {"en": ["Option A767", "Option B767", "Option C767", "Option D767"]}, "answerIndex": 3}]}