{"testId": "017", "questions": [{"id": "GE_1694", "section": "General Awareness", "topic": "Polity", "difficulty": "moderate", "text": {"en": "[General Awareness/Polity] Sample exam-style question #1694: Choose the correct option."}, "options": {"en": ["Option A1694", "Option B1694", "Option C1694", "Option D1694"]}, "answerIndex": 2}, {"id": "RE_1651", "section": "Reasoning", "topic": "Direction", "difficulty": "moderate", "text": {"en": "[Reasoning/Direction] Sample exam-style question #1651: Choose the correct option."}, "options": {"en": ["Option A1651", "Option B1651", "Option C1651", "Option D1651"]}, "answerIndex": 3}, {"id": "RE_1643", "section": "Reasoning", "topic": "Analogy", "difficulty": "moderate", "text": {"en": "[Reasoning/Analogy] Sample exam-style question #1643: Choose the correct option."}, "options": {"en": ["Option A1643", "Option B1643", "Option C1643", "Option D1643"]}, "answerIndex": 3}, {"id": "GE_1683", "section": "General Awareness", "topic": "Science", "difficulty": "moderate", "text": {"en": "[General Awareness/Science] Sample exam-style question #1683: Choose the correct option."}, "options": {"en": ["Option A1683", "Option B1683", "Option C1683", "Option D1683"]}, "answerIndex": 3}, {"id": "GE_1693", "section": "General Awareness", "topic": "Economy", "difficulty": "moderate", "text": {"en": "[General Awareness/Economy] Sample exam-style question #1693: Choose the correct option."}, "options": {"en": ["Option A1693", "Option B1693", "Option C1693", "Option D1693"]}, "answerIndex": 1}, {"id": "MA_1615", "section": "Mathematics", "topic": "Percentage", "difficulty": "moderate", "text": {"en": "[Mathematics/Percentage] Sample exam-style question #1615: Choose the correct option."}, "options": {"en": ["Option A1615", "Option B1615", "Option C1615", "Option D1615"]}, "answerIndex": 3}, {"id": "MA_1601", "section": "Mathematics", "topic": "DI", "difficulty": "moderate", "text": {"en": "[Mathematics/DI] Sample exam-style question #1601: Choose the correct option."}, "options": {"en": ["Option A1601", "Option B1601", "Option C1601", "Option D1601"]}, "answerIndex": 1}, {"id": "MA_1624", "section": "Mathematics", "topic": "Percentage", "difficulty": "moderate", "text": {"en": "[Mathematics/Percentage] Sample exam-style question #1624: Choose the correct option."}, "options": {"en": ["Option A1624", "Option B1624", "Option C1624", "Option D1624"]}, "answerIndex": 0}, {"id": "MA_1609", "section": "Mathematics", "topic": "Ratio", "difficulty": "moderate", "text": {"en": "[Mathematics/Ratio] Sample exam-style question #1609: Choose the correct option."}, "options": {"en": ["Option A1609", "Option B1609", "Option C1609", "Option D1609"]}, "answerIndex": 1}, {"id": "RE_1631", "section": "Reasoning", "topic": "Coding", "difficulty": "moderate", "text": {"en": "[Reasoning/Coding] Sample exam-style question #1631: Choose the correct option."}, "options": {"en": ["Option A1631", "Option B1631", "Option C1631", "Option D1631"]}, "answerIndex": 3}, {"id": "MA_1628", "section": "Mathematics", "topic": "Ratio", "difficulty": "moderate", "text": {"en": "[Mathematics/Ratio] Sample exam-style question #1628: Choose the correct option."}, "options": {"en": ["Option A1628", "Option B1628", "Option C1628", "Option D1628"]}, "answerIndex": 0}, {"id": "GE_1661", "section": "General Awareness", "topic": "Current Affairs", "difficulty": "moderate", "text": {"en": "[General Awareness/Current Affairs] Sample exam-style question #1661: Choose the correct option."}, "options": {"en": ["Option A1661", "Option B1661", "Option C1661", "Option D1661"]}, "answerIndex": 1}, {"id": "MA_1623", "section": "Mathematics", "topic": "Ratio", "difficulty": "moderate", "text": {"en": "[Mathematics/Ratio] Sample exam-style question #1623: Choose the correct option."}, "options": {"en": ["Option A1623", "Option B1623", "Option C1623", "Option D1623"]}, "answerIndex": 3}, {"id": "RE_1652", "section": "Reasoning", "topic": "Puzzle", "difficulty": "moderate", "text": {"en": "[Reasoning/Puzzle] Sample exam-style question #1652: Choose the correct option."}, "options": {"en": ["Option A1652", "Option B1652", "Option C1652", "Option D1652"]}, "answerIndex": 0}, {"id": "RE_1645", "section": "Reasoning", "topic": "Direction", "difficulty": "moderate", "text": {"en": "[Reasoning/Direction] Sample exam-style question #1645: Choose the correct option."}, "options": {"en": ["Option A1645", "Option B1645", "Option C1645", "Option D1645"]}, "answerIndex": 1}, {"id": "MA_1611", "section": "Mathematics", "topic": "DI", "difficulty": "moderate", "text": {"en": "[Mathematics/DI] Sample exam-style question #1611: Choose the correct option."}, "options": {"en": ["Option A1611", "Option B1611", "Option C1611", "Option D1611"]}, "answerIndex": 3}, {"id": "MA_1612", "section": "Mathematics", "topic": "Ratio", "difficulty": "moderate", "text": {"en": "[Mathematics/Ratio] Sample exam-style question #1612: Choose the correct option."}, "options": {"en": ["Option A1612", "Option B1612", "Option C1612", "Option D1612"]}, "answerIndex": 0}, {"id": "MA_1630", "section": "Mathematics", "topic": "SI", "difficulty": "moderate", "text": {"en": "[Mathematics/SI] Sample exam-style question #1630: Choose the correct option."}, "options": {"en": ["Option A1630", "Option B1630", "Option C1630", "Option D1630"]}, "answerIndex": 2}, {"id": "RE_1649", "section": "Reasoning", "topic": "Puzzle", "difficulty": "moderate", "text": {"en": "[Reasoning/Puzzle] Sample exam-style question #1649: Choose the correct option."}, "options": {"en": ["Option A1649", "Option B1649", "Option C1649", "Option D1649"]}, "answerIndex": 1}, {"id": "RE_1648", "section": "Reasoning", "topic": "Puzzle", "difficulty": "moderate", "text": {"en": "[Reasoning/Puzzle] Sample exam-style question #1648: Choose the correct option."}, "options": {"en": ["Option A1648", "Option B1648", "Option C1648", "Option D1648"]}, "answerIndex": 0}, {"id": "GE_1698", "section": "General Awareness", "topic": "Current Affairs", "difficulty": "moderate", "text": {"en": "[General Awareness/Current Affairs] Sample exam-style question #1698: Choose the correct option."}, "options": {"en": ["Option A1698", "Option B1698", "Option C1698", "Option D1698"]}, "answerIndex": 2}, {"id": "GE_1689", "section": "General Awareness", "topic": "Geography", "difficulty": "moderate", "text": {"en": "[General Awareness/Geography] Sample exam-style question #1689: Choose the correct option."}, "options": {"en": ["Option A1689", "Option B1689", "Option C1689", "Option D1689"]}, "answerIndex": 1}, {"id": "MA_1627", "section": "Mathematics", "topic": "Percentage", "difficulty": "moderate", "text": {"en": "[Mathematics/Percentage] Sample exam-style question #1627: Choose the correct option."}, "options": {"en": ["Option A1627", "Option B1627", "Option C1627", "Option D1627"]}, "answerIndex": 3}, {"id": "MA_1606", "section": "Mathematics", "topic": "Ratio", "difficulty": "moderate", "text": {"en": "[Mathematics/Ratio] Sample exam-style question #1606: Choose the correct option."}, "options": {"en": ["Option A1606", "Option B1606", "Option C1606", "Option D1606"]}, "answerIndex": 2}, {"id": "MA_1629", "section": "Mathematics", "topic": "Percentage", "difficulty": "moderate", "text": {"en": "[Mathematics/Percentage] Sample exam-style question #1629: Choose the correct option."}, "options": {"en": ["Option A1629", "Option B1629", "Option C1629", "Option D1629"]}, "answerIndex": 1}, {"id": "MA_1622", "section": "Mathematics", "topic": "DI", "difficulty": "moderate", "text": {"en": "[Mathematics/DI] Sample exam-style question #1622: Choose the correct option."}, "options": {"en": ["Option A1622", "Option B1622", "Option C1622", "Option D1622"]}, "answerIndex": 2}, {"id": "MA_1617", "section": "Mathematics", "topic": "DI", "difficulty": "moderate", "text": {"en": "[Mathematics/DI] Sample exam-style question #1617: Choose the correct option."}, "options": {"en": ["Option A1617", "Option B1617", "Option C1617", "Option D1617"]}, "answerIndex": 1}, {"id": "RE_1659", "section": "Reasoning", "topic": "Syllogism", "difficulty": "moderate", "text": {"en": "[Reasoning/Syllogism] Sample exam-style question #1659: Choose the correct option."}, "options": {"en": ["Option A1659", "Option B1659", "Option C1659", "Option D1659"]}, "answerIndex": 3}, {"id": "GE_1667", "section": "General Awareness", "topic": "Current Affairs", "difficulty": "moderate", "text": {"en": "[General Awareness/Current Affairs] Sample exam-style question #1667: Choose the correct option."}, "options": {"en": ["Option A1667", "Option B1667", "Option C1667", "Option D1667"]}, "answerIndex": 3}, {"id": "RE_1653", "section": "Reasoning", "topic": "Coding", "difficulty": "moderate", "text": {"en": "[Reasoning/Coding] Sample exam-style question #1653: Choose the correct option."}, "options": {"en": ["Option A1653", "Option B1653", "Option C1653", "Option D1653"]}, "answerIndex": 1}, {"id": "GE_1671", "section": "General Awareness", "topic": "Economy", "difficulty": "moderate", "text": {"en": "[General Awareness/Economy] Sample exam-style question #1671: Choose the correct option."}, "options": {"en": ["Option A1671", "Option B1671", "Option C1671", "Option D1671"]}, "answerIndex": 3}, {"id": "RE_1654", "section": "Reasoning", "topic": "Puzzle", "difficulty": "moderate", "text": {"en": "[Reasoning/Puzzle] Sample exam-style question #1654: Choose the correct option."}, "options": {"en": ["Option A1654", "Option B1654", "Option C1654", "Option D1654"]}, "answerIndex": 2}, {"id": "MA_1604", "section": "Mathematics", "topic": "Ratio", "difficulty": "moderate", "text": {"en": "[Mathematics/Ratio] Sample exam-style question #1604: Choose the correct option."}, "options": {"en": ["Option A1604", "Option B1604", "Option C1604", "Option D1604"]}, "answerIndex": 0}, {"id": "RE_1641", "section": "Reasoning", "topic": "Puzzle", "difficulty": "moderate", "text": {"en": "[Reasoning/Puzzle] Sample exam-style question #1641: Choose the correct option."}, "options": {"en": ["Option A1641", "Option B1641", "Option C1641", "Option D1641"]}, "answerIndex": 1}, {"id": "RE_1639", "section": "Reasoning", "topic": "Analogy", "difficulty": "moderate", "text": {"en": "[Reasoning/Analogy] Sample exam-style question #1639: Choose the correct option."}, "options": {"en": ["Option A1639", "Option B1639", "Option C1639", "Option D1639"]}, "answerIndex": 3}, {"id": "GE_1674", "section": "General Awareness", "topic": "Geography", "difficulty": "moderate", "text": {"en": "[General Awareness/Geography] Sample exam-style question #1674: Choose the correct option."}, "options": {"en": ["Option A1674", "Option B1674", "Option C1674", "Option D1674"]}, "answerIndex": 2}, {"id": "GE_1679", "section": "General Awareness", "topic": "Geography", "difficulty": "moderate", "text": {"en": "[General Awareness/Geography] Sample exam-style question #1679: Choose the correct option."}, "options": {"en": ["Option A1679", "Option B1679", "Option C1679", "Option D1679"]}, "answerIndex": 3}, {"id": "MA_1621", "section": "Mathematics", "topic": "SI", "difficulty": "moderate", "text": {"en": "[Mathematics/SI] Sample exam-style question #1621: Choose the correct option."}, "options": {"en": ["Option A1621", "Option B1621", "Option C1621", "Option D1621"]}, "answerIndex": 1}, {"id": "GE_1684", "section": "General Awareness", "topic": "Current Affairs", "difficulty": "moderate", "text": {"en": "[General Awareness/Current Affairs] Sample exam-style question #1684: Choose the correct option."}, "options": {"en": ["Option A1684", "Option B1684", "Option C1684", "Option D1684"]}, "answerIndex": 0}, {"id": "MA_1608", "section": "Mathematics", "topic": "DI", "difficulty": "moderate", "text": {"en": "[Mathematics/DI] Sample exam-style question #1608: Choose the correct option."}, "options": {"en": ["Option A1608", "Option B1608", "Option C1608", "Option D1608"]}, "answerIndex": 0}, {"id": "GE_1691", "section": "General Awareness", "topic": "Science", "difficulty": "moderate", "text": {"en": "[General Awareness/Science] Sample exam-style question #1691: Choose the correct option."}, "options": {"en": ["Option A1691", "Option B1691", "Option C1691", "Option D1691"]}, "answerIndex": 3}, {"id": "GE_1696", "section": "General Awareness", "topic": "Polity", "difficulty": "moderate", "text": {"en": "[General Awareness/Polity] Sample exam-style question #1696: Choose the correct option."}, "options": {"en": ["Option A1696", "Option B1696", "Option C1696", "Option D1696"]}, "answerIndex": 0}, {"id": "GE_1692", "section": "General Awareness", "topic": "Science", "difficulty": "moderate", "text": {"en": "[General Awareness/Science] Sample exam-style question #1692: Choose the correct option."}, "options": {"en": ["Option A1692", "Option B1692", "Option C1692", "Option D1692"]}, "answerIndex": 0}, {"id": "MA_1603", "section": "Mathematics", "topic": "Time&Work", "difficulty": "moderate", "text": {"en": "[Mathematics/Time&Work] Sample exam-style question #1603: Choose the correct option."}, "options": {"en": ["Option A1603", "Option B1603", "Option C1603", "Option D1603"]}, "answerIndex": 3}, {"id": "RE_1647", "section": "Reasoning", "topic": "Syllogism", "difficulty": "moderate", "text": {"en": "[Reasoning/Syllogism] Sample exam-style question #1647: Choose the correct option."}, "options": {"en": ["Option A1647", "Option B1647", "Option C1647", "Option D1647"]}, "answerIndex": 3}, {"id": "RE_1636", "section": "Reasoning", "topic": "Syllogism", "difficulty": "moderate", "text": {"en": "[Reasoning/Syllogism] Sample exam-style question #1636: Choose the correct option."}, "options": {"en": ["Option A1636", "Option B1636", "Option C1636", "Option D1636"]}, "answerIndex": 0}, {"id": "RE_1642", "section": "Reasoning", "topic": "Series", "difficulty": "moderate", "text": {"en": "[Reasoning/Series] Sample exam-style question #1642: Choose the correct option."}, "options": {"en": ["Option A1642", "Option B1642", "Option C1642", "Option D1642"]}, "answerIndex": 2}, {"id": "GE_1690", "section": "General Awareness", "topic": "Economy", "difficulty": "moderate", "text": {"en": "[General Awareness/Economy] Sample exam-style question #1690: Choose the correct option."}, "options": {"en": ["Option A1690", "Option B1690", "Option C1690", "Option D1690"]}, "answerIndex": 2}, {"id": "GE_1666", "section": "General Awareness", "topic": "Economy", "difficulty": "moderate", "text": {"en": "[General Awareness/Economy] Sample exam-style question #1666: Choose the correct option."}, "options": {"en": ["Option A1666", "Option B1666", "Option C1666", "Option D1666"]}, "answerIndex": 2}, {"id": "RE_1632", "section": "Reasoning", "topic": "Puzzle", "difficulty": "moderate", "text": {"en": "[Reasoning/Puzzle] Sample exam-style question #1632: Choose the correct option."}, "options": {"en": ["Option A1632", "Option B1632", "Option C1632", "Option D1632"]}, "answerIndex": 0}, {"id": "RE_1650", "section": "Reasoning", "topic": "Series", "difficulty": "moderate", "text": {"en": "[Reasoning/Series] Sample exam-style question #1650: Choose the correct option."}, "options": {"en": ["Option A1650", "Option B1650", "Option C1650", "Option D1650"]}, "answerIndex": 2}, {"id": "GE_1695", "section": "General Awareness", "topic": "Current Affairs", "difficulty": "moderate", "text": {"en": "[General Awareness/Current Affairs] Sample exam-style question #1695: Choose the correct option."}, "options": {"en": ["Option A1695", "Option B1695", "Option C1695", "Option D1695"]}, "answerIndex": 3}, {"id": "MA_1605", "section": "Mathematics", "topic": "Time&Work", "difficulty": "moderate", "text": {"en": "[Mathematics/Time&Work] Sample exam-style question #1605: Choose the correct option."}, "options": {"en": ["Option A1605", "Option B1605", "Option C1605", "Option D1605"]}, "answerIndex": 1}, {"id": "MA_1607", "section": "Mathematics", "topic": "DI", "difficulty": "moderate", "text": {"en": "[Mathematics/DI] Sample exam-style question #1607: Choose the correct option."}, "options": {"en": ["Option A1607", "Option B1607", "Option C1607", "Option D1607"]}, "answerIndex": 3}, {"id": "MA_1619", "section": "Mathematics", "topic": "Ratio", "difficulty": "moderate", "text": {"en": "[Mathematics/Ratio] Sample exam-style question #1619: Choose the correct option."}, "options": {"en": ["Option A1619", "Option B1619", "Option C1619", "Option D1619"]}, "answerIndex": 3}, {"id": "GE_1670", "section": "General Awareness", "topic": "Current Affairs", "difficulty": "moderate", "text": {"en": "[General Awareness/Current Affairs] Sample exam-style question #1670: Choose the correct option."}, "options": {"en": ["Option A1670", "Option B1670", "Option C1670", "Option D1670"]}, "answerIndex": 2}, {"id": "GE_1697", "section": "General Awareness", "topic": "Current Affairs", "difficulty": "moderate", "text": {"en": "[General Awareness/Current Affairs] Sample exam-style question #1697: Choose the correct option."}, "options": {"en": ["Option A1697", "Option B1697", "Option C1697", "Option D1697"]}, "answerIndex": 1}, {"id": "GE_1664", "section": "General Awareness", "topic": "Economy", "difficulty": "moderate", "text": {"en": "[General Awareness/Economy] Sample exam-style question #1664: Choose the correct option."}, "options": {"en": ["Option A1664", "Option B1664", "Option C1664", "Option D1664"]}, "answerIndex": 0}, {"id": "GE_1677", "section": "General Awareness", "topic": "Polity", "difficulty": "moderate", "text": {"en": "[General Awareness/Polity] Sample exam-style question #1677: Choose the correct option."}, "options": {"en": ["Option A1677", "Option B1677", "Option C1677", "Option D1677"]}, "answerIndex": 1}, {"id": "GE_1699", "section": "General Awareness", "topic": "Science", "difficulty": "moderate", "text": {"en": "[General Awareness/Science] Sample exam-style question #1699: Choose the correct option."}, "options": {"en": ["Option A1699", "Option B1699", "Option C1699", "Option D1699"]}, "answerIndex": 3}, {"id": "GE_1688", "section": "General Awareness", "topic": "Science", "difficulty": "moderate", "text": {"en": "[General Awareness/Science] Sample exam-style question #1688: Choose the correct option."}, "options": {"en": ["Option A1688", "Option B1688", "Option C1688", "Option D1688"]}, "answerIndex": 0}, {"id": "GE_1673", "section": "General Awareness", "topic": "Polity", "difficulty": "moderate", "text": {"en": "[General Awareness/Polity] Sample exam-style question #1673: Choose the correct option."}, "options": {"en": ["Option A1673", "Option B1673", "Option C1673", "Option D1673"]}, "answerIndex": 1}, {"id": "GE_1669", "section": "General Awareness", "topic": "Economy", "difficulty": "moderate", "text": {"en": "[General Awareness/Economy] Sample exam-style question #1669: Choose the correct option."}, "options": {"en": ["Option A1669", "Option B1669", "Option C1669", "Option D1669"]}, "answerIndex": 1}, {"id": "MA_1626", "section": "Mathematics", "topic": "DI", "difficulty": "moderate", "text": {"en": "[Mathematics/DI] Sample exam-style question #1626: Choose the correct option."}, "options": {"en": ["Option A1626", "Option B1626", "Option C1626", "Option D1626"]}, "answerIndex": 2}, {"id": "RE_1657", "section": "Reasoning", "topic": "Analogy", "difficulty": "moderate", "text": {"en": "[Reasoning/Analogy] Sample exam-style question #1657: Choose the correct option."}, "options": {"en": ["Option A1657", "Option B1657", "Option C1657", "Option D1657"]}, "answerIndex": 1}, {"id": "MA_1620", "section": "Mathematics", "topic": "Time&Work", "difficulty": "moderate", "text": {"en": "[Mathematics/Time&Work] Sample exam-style question #1620: Choose the correct option."}, "options": {"en": ["Option A1620", "Option B1620", "Option C1620", "Option D1620"]}, "answerIndex": 0}, {"id": "MA_1616", "section": "Mathematics", "topic": "SI", "difficulty": "moderate", "text": {"en": "[Mathematics/SI] Sample exam-style question #1616: Choose the correct option."}, "options": {"en": ["Option A1616", "Option B1616", "Option C1616", "Option D1616"]}, "answerIndex": 0}, {"id": "GE_1665", "section": "General Awareness", "topic": "Economy", "difficulty": "moderate", "text": {"en": "[General Awareness/Economy] Sample exam-style question #1665: Choose the correct option."}, "options": {"en": ["Option A1665", "Option B1665", "Option C1665", "Option D1665"]}, "answerIndex": 1}, {"id": "MA_1618", "section": "Mathematics", "topic": "Ratio", "difficulty": "moderate", "text": {"en": "[Mathematics/Ratio] Sample exam-style question #1618: Choose the correct option."}, "options": {"en": ["Option A1618", "Option B1618", "Option C1618", "Option D1618"]}, "answerIndex": 2}, {"id": "RE_1658", "section": "Reasoning", "topic": "Puzzle", "difficulty": "moderate", "text": {"en": "[Reasoning/Puzzle] Sample exam-style question #1658: Choose the correct option."}, "options": {"en": ["Option A1658", "Option B1658", "Option C1658", "Option D1658"]}, "answerIndex": 2}, {"id": "RE_1633", "section": "Reasoning", "topic": "Syllogism", "difficulty": "moderate", "text": {"en": "[Reasoning/Syllogism] Sample exam-style question #1633: Choose the correct option."}, "options": {"en": ["Option A1633", "Option B1633", "Option C1633", "Option D1633"]}, "answerIndex": 1}, {"id": "GE_1676", "section": "General Awareness", "topic": "History", "difficulty": "moderate", "text": {"en": "[General Awareness/History] Sample exam-style question #1676: Choose the correct option."}, "options": {"en": ["Option A1676", "Option B1676", "Option C1676", "Option D1676"]}, "answerIndex": 0}, {"id": "GE_1685", "section": "General Awareness", "topic": "Geography", "difficulty": "moderate", "text": {"en": "[General Awareness/Geography] Sample exam-style question #1685: Choose the correct option."}, "options": {"en": ["Option A1685", "Option B1685", "Option C1685", "Option D1685"]}, "answerIndex": 1}, {"id": "GE_1663", "section": "General Awareness", "topic": "Polity", "difficulty": "moderate", "text": {"en": "[General Awareness/Polity] Sample exam-style question #1663: Choose the correct option."}, "options": {"en": ["Option A1663", "Option B1663", "Option C1663", "Option D1663"]}, "answerIndex": 3}, {"id": "MA_1610", "section": "Mathematics", "topic": "SI", "difficulty": "moderate", "text": {"en": "[Mathematics/SI] Sample exam-style question #1610: Choose the correct option."}, "options": {"en": ["Option A1610", "Option B1610", "Option C1610", "Option D1610"]}, "answerIndex": 2}, {"id": "RE_1660", "section": "Reasoning", "topic": "Direction", "difficulty": "moderate", "text": {"en": "[Reasoning/Direction] Sample exam-style question #1660: Choose the correct option."}, "options": {"en": ["Option A1660", "Option B1660", "Option C1660", "Option D1660"]}, "answerIndex": 0}, {"id": "GE_1678", "section": "General Awareness", "topic": "History", "difficulty": "moderate", "text": {"en": "[General Awareness/History] Sample exam-style question #1678: Choose the correct option."}, "options": {"en": ["Option A1678", "Option B1678", "Option C1678", "Option D1678"]}, "answerIndex": 2}, {"id": "GE_1672", "section": "General Awareness", "topic": "Polity", "difficulty": "moderate", "text": {"en": "[General Awareness/Polity] Sample exam-style question #1672: Choose the correct option."}, "options": {"en": ["Option A1672", "Option B1672", "Option C1672", "Option D1672"]}, "answerIndex": 0}, {"id": "RE_1634", "section": "Reasoning", "topic": "Series", "difficulty": "moderate", "text": {"en": "[Reasoning/Series] Sample exam-style question #1634: Choose the correct option."}, "options": {"en": ["Option A1634", "Option B1634", "Option C1634", "Option D1634"]}, "answerIndex": 2}, {"id": "RE_1644", "section": "Reasoning", "topic": "Series", "difficulty": "moderate", "text": {"en": "[Reasoning/Series] Sample exam-style question #1644: Choose the correct option."}, "options": {"en": ["Option A1644", "Option B1644", "Option C1644", "Option D1644"]}, "answerIndex": 0}, {"id": "GE_1675", "section": "General Awareness", "topic": "Science", "difficulty": "moderate", "text": {"en": "[General Awareness/Science] Sample exam-style question #1675: Choose the correct option."}, "options": {"en": ["Option A1675", "Option B1675", "Option C1675", "Option D1675"]}, "answerIndex": 3}, {"id": "GE_1687", "section": "General Awareness", "topic": "Science", "difficulty": "moderate", "text": {"en": "[General Awareness/Science] Sample exam-style question #1687: Choose the correct option."}, "options": {"en": ["Option A1687", "Option B1687", "Option C1687", "Option D1687"]}, "answerIndex": 3}, {"id": "GE_1680", "section": "General Awareness", "topic": "Science", "difficulty": "moderate", "text": {"en": "[General Awareness/Science] Sample exam-style question #1680: Choose the correct option."}, "options": {"en": ["Option A1680", "Option B1680", "Option C1680", "Option D1680"]}, "answerIndex": 0}, {"id": "RE_1656", "section": "Reasoning", "topic": "Analogy", "difficulty": "moderate", "text": {"en": "[Reasoning/Analogy] Sample exam-style question #1656: Choose the correct option."}, "options": {"en": ["Option A1656", "Option B1656", "Option C1656", "Option D1656"]}, "answerIndex": 0}, {"id": "GE_1681", "section": "General Awareness", "topic": "Current Affairs", "difficulty": "moderate", "text": {"en": "[General Awareness/Current Affairs] Sample exam-style question #1681: Choose the correct option."}, "options": {"en": ["Option A1681", "Option B1681", "Option C1681", "Option D1681"]}, "answerIndex": 1}, {"id": "GE_1668", "section": "General Awareness", "topic": "Polity", "difficulty": "moderate", "text": {"en": "[General Awareness/Polity] Sample exam-style question #1668: Choose the correct option."}, "options": {"en": ["Option A1668", "Option B1668", "Option C1668", "Option D1668"]}, "answerIndex": 0}, {"id": "GE_1700", "section": "General Awareness", "topic": "Current Affairs", "difficulty": "moderate", "text": {"en": "[General Awareness/Current Affairs] Sample exam-style question #1700: Choose the correct option."}, "options": {"en": ["Option A1700", "Option B1700", "Option C1700", "Option D1700"]}, "answerIndex": 0}, {"id": "RE_1637", "section": "Reasoning", "topic": "Series", "difficulty": "moderate", "text": {"en": "[Reasoning/Series] Sample exam-style question #1637: Choose the correct option."}, "options": {"en": ["Option A1637", "Option B1637", "Option C1637", "Option D1637"]}, "answerIndex": 1}, {"id": "GE_1686", "section": "General Awareness", "topic": "Economy", "difficulty": "moderate", "text": {"en": "[General Awareness/Economy] Sample exam-style question #1686: Choose the correct option."}, "options": {"en": ["Option A1686", "Option B1686", "Option C1686", "Option D1686"]}, "answerIndex": 2}, {"id": "MA_1602", "section": "Mathematics", "topic": "DI", "difficulty": "moderate", "text": {"en": "[Mathematics/DI] Sample exam-style question #1602: Choose the correct option."}, "options": {"en": ["Option A1602", "Option B1602", "Option C1602", "Option D1602"]}, "answerIndex": 2}, {"id": "RE_1635", "section": "Reasoning", "topic": "Coding", "difficulty": "moderate", "text": {"en": "[Reasoning/Coding] Sample exam-style question #1635: Choose the correct option."}, "options": {"en": ["Option A1635", "Option B1635", "Option C1635", "Option D1635"]}, "answerIndex": 3}, {"id": "RE_1638", "section": "Reasoning", "topic": "Coding", "difficulty": "moderate", "text": {"en": "[Reasoning/Coding] Sample exam-style question #1638: Choose the correct option."}, "options": {"en": ["Option A1638", "Option B1638", "Option C1638", "Option D1638"]}, "answerIndex": 2}, {"id": "MA_1614", "section": "Mathematics", "topic": "Time&Work", "difficulty": "moderate", "text": {"en": "[Mathematics/Time&Work] Sample exam-style question #1614: Choose the correct option."}, "options": {"en": ["Option A1614", "Option B1614", "Option C1614", "Option D1614"]}, "answerIndex": 2}, {"id": "RE_1640", "section": "Reasoning", "topic": "Direction", "difficulty": "moderate", "text": {"en": "[Reasoning/Direction] Sample exam-style question #1640: Choose the correct option."}, "options": {"en": ["Option A1640", "Option B1640", "Option C1640", "Option D1640"]}, "answerIndex": 0}, {"id": "RE_1646", "section": "Reasoning", "topic": "Direction", "difficulty": "moderate", "text": {"en": "[Reasoning/Direction] Sample exam-style question #1646: Choose the correct option."}, "options": {"en": ["Option A1646", "Option B1646", "Option C1646", "Option D1646"]}, "answerIndex": 2}, {"id": "MA_1613", "section": "Mathematics", "topic": "DI", "difficulty": "moderate", "text": {"en": "[Mathematics/DI] Sample exam-style question #1613: Choose the correct option."}, "options": {"en": ["Option A1613", "Option B1613", "Option C1613", "Option D1613"]}, "answerIndex": 1}, {"id": "MA_1625", "section": "Mathematics", "topic": "Speed", "difficulty": "moderate", "text": {"en": "[Mathematics/Speed] Sample exam-style question #1625: Choose the correct option."}, "options": {"en": ["Option A1625", "Option B1625", "Option C1625", "Option D1625"]}, "answerIndex": 1}, {"id": "RE_1655", "section": "Reasoning", "topic": "Series", "difficulty": "moderate", "text": {"en": "[Reasoning/Series] Sample exam-style question #1655: Choose the correct option."}, "options": {"en": ["Option A1655", "Option B1655", "Option C1655", "Option D1655"]}, "answerIndex": 3}, {"id": "GE_1682", "section": "General Awareness", "topic": "Science", "difficulty": "moderate", "text": {"en": "[General Awareness/Science] Sample exam-style question #1682: Choose the correct option."}, "options": {"en": ["Option A1682", "Option B1682", "Option C1682", "Option D1682"]}, "answerIndex": 2}, {"id": "GE_1662", "section": "General Awareness", "topic": "Polity", "difficulty": "moderate", "text": {"en": "[General Awareness/Polity] Sample exam-style question #1662: Choose the correct option."}, "options": {"en": ["Option A1662", "Option B1662", "Option C1662", "Option D1662"]}, "answerIndex": 2}]}