{"testId": "014", "questions": [{"id": "MA_1311", "section": "Mathematics", "topic": "Percentage", "difficulty": "moderate", "text": {"en": "[Mathematics/Percentage] Sample exam-style question #1311: Choose the correct option."}, "options": {"en": ["Option A1311", "Option B1311", "Option C1311", "Option D1311"]}, "answerIndex": 3}, {"id": "MA_1307", "section": "Mathematics", "topic": "DI", "difficulty": "moderate", "text": {"en": "[Mathematics/DI] Sample exam-style question #1307: Choose the correct option."}, "options": {"en": ["Option A1307", "Option B1307", "Option C1307", "Option D1307"]}, "answerIndex": 3}, {"id": "RE_1351", "section": "Reasoning", "topic": "Series", "difficulty": "moderate", "text": {"en": "[Reasoning/Series] Sample exam-style question #1351: Choose the correct option."}, "options": {"en": ["Option A1351", "Option B1351", "Option C1351", "Option D1351"]}, "answerIndex": 3}, {"id": "MA_1320", "section": "Mathematics", "topic": "CI", "difficulty": "moderate", "text": {"en": "[Mathematics/CI] Sample exam-style question #1320: Choose the correct option."}, "options": {"en": ["Option A1320", "Option B1320", "Option C1320", "Option D1320"]}, "answerIndex": 0}, {"id": "RE_1356", "section": "Reasoning", "topic": "Coding", "difficulty": "moderate", "text": {"en": "[Reasoning/Coding] Sample exam-style question #1356: Choose the correct option."}, "options": {"en": ["Option A1356", "Option B1356", "Option C1356", "Option D1356"]}, "answerIndex": 0}, {"id": "MA_1318", "section": "Mathematics", "topic": "DI", "difficulty": "moderate", "text": {"en": "[Mathematics/DI] Sample exam-style question #1318: Choose the correct option."}, "options": {"en": ["Option A1318", "Option B1318", "Option C1318", "Option D1318"]}, "answerIndex": 2}, {"id": "RE_1344", "section": "Reasoning", "topic": "Syllogism", "difficulty": "moderate", "text": {"en": "[Reasoning/Syllogism] Sample exam-style question #1344: Choose the correct option."}, "options": {"en": ["Option A1344", "Option B1344", "Option C1344", "Option D1344"]}, "answerIndex": 0}, {"id": "RE_1339", "section": "Reasoning", "topic": "Series", "difficulty": "moderate", "text": {"en": "[Reasoning/Series] Sample exam-style question #1339: Choose the correct option."}, "options": {"en": ["Option A1339", "Option B1339", "Option C1339", "Option D1339"]}, "answerIndex": 3}, {"id": "GE_1364", "section": "General Awareness", "topic": "Economy", "difficulty": "moderate", "text": {"en": "[General Awareness/Economy] Sample exam-style question #1364: Choose the correct option."}, "options": {"en": ["Option A1364", "Option B1364", "Option C1364", "Option D1364"]}, "answerIndex": 0}, {"id": "MA_1327", "section": "Mathematics", "topic": "CI", "difficulty": "moderate", "text": {"en": "[Mathematics/CI] Sample exam-style question #1327: Choose the correct option."}, "options": {"en": ["Option A1327", "Option B1327", "Option C1327", "Option D1327"]}, "answerIndex": 3}, {"id": "RE_1359", "section": "Reasoning", "topic": "Direction", "difficulty": "moderate", "text": {"en": "[Reasoning/Direction] Sample exam-style question #1359: Choose the correct option."}, "options": {"en": ["Option A1359", "Option B1359", "Option C1359", "Option D1359"]}, "answerIndex": 3}, {"id": "MA_1316", "section": "Mathematics", "topic": "DI", "difficulty": "moderate", "text": {"en": "[Mathematics/DI] Sample exam-style question #1316: Choose the correct option."}, "options": {"en": ["Option A1316", "Option B1316", "Option C1316", "Option D1316"]}, "answerIndex": 0}, {"id": "MA_1317", "section": "Mathematics", "topic": "Percentage", "difficulty": "moderate", "text": {"en": "[Mathematics/Percentage] Sample exam-style question #1317: Choose the correct option."}, "options": {"en": ["Option A1317", "Option B1317", "Option C1317", "Option D1317"]}, "answerIndex": 1}, {"id": "RE_1358", "section": "Reasoning", "topic": "Series", "difficulty": "moderate", "text": {"en": "[Reasoning/Series] Sample exam-style question #1358: Choose the correct option."}, "options": {"en": ["Option A1358", "Option B1358", "Option C1358", "Option D1358"]}, "answerIndex": 2}, {"id": "RE_1340", "section": "Reasoning", "topic": "Syllogism", "difficulty": "moderate", "text": {"en": "[Reasoning/Syllogism] Sample exam-style question #1340: Choose the correct option."}, "options": {"en": ["Option A1340", "Option B1340", "Option C1340", "Option D1340"]}, "answerIndex": 0}, {"id": "GE_1381", "section": "General Awareness", "topic": "Current Affairs", "difficulty": "moderate", "text": {"en": "[General Awareness/Current Affairs] Sample exam-style question #1381: Choose the correct option."}, "options": {"en": ["Option A1381", "Option B1381", "Option C1381", "Option D1381"]}, "answerIndex": 1}, {"id": "MA_1309", "section": "Mathematics", "topic": "Ratio", "difficulty": "moderate", "text": {"en": "[Mathematics/Ratio] Sample exam-style question #1309: Choose the correct option."}, "options": {"en": ["Option A1309", "Option B1309", "Option C1309", "Option D1309"]}, "answerIndex": 1}, {"id": "GE_1383", "section": "General Awareness", "topic": "History", "difficulty": "moderate", "text": {"en": "[General Awareness/History] Sample exam-style question #1383: Choose the correct option."}, "options": {"en": ["Option A1383", "Option B1383", "Option C1383", "Option D1383"]}, "answerIndex": 3}, {"id": "GE_1379", "section": "General Awareness", "topic": "Economy", "difficulty": "moderate", "text": {"en": "[General Awareness/Economy] Sample exam-style question #1379: Choose the correct option."}, "options": {"en": ["Option A1379", "Option B1379", "Option C1379", "Option D1379"]}, "answerIndex": 3}, {"id": "RE_1345", "section": "Reasoning", "topic": "Analogy", "difficulty": "moderate", "text": {"en": "[Reasoning/Analogy] Sample exam-style question #1345: Choose the correct option."}, "options": {"en": ["Option A1345", "Option B1345", "Option C1345", "Option D1345"]}, "answerIndex": 1}, {"id": "MA_1325", "section": "Mathematics", "topic": "Speed", "difficulty": "moderate", "text": {"en": "[Mathematics/Speed] Sample exam-style question #1325: Choose the correct option."}, "options": {"en": ["Option A1325", "Option B1325", "Option C1325", "Option D1325"]}, "answerIndex": 1}, {"id": "MA_1321", "section": "Mathematics", "topic": "Percentage", "difficulty": "moderate", "text": {"en": "[Mathematics/Percentage] Sample exam-style question #1321: Choose the correct option."}, "options": {"en": ["Option A1321", "Option B1321", "Option C1321", "Option D1321"]}, "answerIndex": 1}, {"id": "RE_1337", "section": "Reasoning", "topic": "Direction", "difficulty": "moderate", "text": {"en": "[Reasoning/Direction] Sample exam-style question #1337: Choose the correct option."}, "options": {"en": ["Option A1337", "Option B1337", "Option C1337", "Option D1337"]}, "answerIndex": 1}, {"id": "GE_1394", "section": "General Awareness", "topic": "History", "difficulty": "moderate", "text": {"en": "[General Awareness/History] Sample exam-style question #1394: Choose the correct option."}, "options": {"en": ["Option A1394", "Option B1394", "Option C1394", "Option D1394"]}, "answerIndex": 2}, {"id": "GE_1393", "section": "General Awareness", "topic": "History", "difficulty": "moderate", "text": {"en": "[General Awareness/History] Sample exam-style question #1393: Choose the correct option."}, "options": {"en": ["Option A1393", "Option B1393", "Option C1393", "Option D1393"]}, "answerIndex": 1}, {"id": "GE_1375", "section": "General Awareness", "topic": "Economy", "difficulty": "moderate", "text": {"en": "[General Awareness/Economy] Sample exam-style question #1375: Choose the correct option."}, "options": {"en": ["Option A1375", "Option B1375", "Option C1375", "Option D1375"]}, "answerIndex": 3}, {"id": "MA_1313", "section": "Mathematics", "topic": "Time&Work", "difficulty": "moderate", "text": {"en": "[Mathematics/Time&Work] Sample exam-style question #1313: Choose the correct option."}, "options": {"en": ["Option A1313", "Option B1313", "Option C1313", "Option D1313"]}, "answerIndex": 1}, {"id": "RE_1357", "section": "Reasoning", "topic": "Analogy", "difficulty": "moderate", "text": {"en": "[Reasoning/Analogy] Sample exam-style question #1357: Choose the correct option."}, "options": {"en": ["Option A1357", "Option B1357", "Option C1357", "Option D1357"]}, "answerIndex": 1}, {"id": "MA_1310", "section": "Mathematics", "topic": "CI", "difficulty": "moderate", "text": {"en": "[Mathematics/CI] Sample exam-style question #1310: Choose the correct option."}, "options": {"en": ["Option A1310", "Option B1310", "Option C1310", "Option D1310"]}, "answerIndex": 2}, {"id": "GE_1371", "section": "General Awareness", "topic": "Polity", "difficulty": "moderate", "text": {"en": "[General Awareness/Polity] Sample exam-style question #1371: Choose the correct option."}, "options": {"en": ["Option A1371", "Option B1371", "Option C1371", "Option D1371"]}, "answerIndex": 3}, {"id": "RE_1349", "section": "Reasoning", "topic": "Series", "difficulty": "moderate", "text": {"en": "[Reasoning/Series] Sample exam-style question #1349: Choose the correct option."}, "options": {"en": ["Option A1349", "Option B1349", "Option C1349", "Option D1349"]}, "answerIndex": 1}, {"id": "MA_1302", "section": "Mathematics", "topic": "DI", "difficulty": "moderate", "text": {"en": "[Mathematics/DI] Sample exam-style question #1302: Choose the correct option."}, "options": {"en": ["Option A1302", "Option B1302", "Option C1302", "Option D1302"]}, "answerIndex": 2}, {"id": "GE_1365", "section": "General Awareness", "topic": "History", "difficulty": "moderate", "text": {"en": "[General Awareness/History] Sample exam-style question #1365: Choose the correct option."}, "options": {"en": ["Option A1365", "Option B1365", "Option C1365", "Option D1365"]}, "answerIndex": 1}, {"id": "MA_1329", "section": "Mathematics", "topic": "Speed", "difficulty": "moderate", "text": {"en": "[Mathematics/Speed] Sample exam-style question #1329: Choose the correct option."}, "options": {"en": ["Option A1329", "Option B1329", "Option C1329", "Option D1329"]}, "answerIndex": 1}, {"id": "MA_1304", "section": "Mathematics", "topic": "CI", "difficulty": "moderate", "text": {"en": "[Mathematics/CI] Sample exam-style question #1304: Choose the correct option."}, "options": {"en": ["Option A1304", "Option B1304", "Option C1304", "Option D1304"]}, "answerIndex": 0}, {"id": "RE_1346", "section": "Reasoning", "topic": "Analogy", "difficulty": "moderate", "text": {"en": "[Reasoning/Analogy] Sample exam-style question #1346: Choose the correct option."}, "options": {"en": ["Option A1346", "Option B1346", "Option C1346", "Option D1346"]}, "answerIndex": 2}, {"id": "GE_1362", "section": "General Awareness", "topic": "Current Affairs", "difficulty": "moderate", "text": {"en": "[General Awareness/Current Affairs] Sample exam-style question #1362: Choose the correct option."}, "options": {"en": ["Option A1362", "Option B1362", "Option C1362", "Option D1362"]}, "answerIndex": 2}, {"id": "GE_1374", "section": "General Awareness", "topic": "Geography", "difficulty": "moderate", "text": {"en": "[General Awareness/Geography] Sample exam-style question #1374: Choose the correct option."}, "options": {"en": ["Option A1374", "Option B1374", "Option C1374", "Option D1374"]}, "answerIndex": 2}, {"id": "MA_1326", "section": "Mathematics", "topic": "Ratio", "difficulty": "moderate", "text": {"en": "[Mathematics/Ratio] Sample exam-style question #1326: Choose the correct option."}, "options": {"en": ["Option A1326", "Option B1326", "Option C1326", "Option D1326"]}, "answerIndex": 2}, {"id": "GE_1398", "section": "General Awareness", "topic": "Economy", "difficulty": "moderate", "text": {"en": "[General Awareness/Economy] Sample exam-style question #1398: Choose the correct option."}, "options": {"en": ["Option A1398", "Option B1398", "Option C1398", "Option D1398"]}, "answerIndex": 2}, {"id": "RE_1342", "section": "Reasoning", "topic": "Puzzle", "difficulty": "moderate", "text": {"en": "[Reasoning/Puzzle] Sample exam-style question #1342: Choose the correct option."}, "options": {"en": ["Option A1342", "Option B1342", "Option C1342", "Option D1342"]}, "answerIndex": 2}, {"id": "GE_1396", "section": "General Awareness", "topic": "Current Affairs", "difficulty": "moderate", "text": {"en": "[General Awareness/Current Affairs] Sample exam-style question #1396: Choose the correct option."}, "options": {"en": ["Option A1396", "Option B1396", "Option C1396", "Option D1396"]}, "answerIndex": 0}, {"id": "RE_1350", "section": "Reasoning", "topic": "Puzzle", "difficulty": "moderate", "text": {"en": "[Reasoning/Puzzle] Sample exam-style question #1350: Choose the correct option."}, "options": {"en": ["Option A1350", "Option B1350", "Option C1350", "Option D1350"]}, "answerIndex": 2}, {"id": "RE_1334", "section": "Reasoning", "topic": "Syllogism", "difficulty": "moderate", "text": {"en": "[Reasoning/Syllogism] Sample exam-style question #1334: Choose the correct option."}, "options": {"en": ["Option A1334", "Option B1334", "Option C1334", "Option D1334"]}, "answerIndex": 2}, {"id": "GE_1385", "section": "General Awareness", "topic": "Polity", "difficulty": "moderate", "text": {"en": "[General Awareness/Polity] Sample exam-style question #1385: Choose the correct option."}, "options": {"en": ["Option A1385", "Option B1385", "Option C1385", "Option D1385"]}, "answerIndex": 1}, {"id": "GE_1382", "section": "General Awareness", "topic": "History", "difficulty": "moderate", "text": {"en": "[General Awareness/History] Sample exam-style question #1382: Choose the correct option."}, "options": {"en": ["Option A1382", "Option B1382", "Option C1382", "Option D1382"]}, "answerIndex": 2}, {"id": "GE_1388", "section": "General Awareness", "topic": "Science", "difficulty": "moderate", "text": {"en": "[General Awareness/Science] Sample exam-style question #1388: Choose the correct option."}, "options": {"en": ["Option A1388", "Option B1388", "Option C1388", "Option D1388"]}, "answerIndex": 0}, {"id": "RE_1347", "section": "Reasoning", "topic": "Direction", "difficulty": "moderate", "text": {"en": "[Reasoning/Direction] Sample exam-style question #1347: Choose the correct option."}, "options": {"en": ["Option A1347", "Option B1347", "Option C1347", "Option D1347"]}, "answerIndex": 3}, {"id": "MA_1330", "section": "Mathematics", "topic": "Ratio", "difficulty": "moderate", "text": {"en": "[Mathematics/Ratio] Sample exam-style question #1330: Choose the correct option."}, "options": {"en": ["Option A1330", "Option B1330", "Option C1330", "Option D1330"]}, "answerIndex": 2}, {"id": "MA_1315", "section": "Mathematics", "topic": "SI", "difficulty": "moderate", "text": {"en": "[Mathematics/SI] Sample exam-style question #1315: Choose the correct option."}, "options": {"en": ["Option A1315", "Option B1315", "Option C1315", "Option D1315"]}, "answerIndex": 3}, {"id": "RE_1353", "section": "Reasoning", "topic": "Analogy", "difficulty": "moderate", "text": {"en": "[Reasoning/Analogy] Sample exam-style question #1353: Choose the correct option."}, "options": {"en": ["Option A1353", "Option B1353", "Option C1353", "Option D1353"]}, "answerIndex": 1}, {"id": "MA_1312", "section": "Mathematics", "topic": "Ratio", "difficulty": "moderate", "text": {"en": "[Mathematics/Ratio] Sample exam-style question #1312: Choose the correct option."}, "options": {"en": ["Option A1312", "Option B1312", "Option C1312", "Option D1312"]}, "answerIndex": 0}, {"id": "RE_1338", "section": "Reasoning", "topic": "Analogy", "difficulty": "moderate", "text": {"en": "[Reasoning/Analogy] Sample exam-style question #1338: Choose the correct option."}, "options": {"en": ["Option A1338", "Option B1338", "Option C1338", "Option D1338"]}, "answerIndex": 2}, {"id": "RE_1335", "section": "Reasoning", "topic": "Puzzle", "difficulty": "moderate", "text": {"en": "[Reasoning/Puzzle] Sample exam-style question #1335: Choose the correct option."}, "options": {"en": ["Option A1335", "Option B1335", "Option C1335", "Option D1335"]}, "answerIndex": 3}, {"id": "RE_1352", "section": "Reasoning", "topic": "Coding", "difficulty": "moderate", "text": {"en": "[Reasoning/Coding] Sample exam-style question #1352: Choose the correct option."}, "options": {"en": ["Option A1352", "Option B1352", "Option C1352", "Option D1352"]}, "answerIndex": 0}, {"id": "MA_1322", "section": "Mathematics", "topic": "Time&Work", "difficulty": "moderate", "text": {"en": "[Mathematics/Time&Work] Sample exam-style question #1322: Choose the correct option."}, "options": {"en": ["Option A1322", "Option B1322", "Option C1322", "Option D1322"]}, "answerIndex": 2}, {"id": "MA_1303", "section": "Mathematics", "topic": "CI", "difficulty": "moderate", "text": {"en": "[Mathematics/CI] Sample exam-style question #1303: Choose the correct option."}, "options": {"en": ["Option A1303", "Option B1303", "Option C1303", "Option D1303"]}, "answerIndex": 3}, {"id": "MA_1306", "section": "Mathematics", "topic": "DI", "difficulty": "moderate", "text": {"en": "[Mathematics/DI] Sample exam-style question #1306: Choose the correct option."}, "options": {"en": ["Option A1306", "Option B1306", "Option C1306", "Option D1306"]}, "answerIndex": 2}, {"id": "GE_1391", "section": "General Awareness", "topic": "Economy", "difficulty": "moderate", "text": {"en": "[General Awareness/Economy] Sample exam-style question #1391: Choose the correct option."}, "options": {"en": ["Option A1391", "Option B1391", "Option C1391", "Option D1391"]}, "answerIndex": 3}, {"id": "GE_1386", "section": "General Awareness", "topic": "Science", "difficulty": "moderate", "text": {"en": "[General Awareness/Science] Sample exam-style question #1386: Choose the correct option."}, "options": {"en": ["Option A1386", "Option B1386", "Option C1386", "Option D1386"]}, "answerIndex": 2}, {"id": "GE_1390", "section": "General Awareness", "topic": "History", "difficulty": "moderate", "text": {"en": "[General Awareness/History] Sample exam-style question #1390: Choose the correct option."}, "options": {"en": ["Option A1390", "Option B1390", "Option C1390", "Option D1390"]}, "answerIndex": 2}, {"id": "GE_1384", "section": "General Awareness", "topic": "History", "difficulty": "moderate", "text": {"en": "[General Awareness/History] Sample exam-style question #1384: Choose the correct option."}, "options": {"en": ["Option A1384", "Option B1384", "Option C1384", "Option D1384"]}, "answerIndex": 0}, {"id": "RE_1341", "section": "Reasoning", "topic": "Analogy", "difficulty": "moderate", "text": {"en": "[Reasoning/Analogy] Sample exam-style question #1341: Choose the correct option."}, "options": {"en": ["Option A1341", "Option B1341", "Option C1341", "Option D1341"]}, "answerIndex": 1}, {"id": "GE_1389", "section": "General Awareness", "topic": "Current Affairs", "difficulty": "moderate", "text": {"en": "[General Awareness/Current Affairs] Sample exam-style question #1389: Choose the correct option."}, "options": {"en": ["Option A1389", "Option B1389", "Option C1389", "Option D1389"]}, "answerIndex": 1}, {"id": "RE_1336", "section": "Reasoning", "topic": "Analogy", "difficulty": "moderate", "text": {"en": "[Reasoning/Analogy] Sample exam-style question #1336: Choose the correct option."}, "options": {"en": ["Option A1336", "Option B1336", "Option C1336", "Option D1336"]}, "answerIndex": 0}, {"id": "MA_1308", "section": "Mathematics", "topic": "Speed", "difficulty": "moderate", "text": {"en": "[Mathematics/Speed] Sample exam-style question #1308: Choose the correct option."}, "options": {"en": ["Option A1308", "Option B1308", "Option C1308", "Option D1308"]}, "answerIndex": 0}, {"id": "GE_1369", "section": "General Awareness", "topic": "Polity", "difficulty": "moderate", "text": {"en": "[General Awareness/Polity] Sample exam-style question #1369: Choose the correct option."}, "options": {"en": ["Option A1369", "Option B1369", "Option C1369", "Option D1369"]}, "answerIndex": 1}, {"id": "MA_1324", "section": "Mathematics", "topic": "Percentage", "difficulty": "moderate", "text": {"en": "[Mathematics/Percentage] Sample exam-style question #1324: Choose the correct option."}, "options": {"en": ["Option A1324", "Option B1324", "Option C1324", "Option D1324"]}, "answerIndex": 0}, {"id": "GE_1377", "section": "General Awareness", "topic": "History", "difficulty": "moderate", "text": {"en": "[General Awareness/History] Sample exam-style question #1377: Choose the correct option."}, "options": {"en": ["Option A1377", "Option B1377", "Option C1377", "Option D1377"]}, "answerIndex": 1}, {"id": "GE_1370", "section": "General Awareness", "topic": "Geography", "difficulty": "moderate", "text": {"en": "[General Awareness/Geography] Sample exam-style question #1370: Choose the correct option."}, "options": {"en": ["Option A1370", "Option B1370", "Option C1370", "Option D1370"]}, "answerIndex": 2}, {"id": "GE_1368", "section": "General Awareness", "topic": "Polity", "difficulty": "moderate", "text": {"en": "[General Awareness/Polity] Sample exam-style question #1368: Choose the correct option."}, "options": {"en": ["Option A1368", "Option B1368", "Option C1368", "Option D1368"]}, "answerIndex": 0}, {"id": "RE_1343", "section": "Reasoning", "topic": "Direction", "difficulty": "moderate", "text": {"en": "[Reasoning/Direction] Sample exam-style question #1343: Choose the correct option."}, "options": {"en": ["Option A1343", "Option B1343", "Option C1343", "Option D1343"]}, "answerIndex": 3}, {"id": "GE_1372", "section": "General Awareness", "topic": "Geography", "difficulty": "moderate", "text": {"en": "[General Awareness/Geography] Sample exam-style question #1372: Choose the correct option."}, "options": {"en": ["Option A1372", "Option B1372", "Option C1372", "Option D1372"]}, "answerIndex": 0}, {"id": "RE_1348", "section": "Reasoning", "topic": "Puzzle", "difficulty": "moderate", "text": {"en": "[Reasoning/Puzzle] Sample exam-style question #1348: Choose the correct option."}, "options": {"en": ["Option A1348", "Option B1348", "Option C1348", "Option D1348"]}, "answerIndex": 0}, {"id": "GE_1378", "section": "General Awareness", "topic": "Science", "difficulty": "moderate", "text": {"en": "[General Awareness/Science] Sample exam-style question #1378: Choose the correct option."}, "options": {"en": ["Option A1378", "Option B1378", "Option C1378", "Option D1378"]}, "answerIndex": 2}, {"id": "GE_1367", "section": "General Awareness", "topic": "Geography", "difficulty": "moderate", "text": {"en": "[General Awareness/Geography] Sample exam-style question #1367: Choose the correct option."}, "options": {"en": ["Option A1367", "Option B1367", "Option C1367", "Option D1367"]}, "answerIndex": 3}, {"id": "RE_1332", "section": "Reasoning", "topic": "Direction", "difficulty": "moderate", "text": {"en": "[Reasoning/Direction] Sample exam-style question #1332: Choose the correct option."}, "options": {"en": ["Option A1332", "Option B1332", "Option C1332", "Option D1332"]}, "answerIndex": 0}, {"id": "MA_1319", "section": "Mathematics", "topic": "DI", "difficulty": "moderate", "text": {"en": "[Mathematics/DI] Sample exam-style question #1319: Choose the correct option."}, "options": {"en": ["Option A1319", "Option B1319", "Option C1319", "Option D1319"]}, "answerIndex": 3}, {"id": "GE_1373", "section": "General Awareness", "topic": "Geography", "difficulty": "moderate", "text": {"en": "[General Awareness/Geography] Sample exam-style question #1373: Choose the correct option."}, "options": {"en": ["Option A1373", "Option B1373", "Option C1373", "Option D1373"]}, "answerIndex": 1}, {"id": "MA_1328", "section": "Mathematics", "topic": "DI", "difficulty": "moderate", "text": {"en": "[Mathematics/DI] Sample exam-style question #1328: Choose the correct option."}, "options": {"en": ["Option A1328", "Option B1328", "Option C1328", "Option D1328"]}, "answerIndex": 0}, {"id": "GE_1399", "section": "General Awareness", "topic": "Geography", "difficulty": "moderate", "text": {"en": "[General Awareness/Geography] Sample exam-style question #1399: Choose the correct option."}, "options": {"en": ["Option A1399", "Option B1399", "Option C1399", "Option D1399"]}, "answerIndex": 3}, {"id": "MA_1314", "section": "Mathematics", "topic": "Time&Work", "difficulty": "moderate", "text": {"en": "[Mathematics/Time&Work] Sample exam-style question #1314: Choose the correct option."}, "options": {"en": ["Option A1314", "Option B1314", "Option C1314", "Option D1314"]}, "answerIndex": 2}, {"id": "GE_1361", "section": "General Awareness", "topic": "Current Affairs", "difficulty": "moderate", "text": {"en": "[General Awareness/Current Affairs] Sample exam-style question #1361: Choose the correct option."}, "options": {"en": ["Option A1361", "Option B1361", "Option C1361", "Option D1361"]}, "answerIndex": 1}, {"id": "GE_1376", "section": "General Awareness", "topic": "History", "difficulty": "moderate", "text": {"en": "[General Awareness/History] Sample exam-style question #1376: Choose the correct option."}, "options": {"en": ["Option A1376", "Option B1376", "Option C1376", "Option D1376"]}, "answerIndex": 0}, {"id": "RE_1354", "section": "Reasoning", "topic": "Analogy", "difficulty": "moderate", "text": {"en": "[Reasoning/Analogy] Sample exam-style question #1354: Choose the correct option."}, "options": {"en": ["Option A1354", "Option B1354", "Option C1354", "Option D1354"]}, "answerIndex": 2}, {"id": "GE_1397", "section": "General Awareness", "topic": "Geography", "difficulty": "moderate", "text": {"en": "[General Awareness/Geography] Sample exam-style question #1397: Choose the correct option."}, "options": {"en": ["Option A1397", "Option B1397", "Option C1397", "Option D1397"]}, "answerIndex": 1}, {"id": "GE_1363", "section": "General Awareness", "topic": "Polity", "difficulty": "moderate", "text": {"en": "[General Awareness/Polity] Sample exam-style question #1363: Choose the correct option."}, "options": {"en": ["Option A1363", "Option B1363", "Option C1363", "Option D1363"]}, "answerIndex": 3}, {"id": "GE_1400", "section": "General Awareness", "topic": "Current Affairs", "difficulty": "moderate", "text": {"en": "[General Awareness/Current Affairs] Sample exam-style question #1400: Choose the correct option."}, "options": {"en": ["Option A1400", "Option B1400", "Option C1400", "Option D1400"]}, "answerIndex": 0}, {"id": "RE_1360", "section": "Reasoning", "topic": "Series", "difficulty": "moderate", "text": {"en": "[Reasoning/Series] Sample exam-style question #1360: Choose the correct option."}, "options": {"en": ["Option A1360", "Option B1360", "Option C1360", "Option D1360"]}, "answerIndex": 0}, {"id": "MA_1323", "section": "Mathematics", "topic": "CI", "difficulty": "moderate", "text": {"en": "[Mathematics/CI] Sample exam-style question #1323: Choose the correct option."}, "options": {"en": ["Option A1323", "Option B1323", "Option C1323", "Option D1323"]}, "answerIndex": 3}, {"id": "GE_1392", "section": "General Awareness", "topic": "Science", "difficulty": "moderate", "text": {"en": "[General Awareness/Science] Sample exam-style question #1392: Choose the correct option."}, "options": {"en": ["Option A1392", "Option B1392", "Option C1392", "Option D1392"]}, "answerIndex": 0}, {"id": "GE_1380", "section": "General Awareness", "topic": "Science", "difficulty": "moderate", "text": {"en": "[General Awareness/Science] Sample exam-style question #1380: Choose the correct option."}, "options": {"en": ["Option A1380", "Option B1380", "Option C1380", "Option D1380"]}, "answerIndex": 0}, {"id": "GE_1387", "section": "General Awareness", "topic": "Economy", "difficulty": "moderate", "text": {"en": "[General Awareness/Economy] Sample exam-style question #1387: Choose the correct option."}, "options": {"en": ["Option A1387", "Option B1387", "Option C1387", "Option D1387"]}, "answerIndex": 3}, {"id": "GE_1395", "section": "General Awareness", "topic": "Economy", "difficulty": "moderate", "text": {"en": "[General Awareness/Economy] Sample exam-style question #1395: Choose the correct option."}, "options": {"en": ["Option A1395", "Option B1395", "Option C1395", "Option D1395"]}, "answerIndex": 3}, {"id": "RE_1355", "section": "Reasoning", "topic": "Syllogism", "difficulty": "moderate", "text": {"en": "[Reasoning/Syllogism] Sample exam-style question #1355: Choose the correct option."}, "options": {"en": ["Option A1355", "Option B1355", "Option C1355", "Option D1355"]}, "answerIndex": 3}, {"id": "MA_1305", "section": "Mathematics", "topic": "Speed", "difficulty": "moderate", "text": {"en": "[Mathematics/Speed] Sample exam-style question #1305: Choose the correct option."}, "options": {"en": ["Option A1305", "Option B1305", "Option C1305", "Option D1305"]}, "answerIndex": 1}, {"id": "RE_1333", "section": "Reasoning", "topic": "Syllogism", "difficulty": "moderate", "text": {"en": "[Reasoning/Syllogism] Sample exam-style question #1333: Choose the correct option."}, "options": {"en": ["Option A1333", "Option B1333", "Option C1333", "Option D1333"]}, "answerIndex": 1}, {"id": "RE_1331", "section": "Reasoning", "topic": "Series", "difficulty": "moderate", "text": {"en": "[Reasoning/Series] Sample exam-style question #1331: Choose the correct option."}, "options": {"en": ["Option A1331", "Option B1331", "Option C1331", "Option D1331"]}, "answerIndex": 3}, {"id": "MA_1301", "section": "Mathematics", "topic": "Speed", "difficulty": "moderate", "text": {"en": "[Mathematics/Speed] Sample exam-style question #1301: Choose the correct option."}, "options": {"en": ["Option A1301", "Option B1301", "Option C1301", "Option D1301"]}, "answerIndex": 1}, {"id": "GE_1366", "section": "General Awareness", "topic": "Current Affairs", "difficulty": "moderate", "text": {"en": "[General Awareness/Current Affairs] Sample exam-style question #1366: Choose the correct option."}, "options": {"en": ["Option A1366", "Option B1366", "Option C1366", "Option D1366"]}, "answerIndex": 2}]}