{"testId": "031", "questions": [{"id": "MA_3020", "section": "Mathematics", "topic": "Time&Work", "difficulty": "moderate", "text": {"en": "[Mathematics/Time&Work] Sample exam-style question #3020: Choose the correct option."}, "options": {"en": ["Option A3020", "Option B3020", "Option C3020", "Option D3020"]}, "answerIndex": 0}, {"id": "GE_3063", "section": "General Awareness", "topic": "Current Affairs", "difficulty": "moderate", "text": {"en": "[General Awareness/Current Affairs] Sample exam-style question #3063: Choose the correct option."}, "options": {"en": ["Option A3063", "Option B3063", "Option C3063", "Option D3063"]}, "answerIndex": 3}, {"id": "MA_3001", "section": "Mathematics", "topic": "DI", "difficulty": "moderate", "text": {"en": "[Mathematics/DI] Sample exam-style question #3001: Choose the correct option."}, "options": {"en": ["Option A3001", "Option B3001", "Option C3001", "Option D3001"]}, "answerIndex": 1}, {"id": "RE_3052", "section": "Reasoning", "topic": "Series", "difficulty": "moderate", "text": {"en": "[Reasoning/Series] Sample exam-style question #3052: Choose the correct option."}, "options": {"en": ["Option A3052", "Option B3052", "Option C3052", "Option D3052"]}, "answerIndex": 0}, {"id": "RE_3056", "section": "Reasoning", "topic": "Analogy", "difficulty": "moderate", "text": {"en": "[Reasoning/Analogy] Sample exam-style question #3056: Choose the correct option."}, "options": {"en": ["Option A3056", "Option B3056", "Option C3056", "Option D3056"]}, "answerIndex": 0}, {"id": "RE_3040", "section": "Reasoning", "topic": "Direction", "difficulty": "moderate", "text": {"en": "[Reasoning/Direction] Sample exam-style question #3040: Choose the correct option."}, "options": {"en": ["Option A3040", "Option B3040", "Option C3040", "Option D3040"]}, "answerIndex": 0}, {"id": "MA_3009", "section": "Mathematics", "topic": "Time&Work", "difficulty": "moderate", "text": {"en": "[Mathematics/Time&Work] Sample exam-style question #3009: Choose the correct option."}, "options": {"en": ["Option A3009", "Option B3009", "Option C3009", "Option D3009"]}, "answerIndex": 1}, {"id": "GE_3076", "section": "General Awareness", "topic": "Current Affairs", "difficulty": "moderate", "text": {"en": "[General Awareness/Current Affairs] Sample exam-style question #3076: Choose the correct option."}, "options": {"en": ["Option A3076", "Option B3076", "Option C3076", "Option D3076"]}, "answerIndex": 0}, {"id": "RE_3034", "section": "Reasoning", "topic": "Puzzle", "difficulty": "moderate", "text": {"en": "[Reasoning/Puzzle] Sample exam-style question #3034: Choose the correct option."}, "options": {"en": ["Option A3034", "Option B3034", "Option C3034", "Option D3034"]}, "answerIndex": 2}, {"id": "MA_3017", "section": "Mathematics", "topic": "Percentage", "difficulty": "moderate", "text": {"en": "[Mathematics/Percentage] Sample exam-style question #3017: Choose the correct option."}, "options": {"en": ["Option A3017", "Option B3017", "Option C3017", "Option D3017"]}, "answerIndex": 1}, {"id": "MA_3003", "section": "Mathematics", "topic": "Speed", "difficulty": "moderate", "text": {"en": "[Mathematics/Speed] Sample exam-style question #3003: Choose the correct option."}, "options": {"en": ["Option A3003", "Option B3003", "Option C3003", "Option D3003"]}, "answerIndex": 3}, {"id": "GE_3064", "section": "General Awareness", "topic": "Polity", "difficulty": "moderate", "text": {"en": "[General Awareness/Polity] Sample exam-style question #3064: Choose the correct option."}, "options": {"en": ["Option A3064", "Option B3064", "Option C3064", "Option D3064"]}, "answerIndex": 0}, {"id": "GE_3080", "section": "General Awareness", "topic": "Economy", "difficulty": "moderate", "text": {"en": "[General Awareness/Economy] Sample exam-style question #3080: Choose the correct option."}, "options": {"en": ["Option A3080", "Option B3080", "Option C3080", "Option D3080"]}, "answerIndex": 0}, {"id": "RE_3046", "section": "Reasoning", "topic": "Series", "difficulty": "moderate", "text": {"en": "[Reasoning/Series] Sample exam-style question #3046: Choose the correct option."}, "options": {"en": ["Option A3046", "Option B3046", "Option C3046", "Option D3046"]}, "answerIndex": 2}, {"id": "GE_3066", "section": "General Awareness", "topic": "Polity", "difficulty": "moderate", "text": {"en": "[General Awareness/Polity] Sample exam-style question #3066: Choose the correct option."}, "options": {"en": ["Option A3066", "Option B3066", "Option C3066", "Option D3066"]}, "answerIndex": 2}, {"id": "RE_3035", "section": "Reasoning", "topic": "Direction", "difficulty": "moderate", "text": {"en": "[Reasoning/Direction] Sample exam-style question #3035: Choose the correct option."}, "options": {"en": ["Option A3035", "Option B3035", "Option C3035", "Option D3035"]}, "answerIndex": 3}, {"id": "MA_3007", "section": "Mathematics", "topic": "DI", "difficulty": "moderate", "text": {"en": "[Mathematics/DI] Sample exam-style question #3007: Choose the correct option."}, "options": {"en": ["Option A3007", "Option B3007", "Option C3007", "Option D3007"]}, "answerIndex": 3}, {"id": "MA_3028", "section": "Mathematics", "topic": "Time&Work", "difficulty": "moderate", "text": {"en": "[Mathematics/Time&Work] Sample exam-style question #3028: Choose the correct option."}, "options": {"en": ["Option A3028", "Option B3028", "Option C3028", "Option D3028"]}, "answerIndex": 0}, {"id": "RE_3039", "section": "Reasoning", "topic": "Series", "difficulty": "moderate", "text": {"en": "[Reasoning/Series] Sample exam-style question #3039: Choose the correct option."}, "options": {"en": ["Option A3039", "Option B3039", "Option C3039", "Option D3039"]}, "answerIndex": 3}, {"id": "GE_3065", "section": "General Awareness", "topic": "Science", "difficulty": "moderate", "text": {"en": "[General Awareness/Science] Sample exam-style question #3065: Choose the correct option."}, "options": {"en": ["Option A3065", "Option B3065", "Option C3065", "Option D3065"]}, "answerIndex": 1}, {"id": "RE_3037", "section": "Reasoning", "topic": "Puzzle", "difficulty": "moderate", "text": {"en": "[Reasoning/Puzzle] Sample exam-style question #3037: Choose the correct option."}, "options": {"en": ["Option A3037", "Option B3037", "Option C3037", "Option D3037"]}, "answerIndex": 1}, {"id": "MA_3025", "section": "Mathematics", "topic": "Ratio", "difficulty": "moderate", "text": {"en": "[Mathematics/Ratio] Sample exam-style question #3025: Choose the correct option."}, "options": {"en": ["Option A3025", "Option B3025", "Option C3025", "Option D3025"]}, "answerIndex": 1}, {"id": "MA_3011", "section": "Mathematics", "topic": "Time&Work", "difficulty": "moderate", "text": {"en": "[Mathematics/Time&Work] Sample exam-style question #3011: Choose the correct option."}, "options": {"en": ["Option A3011", "Option B3011", "Option C3011", "Option D3011"]}, "answerIndex": 3}, {"id": "RE_3044", "section": "Reasoning", "topic": "Direction", "difficulty": "moderate", "text": {"en": "[Reasoning/Direction] Sample exam-style question #3044: Choose the correct option."}, "options": {"en": ["Option A3044", "Option B3044", "Option C3044", "Option D3044"]}, "answerIndex": 0}, {"id": "MA_3012", "section": "Mathematics", "topic": "Speed", "difficulty": "moderate", "text": {"en": "[Mathematics/Speed] Sample exam-style question #3012: Choose the correct option."}, "options": {"en": ["Option A3012", "Option B3012", "Option C3012", "Option D3012"]}, "answerIndex": 0}, {"id": "GE_3072", "section": "General Awareness", "topic": "History", "difficulty": "moderate", "text": {"en": "[General Awareness/History] Sample exam-style question #3072: Choose the correct option."}, "options": {"en": ["Option A3072", "Option B3072", "Option C3072", "Option D3072"]}, "answerIndex": 0}, {"id": "GE_3086", "section": "General Awareness", "topic": "Science", "difficulty": "moderate", "text": {"en": "[General Awareness/Science] Sample exam-style question #3086: Choose the correct option."}, "options": {"en": ["Option A3086", "Option B3086", "Option C3086", "Option D3086"]}, "answerIndex": 2}, {"id": "GE_3093", "section": "General Awareness", "topic": "Economy", "difficulty": "moderate", "text": {"en": "[General Awareness/Economy] Sample exam-style question #3093: Choose the correct option."}, "options": {"en": ["Option A3093", "Option B3093", "Option C3093", "Option D3093"]}, "answerIndex": 1}, {"id": "RE_3047", "section": "Reasoning", "topic": "Puzzle", "difficulty": "moderate", "text": {"en": "[Reasoning/Puzzle] Sample exam-style question #3047: Choose the correct option."}, "options": {"en": ["Option A3047", "Option B3047", "Option C3047", "Option D3047"]}, "answerIndex": 3}, {"id": "RE_3042", "section": "Reasoning", "topic": "Puzzle", "difficulty": "moderate", "text": {"en": "[Reasoning/Puzzle] Sample exam-style question #3042: Choose the correct option."}, "options": {"en": ["Option A3042", "Option B3042", "Option C3042", "Option D3042"]}, "answerIndex": 2}, {"id": "GE_3078", "section": "General Awareness", "topic": "Geography", "difficulty": "moderate", "text": {"en": "[General Awareness/Geography] Sample exam-style question #3078: Choose the correct option."}, "options": {"en": ["Option A3078", "Option B3078", "Option C3078", "Option D3078"]}, "answerIndex": 2}, {"id": "MA_3010", "section": "Mathematics", "topic": "CI", "difficulty": "moderate", "text": {"en": "[Mathematics/CI] Sample exam-style question #3010: Choose the correct option."}, "options": {"en": ["Option A3010", "Option B3010", "Option C3010", "Option D3010"]}, "answerIndex": 2}, {"id": "RE_3057", "section": "Reasoning", "topic": "Coding", "difficulty": "moderate", "text": {"en": "[Reasoning/Coding] Sample exam-style question #3057: Choose the correct option."}, "options": {"en": ["Option A3057", "Option B3057", "Option C3057", "Option D3057"]}, "answerIndex": 1}, {"id": "MA_3029", "section": "Mathematics", "topic": "CI", "difficulty": "moderate", "text": {"en": "[Mathematics/CI] Sample exam-style question #3029: Choose the correct option."}, "options": {"en": ["Option A3029", "Option B3029", "Option C3029", "Option D3029"]}, "answerIndex": 1}, {"id": "GE_3087", "section": "General Awareness", "topic": "History", "difficulty": "moderate", "text": {"en": "[General Awareness/History] Sample exam-style question #3087: Choose the correct option."}, "options": {"en": ["Option A3087", "Option B3087", "Option C3087", "Option D3087"]}, "answerIndex": 3}, {"id": "RE_3049", "section": "Reasoning", "topic": "Analogy", "difficulty": "moderate", "text": {"en": "[Reasoning/Analogy] Sample exam-style question #3049: Choose the correct option."}, "options": {"en": ["Option A3049", "Option B3049", "Option C3049", "Option D3049"]}, "answerIndex": 1}, {"id": "GE_3092", "section": "General Awareness", "topic": "Science", "difficulty": "moderate", "text": {"en": "[General Awareness/Science] Sample exam-style question #3092: Choose the correct option."}, "options": {"en": ["Option A3092", "Option B3092", "Option C3092", "Option D3092"]}, "answerIndex": 0}, {"id": "RE_3033", "section": "Reasoning", "topic": "Analogy", "difficulty": "moderate", "text": {"en": "[Reasoning/Analogy] Sample exam-style question #3033: Choose the correct option."}, "options": {"en": ["Option A3033", "Option B3033", "Option C3033", "Option D3033"]}, "answerIndex": 1}, {"id": "GE_3089", "section": "General Awareness", "topic": "Geography", "difficulty": "moderate", "text": {"en": "[General Awareness/Geography] Sample exam-style question #3089: Choose the correct option."}, "options": {"en": ["Option A3089", "Option B3089", "Option C3089", "Option D3089"]}, "answerIndex": 1}, {"id": "GE_3069", "section": "General Awareness", "topic": "Polity", "difficulty": "moderate", "text": {"en": "[General Awareness/Polity] Sample exam-style question #3069: Choose the correct option."}, "options": {"en": ["Option A3069", "Option B3069", "Option C3069", "Option D3069"]}, "answerIndex": 1}, {"id": "RE_3055", "section": "Reasoning", "topic": "Series", "difficulty": "moderate", "text": {"en": "[Reasoning/Series] Sample exam-style question #3055: Choose the correct option."}, "options": {"en": ["Option A3055", "Option B3055", "Option C3055", "Option D3055"]}, "answerIndex": 3}, {"id": "MA_3019", "section": "Mathematics", "topic": "Time&Work", "difficulty": "moderate", "text": {"en": "[Mathematics/Time&Work] Sample exam-style question #3019: Choose the correct option."}, "options": {"en": ["Option A3019", "Option B3019", "Option C3019", "Option D3019"]}, "answerIndex": 3}, {"id": "GE_3084", "section": "General Awareness", "topic": "Current Affairs", "difficulty": "moderate", "text": {"en": "[General Awareness/Current Affairs] Sample exam-style question #3084: Choose the correct option."}, "options": {"en": ["Option A3084", "Option B3084", "Option C3084", "Option D3084"]}, "answerIndex": 0}, {"id": "MA_3021", "section": "Mathematics", "topic": "Ratio", "difficulty": "moderate", "text": {"en": "[Mathematics/Ratio] Sample exam-style question #3021: Choose the correct option."}, "options": {"en": ["Option A3021", "Option B3021", "Option C3021", "Option D3021"]}, "answerIndex": 1}, {"id": "MA_3015", "section": "Mathematics", "topic": "Time&Work", "difficulty": "moderate", "text": {"en": "[Mathematics/Time&Work] Sample exam-style question #3015: Choose the correct option."}, "options": {"en": ["Option A3015", "Option B3015", "Option C3015", "Option D3015"]}, "answerIndex": 3}, {"id": "GE_3100", "section": "General Awareness", "topic": "Geography", "difficulty": "moderate", "text": {"en": "[General Awareness/Geography] Sample exam-style question #3100: Choose the correct option."}, "options": {"en": ["Option A3100", "Option B3100", "Option C3100", "Option D3100"]}, "answerIndex": 0}, {"id": "GE_3067", "section": "General Awareness", "topic": "Polity", "difficulty": "moderate", "text": {"en": "[General Awareness/Polity] Sample exam-style question #3067: Choose the correct option."}, "options": {"en": ["Option A3067", "Option B3067", "Option C3067", "Option D3067"]}, "answerIndex": 3}, {"id": "RE_3032", "section": "Reasoning", "topic": "Coding", "difficulty": "moderate", "text": {"en": "[Reasoning/Coding] Sample exam-style question #3032: Choose the correct option."}, "options": {"en": ["Option A3032", "Option B3032", "Option C3032", "Option D3032"]}, "answerIndex": 0}, {"id": "MA_3018", "section": "Mathematics", "topic": "DI", "difficulty": "moderate", "text": {"en": "[Mathematics/DI] Sample exam-style question #3018: Choose the correct option."}, "options": {"en": ["Option A3018", "Option B3018", "Option C3018", "Option D3018"]}, "answerIndex": 2}, {"id": "MA_3016", "section": "Mathematics", "topic": "Percentage", "difficulty": "moderate", "text": {"en": "[Mathematics/Percentage] Sample exam-style question #3016: Choose the correct option."}, "options": {"en": ["Option A3016", "Option B3016", "Option C3016", "Option D3016"]}, "answerIndex": 0}, {"id": "GE_3085", "section": "General Awareness", "topic": "Current Affairs", "difficulty": "moderate", "text": {"en": "[General Awareness/Current Affairs] Sample exam-style question #3085: Choose the correct option."}, "options": {"en": ["Option A3085", "Option B3085", "Option C3085", "Option D3085"]}, "answerIndex": 1}, {"id": "MA_3030", "section": "Mathematics", "topic": "Percentage", "difficulty": "moderate", "text": {"en": "[Mathematics/Percentage] Sample exam-style question #3030: Choose the correct option."}, "options": {"en": ["Option A3030", "Option B3030", "Option C3030", "Option D3030"]}, "answerIndex": 2}, {"id": "MA_3004", "section": "Mathematics", "topic": "DI", "difficulty": "moderate", "text": {"en": "[Mathematics/DI] Sample exam-style question #3004: Choose the correct option."}, "options": {"en": ["Option A3004", "Option B3004", "Option C3004", "Option D3004"]}, "answerIndex": 0}, {"id": "GE_3088", "section": "General Awareness", "topic": "Current Affairs", "difficulty": "moderate", "text": {"en": "[General Awareness/Current Affairs] Sample exam-style question #3088: Choose the correct option."}, "options": {"en": ["Option A3088", "Option B3088", "Option C3088", "Option D3088"]}, "answerIndex": 0}, {"id": "RE_3054", "section": "Reasoning", "topic": "Syllogism", "difficulty": "moderate", "text": {"en": "[Reasoning/Syllogism] Sample exam-style question #3054: Choose the correct option."}, "options": {"en": ["Option A3054", "Option B3054", "Option C3054", "Option D3054"]}, "answerIndex": 2}, {"id": "RE_3058", "section": "Reasoning", "topic": "Puzzle", "difficulty": "moderate", "text": {"en": "[Reasoning/Puzzle] Sample exam-style question #3058: Choose the correct option."}, "options": {"en": ["Option A3058", "Option B3058", "Option C3058", "Option D3058"]}, "answerIndex": 2}, {"id": "RE_3031", "section": "Reasoning", "topic": "Analogy", "difficulty": "moderate", "text": {"en": "[Reasoning/Analogy] Sample exam-style question #3031: Choose the correct option."}, "options": {"en": ["Option A3031", "Option B3031", "Option C3031", "Option D3031"]}, "answerIndex": 3}, {"id": "GE_3091", "section": "General Awareness", "topic": "History", "difficulty": "moderate", "text": {"en": "[General Awareness/History] Sample exam-style question #3091: Choose the correct option."}, "options": {"en": ["Option A3091", "Option B3091", "Option C3091", "Option D3091"]}, "answerIndex": 3}, {"id": "RE_3038", "section": "Reasoning", "topic": "Direction", "difficulty": "moderate", "text": {"en": "[Reasoning/Direction] Sample exam-style question #3038: Choose the correct option."}, "options": {"en": ["Option A3038", "Option B3038", "Option C3038", "Option D3038"]}, "answerIndex": 2}, {"id": "MA_3013", "section": "Mathematics", "topic": "SI", "difficulty": "moderate", "text": {"en": "[Mathematics/SI] Sample exam-style question #3013: Choose the correct option."}, "options": {"en": ["Option A3013", "Option B3013", "Option C3013", "Option D3013"]}, "answerIndex": 1}, {"id": "MA_3023", "section": "Mathematics", "topic": "Time&Work", "difficulty": "moderate", "text": {"en": "[Mathematics/Time&Work] Sample exam-style question #3023: Choose the correct option."}, "options": {"en": ["Option A3023", "Option B3023", "Option C3023", "Option D3023"]}, "answerIndex": 3}, {"id": "GE_3073", "section": "General Awareness", "topic": "History", "difficulty": "moderate", "text": {"en": "[General Awareness/History] Sample exam-style question #3073: Choose the correct option."}, "options": {"en": ["Option A3073", "Option B3073", "Option C3073", "Option D3073"]}, "answerIndex": 1}, {"id": "RE_3050", "section": "Reasoning", "topic": "Syllogism", "difficulty": "moderate", "text": {"en": "[Reasoning/Syllogism] Sample exam-style question #3050: Choose the correct option."}, "options": {"en": ["Option A3050", "Option B3050", "Option C3050", "Option D3050"]}, "answerIndex": 2}, {"id": "RE_3045", "section": "Reasoning", "topic": "Puzzle", "difficulty": "moderate", "text": {"en": "[Reasoning/Puzzle] Sample exam-style question #3045: Choose the correct option."}, "options": {"en": ["Option A3045", "Option B3045", "Option C3045", "Option D3045"]}, "answerIndex": 1}, {"id": "GE_3070", "section": "General Awareness", "topic": "Geography", "difficulty": "moderate", "text": {"en": "[General Awareness/Geography] Sample exam-style question #3070: Choose the correct option."}, "options": {"en": ["Option A3070", "Option B3070", "Option C3070", "Option D3070"]}, "answerIndex": 2}, {"id": "RE_3053", "section": "Reasoning", "topic": "Direction", "difficulty": "moderate", "text": {"en": "[Reasoning/Direction] Sample exam-style question #3053: Choose the correct option."}, "options": {"en": ["Option A3053", "Option B3053", "Option C3053", "Option D3053"]}, "answerIndex": 1}, {"id": "GE_3098", "section": "General Awareness", "topic": "Polity", "difficulty": "moderate", "text": {"en": "[General Awareness/Polity] Sample exam-style question #3098: Choose the correct option."}, "options": {"en": ["Option A3098", "Option B3098", "Option C3098", "Option D3098"]}, "answerIndex": 2}, {"id": "MA_3014", "section": "Mathematics", "topic": "Percentage", "difficulty": "moderate", "text": {"en": "[Mathematics/Percentage] Sample exam-style question #3014: Choose the correct option."}, "options": {"en": ["Option A3014", "Option B3014", "Option C3014", "Option D3014"]}, "answerIndex": 2}, {"id": "GE_3068", "section": "General Awareness", "topic": "Economy", "difficulty": "moderate", "text": {"en": "[General Awareness/Economy] Sample exam-style question #3068: Choose the correct option."}, "options": {"en": ["Option A3068", "Option B3068", "Option C3068", "Option D3068"]}, "answerIndex": 0}, {"id": "MA_3022", "section": "Mathematics", "topic": "Time&Work", "difficulty": "moderate", "text": {"en": "[Mathematics/Time&Work] Sample exam-style question #3022: Choose the correct option."}, "options": {"en": ["Option A3022", "Option B3022", "Option C3022", "Option D3022"]}, "answerIndex": 2}, {"id": "GE_3061", "section": "General Awareness", "topic": "Economy", "difficulty": "moderate", "text": {"en": "[General Awareness/Economy] Sample exam-style question #3061: Choose the correct option."}, "options": {"en": ["Option A3061", "Option B3061", "Option C3061", "Option D3061"]}, "answerIndex": 1}, {"id": "GE_3077", "section": "General Awareness", "topic": "Economy", "difficulty": "moderate", "text": {"en": "[General Awareness/Economy] Sample exam-style question #3077: Choose the correct option."}, "options": {"en": ["Option A3077", "Option B3077", "Option C3077", "Option D3077"]}, "answerIndex": 1}, {"id": "RE_3043", "section": "Reasoning", "topic": "Direction", "difficulty": "moderate", "text": {"en": "[Reasoning/Direction] Sample exam-style question #3043: Choose the correct option."}, "options": {"en": ["Option A3043", "Option B3043", "Option C3043", "Option D3043"]}, "answerIndex": 3}, {"id": "GE_3082", "section": "General Awareness", "topic": "Economy", "difficulty": "moderate", "text": {"en": "[General Awareness/Economy] Sample exam-style question #3082: Choose the correct option."}, "options": {"en": ["Option A3082", "Option B3082", "Option C3082", "Option D3082"]}, "answerIndex": 2}, {"id": "MA_3027", "section": "Mathematics", "topic": "DI", "difficulty": "moderate", "text": {"en": "[Mathematics/DI] Sample exam-style question #3027: Choose the correct option."}, "options": {"en": ["Option A3027", "Option B3027", "Option C3027", "Option D3027"]}, "answerIndex": 3}, {"id": "GE_3079", "section": "General Awareness", "topic": "Economy", "difficulty": "moderate", "text": {"en": "[General Awareness/Economy] Sample exam-style question #3079: Choose the correct option."}, "options": {"en": ["Option A3079", "Option B3079", "Option C3079", "Option D3079"]}, "answerIndex": 3}, {"id": "GE_3096", "section": "General Awareness", "topic": "Current Affairs", "difficulty": "moderate", "text": {"en": "[General Awareness/Current Affairs] Sample exam-style question #3096: Choose the correct option."}, "options": {"en": ["Option A3096", "Option B3096", "Option C3096", "Option D3096"]}, "answerIndex": 0}, {"id": "GE_3075", "section": "General Awareness", "topic": "Current Affairs", "difficulty": "moderate", "text": {"en": "[General Awareness/Current Affairs] Sample exam-style question #3075: Choose the correct option."}, "options": {"en": ["Option A3075", "Option B3075", "Option C3075", "Option D3075"]}, "answerIndex": 3}, {"id": "GE_3099", "section": "General Awareness", "topic": "Polity", "difficulty": "moderate", "text": {"en": "[General Awareness/Polity] Sample exam-style question #3099: Choose the correct option."}, "options": {"en": ["Option A3099", "Option B3099", "Option C3099", "Option D3099"]}, "answerIndex": 3}, {"id": "MA_3026", "section": "Mathematics", "topic": "SI", "difficulty": "moderate", "text": {"en": "[Mathematics/SI] Sample exam-style question #3026: Choose the correct option."}, "options": {"en": ["Option A3026", "Option B3026", "Option C3026", "Option D3026"]}, "answerIndex": 2}, {"id": "GE_3083", "section": "General Awareness", "topic": "Polity", "difficulty": "moderate", "text": {"en": "[General Awareness/Polity] Sample exam-style question #3083: Choose the correct option."}, "options": {"en": ["Option A3083", "Option B3083", "Option C3083", "Option D3083"]}, "answerIndex": 3}, {"id": "MA_3002", "section": "Mathematics", "topic": "Ratio", "difficulty": "moderate", "text": {"en": "[Mathematics/Ratio] Sample exam-style question #3002: Choose the correct option."}, "options": {"en": ["Option A3002", "Option B3002", "Option C3002", "Option D3002"]}, "answerIndex": 2}, {"id": "MA_3024", "section": "Mathematics", "topic": "Ratio", "difficulty": "moderate", "text": {"en": "[Mathematics/Ratio] Sample exam-style question #3024: Choose the correct option."}, "options": {"en": ["Option A3024", "Option B3024", "Option C3024", "Option D3024"]}, "answerIndex": 0}, {"id": "GE_3062", "section": "General Awareness", "topic": "Geography", "difficulty": "moderate", "text": {"en": "[General Awareness/Geography] Sample exam-style question #3062: Choose the correct option."}, "options": {"en": ["Option A3062", "Option B3062", "Option C3062", "Option D3062"]}, "answerIndex": 2}, {"id": "MA_3008", "section": "Mathematics", "topic": "Percentage", "difficulty": "moderate", "text": {"en": "[Mathematics/Percentage] Sample exam-style question #3008: Choose the correct option."}, "options": {"en": ["Option A3008", "Option B3008", "Option C3008", "Option D3008"]}, "answerIndex": 0}, {"id": "GE_3094", "section": "General Awareness", "topic": "Science", "difficulty": "moderate", "text": {"en": "[General Awareness/Science] Sample exam-style question #3094: Choose the correct option."}, "options": {"en": ["Option A3094", "Option B3094", "Option C3094", "Option D3094"]}, "answerIndex": 2}, {"id": "RE_3059", "section": "Reasoning", "topic": "Series", "difficulty": "moderate", "text": {"en": "[Reasoning/Series] Sample exam-style question #3059: Choose the correct option."}, "options": {"en": ["Option A3059", "Option B3059", "Option C3059", "Option D3059"]}, "answerIndex": 3}, {"id": "RE_3051", "section": "Reasoning", "topic": "Analogy", "difficulty": "moderate", "text": {"en": "[Reasoning/Analogy] Sample exam-style question #3051: Choose the correct option."}, "options": {"en": ["Option A3051", "Option B3051", "Option C3051", "Option D3051"]}, "answerIndex": 3}, {"id": "RE_3060", "section": "Reasoning", "topic": "Series", "difficulty": "moderate", "text": {"en": "[Reasoning/Series] Sample exam-style question #3060: Choose the correct option."}, "options": {"en": ["Option A3060", "Option B3060", "Option C3060", "Option D3060"]}, "answerIndex": 0}, {"id": "RE_3036", "section": "Reasoning", "topic": "Series", "difficulty": "moderate", "text": {"en": "[Reasoning/Series] Sample exam-style question #3036: Choose the correct option."}, "options": {"en": ["Option A3036", "Option B3036", "Option C3036", "Option D3036"]}, "answerIndex": 0}, {"id": "GE_3081", "section": "General Awareness", "topic": "Economy", "difficulty": "moderate", "text": {"en": "[General Awareness/Economy] Sample exam-style question #3081: Choose the correct option."}, "options": {"en": ["Option A3081", "Option B3081", "Option C3081", "Option D3081"]}, "answerIndex": 1}, {"id": "RE_3048", "section": "Reasoning", "topic": "Direction", "difficulty": "moderate", "text": {"en": "[Reasoning/Direction] Sample exam-style question #3048: Choose the correct option."}, "options": {"en": ["Option A3048", "Option B3048", "Option C3048", "Option D3048"]}, "answerIndex": 0}, {"id": "GE_3097", "section": "General Awareness", "topic": "History", "difficulty": "moderate", "text": {"en": "[General Awareness/History] Sample exam-style question #3097: Choose the correct option."}, "options": {"en": ["Option A3097", "Option B3097", "Option C3097", "Option D3097"]}, "answerIndex": 1}, {"id": "GE_3095", "section": "General Awareness", "topic": "History", "difficulty": "moderate", "text": {"en": "[General Awareness/History] Sample exam-style question #3095: Choose the correct option."}, "options": {"en": ["Option A3095", "Option B3095", "Option C3095", "Option D3095"]}, "answerIndex": 3}, {"id": "RE_3041", "section": "Reasoning", "topic": "Coding", "difficulty": "moderate", "text": {"en": "[Reasoning/Coding] Sample exam-style question #3041: Choose the correct option."}, "options": {"en": ["Option A3041", "Option B3041", "Option C3041", "Option D3041"]}, "answerIndex": 1}, {"id": "MA_3005", "section": "Mathematics", "topic": "Time&Work", "difficulty": "moderate", "text": {"en": "[Mathematics/Time&Work] Sample exam-style question #3005: Choose the correct option."}, "options": {"en": ["Option A3005", "Option B3005", "Option C3005", "Option D3005"]}, "answerIndex": 1}, {"id": "MA_3006", "section": "Mathematics", "topic": "DI", "difficulty": "moderate", "text": {"en": "[Mathematics/DI] Sample exam-style question #3006: Choose the correct option."}, "options": {"en": ["Option A3006", "Option B3006", "Option C3006", "Option D3006"]}, "answerIndex": 2}, {"id": "GE_3071", "section": "General Awareness", "topic": "Economy", "difficulty": "moderate", "text": {"en": "[General Awareness/Economy] Sample exam-style question #3071: Choose the correct option."}, "options": {"en": ["Option A3071", "Option B3071", "Option C3071", "Option D3071"]}, "answerIndex": 3}, {"id": "GE_3074", "section": "General Awareness", "topic": "Current Affairs", "difficulty": "moderate", "text": {"en": "[General Awareness/Current Affairs] Sample exam-style question #3074: Choose the correct option."}, "options": {"en": ["Option A3074", "Option B3074", "Option C3074", "Option D3074"]}, "answerIndex": 2}, {"id": "GE_3090", "section": "General Awareness", "topic": "Polity", "difficulty": "moderate", "text": {"en": "[General Awareness/Polity] Sample exam-style question #3090: Choose the correct option."}, "options": {"en": ["Option A3090", "Option B3090", "Option C3090", "Option D3090"]}, "answerIndex": 2}]}