{"testId": "026", "questions": [{"id": "GE_2567", "section": "General Awareness", "topic": "Current Affairs", "difficulty": "moderate", "text": {"en": "[General Awareness/Current Affairs] Sample exam-style question #2567: Choose the correct option."}, "options": {"en": ["Option A2567", "Option B2567", "Option C2567", "Option D2567"]}, "answerIndex": 3}, {"id": "GE_2563", "section": "General Awareness", "topic": "Economy", "difficulty": "moderate", "text": {"en": "[General Awareness/Economy] Sample exam-style question #2563: Choose the correct option."}, "options": {"en": ["Option A2563", "Option B2563", "Option C2563", "Option D2563"]}, "answerIndex": 3}, {"id": "MA_2516", "section": "Mathematics", "topic": "SI", "difficulty": "moderate", "text": {"en": "[Mathematics/SI] Sample exam-style question #2516: Choose the correct option."}, "options": {"en": ["Option A2516", "Option B2516", "Option C2516", "Option D2516"]}, "answerIndex": 0}, {"id": "GE_2596", "section": "General Awareness", "topic": "History", "difficulty": "moderate", "text": {"en": "[General Awareness/History] Sample exam-style question #2596: Choose the correct option."}, "options": {"en": ["Option A2596", "Option B2596", "Option C2596", "Option D2596"]}, "answerIndex": 0}, {"id": "GE_2600", "section": "General Awareness", "topic": "Economy", "difficulty": "moderate", "text": {"en": "[General Awareness/Economy] Sample exam-style question #2600: Choose the correct option."}, "options": {"en": ["Option A2600", "Option B2600", "Option C2600", "Option D2600"]}, "answerIndex": 0}, {"id": "MA_2530", "section": "Mathematics", "topic": "Time&Work", "difficulty": "moderate", "text": {"en": "[Mathematics/Time&Work] Sample exam-style question #2530: Choose the correct option."}, "options": {"en": ["Option A2530", "Option B2530", "Option C2530", "Option D2530"]}, "answerIndex": 2}, {"id": "RE_2539", "section": "Reasoning", "topic": "Puzzle", "difficulty": "moderate", "text": {"en": "[Reasoning/Puzzle] Sample exam-style question #2539: Choose the correct option."}, "options": {"en": ["Option A2539", "Option B2539", "Option C2539", "Option D2539"]}, "answerIndex": 3}, {"id": "MA_2514", "section": "Mathematics", "topic": "DI", "difficulty": "moderate", "text": {"en": "[Mathematics/DI] Sample exam-style question #2514: Choose the correct option."}, "options": {"en": ["Option A2514", "Option B2514", "Option C2514", "Option D2514"]}, "answerIndex": 2}, {"id": "RE_2553", "section": "Reasoning", "topic": "Series", "difficulty": "moderate", "text": {"en": "[Reasoning/Series] Sample exam-style question #2553: Choose the correct option."}, "options": {"en": ["Option A2553", "Option B2553", "Option C2553", "Option D2553"]}, "answerIndex": 1}, {"id": "MA_2505", "section": "Mathematics", "topic": "SI", "difficulty": "moderate", "text": {"en": "[Mathematics/SI] Sample exam-style question #2505: Choose the correct option."}, "options": {"en": ["Option A2505", "Option B2505", "Option C2505", "Option D2505"]}, "answerIndex": 1}, {"id": "GE_2576", "section": "General Awareness", "topic": "Science", "difficulty": "moderate", "text": {"en": "[General Awareness/Science] Sample exam-style question #2576: Choose the correct option."}, "options": {"en": ["Option A2576", "Option B2576", "Option C2576", "Option D2576"]}, "answerIndex": 0}, {"id": "RE_2556", "section": "Reasoning", "topic": "Puzzle", "difficulty": "moderate", "text": {"en": "[Reasoning/Puzzle] Sample exam-style question #2556: Choose the correct option."}, "options": {"en": ["Option A2556", "Option B2556", "Option C2556", "Option D2556"]}, "answerIndex": 0}, {"id": "GE_2573", "section": "General Awareness", "topic": "Economy", "difficulty": "moderate", "text": {"en": "[General Awareness/Economy] Sample exam-style question #2573: Choose the correct option."}, "options": {"en": ["Option A2573", "Option B2573", "Option C2573", "Option D2573"]}, "answerIndex": 1}, {"id": "MA_2519", "section": "Mathematics", "topic": "Time&Work", "difficulty": "moderate", "text": {"en": "[Mathematics/Time&Work] Sample exam-style question #2519: Choose the correct option."}, "options": {"en": ["Option A2519", "Option B2519", "Option C2519", "Option D2519"]}, "answerIndex": 3}, {"id": "RE_2542", "section": "Reasoning", "topic": "Series", "difficulty": "moderate", "text": {"en": "[Reasoning/Series] Sample exam-style question #2542: Choose the correct option."}, "options": {"en": ["Option A2542", "Option B2542", "Option C2542", "Option D2542"]}, "answerIndex": 2}, {"id": "MA_2508", "section": "Mathematics", "topic": "SI", "difficulty": "moderate", "text": {"en": "[Mathematics/SI] Sample exam-style question #2508: Choose the correct option."}, "options": {"en": ["Option A2508", "Option B2508", "Option C2508", "Option D2508"]}, "answerIndex": 0}, {"id": "RE_2552", "section": "Reasoning", "topic": "Analogy", "difficulty": "moderate", "text": {"en": "[Reasoning/Analogy] Sample exam-style question #2552: Choose the correct option."}, "options": {"en": ["Option A2552", "Option B2552", "Option C2552", "Option D2552"]}, "answerIndex": 0}, {"id": "RE_2555", "section": "Reasoning", "topic": "Analogy", "difficulty": "moderate", "text": {"en": "[Reasoning/Analogy] Sample exam-style question #2555: Choose the correct option."}, "options": {"en": ["Option A2555", "Option B2555", "Option C2555", "Option D2555"]}, "answerIndex": 3}, {"id": "RE_2533", "section": "Reasoning", "topic": "Coding", "difficulty": "moderate", "text": {"en": "[Reasoning/Coding] Sample exam-style question #2533: Choose the correct option."}, "options": {"en": ["Option A2533", "Option B2533", "Option C2533", "Option D2533"]}, "answerIndex": 1}, {"id": "GE_2582", "section": "General Awareness", "topic": "Geography", "difficulty": "moderate", "text": {"en": "[General Awareness/Geography] Sample exam-style question #2582: Choose the correct option."}, "options": {"en": ["Option A2582", "Option B2582", "Option C2582", "Option D2582"]}, "answerIndex": 2}, {"id": "RE_2547", "section": "Reasoning", "topic": "Analogy", "difficulty": "moderate", "text": {"en": "[Reasoning/Analogy] Sample exam-style question #2547: Choose the correct option."}, "options": {"en": ["Option A2547", "Option B2547", "Option C2547", "Option D2547"]}, "answerIndex": 3}, {"id": "MA_2509", "section": "Mathematics", "topic": "Speed", "difficulty": "moderate", "text": {"en": "[Mathematics/Speed] Sample exam-style question #2509: Choose the correct option."}, "options": {"en": ["Option A2509", "Option B2509", "Option C2509", "Option D2509"]}, "answerIndex": 1}, {"id": "MA_2517", "section": "Mathematics", "topic": "Ratio", "difficulty": "moderate", "text": {"en": "[Mathematics/Ratio] Sample exam-style question #2517: Choose the correct option."}, "options": {"en": ["Option A2517", "Option B2517", "Option C2517", "Option D2517"]}, "answerIndex": 1}, {"id": "MA_2527", "section": "Mathematics", "topic": "Time&Work", "difficulty": "moderate", "text": {"en": "[Mathematics/Time&Work] Sample exam-style question #2527: Choose the correct option."}, "options": {"en": ["Option A2527", "Option B2527", "Option C2527", "Option D2527"]}, "answerIndex": 3}, {"id": "GE_2597", "section": "General Awareness", "topic": "Polity", "difficulty": "moderate", "text": {"en": "[General Awareness/Polity] Sample exam-style question #2597: Choose the correct option."}, "options": {"en": ["Option A2597", "Option B2597", "Option C2597", "Option D2597"]}, "answerIndex": 1}, {"id": "RE_2536", "section": "Reasoning", "topic": "Analogy", "difficulty": "moderate", "text": {"en": "[Reasoning/Analogy] Sample exam-style question #2536: Choose the correct option."}, "options": {"en": ["Option A2536", "Option B2536", "Option C2536", "Option D2536"]}, "answerIndex": 0}, {"id": "GE_2577", "section": "General Awareness", "topic": "History", "difficulty": "moderate", "text": {"en": "[General Awareness/History] Sample exam-style question #2577: Choose the correct option."}, "options": {"en": ["Option A2577", "Option B2577", "Option C2577", "Option D2577"]}, "answerIndex": 1}, {"id": "GE_2599", "section": "General Awareness", "topic": "Geography", "difficulty": "moderate", "text": {"en": "[General Awareness/Geography] Sample exam-style question #2599: Choose the correct option."}, "options": {"en": ["Option A2599", "Option B2599", "Option C2599", "Option D2599"]}, "answerIndex": 3}, {"id": "GE_2566", "section": "General Awareness", "topic": "Polity", "difficulty": "moderate", "text": {"en": "[General Awareness/Polity] Sample exam-style question #2566: Choose the correct option."}, "options": {"en": ["Option A2566", "Option B2566", "Option C2566", "Option D2566"]}, "answerIndex": 2}, {"id": "GE_2584", "section": "General Awareness", "topic": "History", "difficulty": "moderate", "text": {"en": "[General Awareness/History] Sample exam-style question #2584: Choose the correct option."}, "options": {"en": ["Option A2584", "Option B2584", "Option C2584", "Option D2584"]}, "answerIndex": 0}, {"id": "GE_2586", "section": "General Awareness", "topic": "Science", "difficulty": "moderate", "text": {"en": "[General Awareness/Science] Sample exam-style question #2586: Choose the correct option."}, "options": {"en": ["Option A2586", "Option B2586", "Option C2586", "Option D2586"]}, "answerIndex": 2}, {"id": "GE_2594", "section": "General Awareness", "topic": "Economy", "difficulty": "moderate", "text": {"en": "[General Awareness/Economy] Sample exam-style question #2594: Choose the correct option."}, "options": {"en": ["Option A2594", "Option B2594", "Option C2594", "Option D2594"]}, "answerIndex": 2}, {"id": "MA_2511", "section": "Mathematics", "topic": "SI", "difficulty": "moderate", "text": {"en": "[Mathematics/SI] Sample exam-style question #2511: Choose the correct option."}, "options": {"en": ["Option A2511", "Option B2511", "Option C2511", "Option D2511"]}, "answerIndex": 3}, {"id": "MA_2510", "section": "Mathematics", "topic": "Ratio", "difficulty": "moderate", "text": {"en": "[Mathematics/Ratio] Sample exam-style question #2510: Choose the correct option."}, "options": {"en": ["Option A2510", "Option B2510", "Option C2510", "Option D2510"]}, "answerIndex": 2}, {"id": "MA_2507", "section": "Mathematics", "topic": "Ratio", "difficulty": "moderate", "text": {"en": "[Mathematics/Ratio] Sample exam-style question #2507: Choose the correct option."}, "options": {"en": ["Option A2507", "Option B2507", "Option C2507", "Option D2507"]}, "answerIndex": 3}, {"id": "GE_2575", "section": "General Awareness", "topic": "Geography", "difficulty": "moderate", "text": {"en": "[General Awareness/Geography] Sample exam-style question #2575: Choose the correct option."}, "options": {"en": ["Option A2575", "Option B2575", "Option C2575", "Option D2575"]}, "answerIndex": 3}, {"id": "MA_2503", "section": "Mathematics", "topic": "Time&Work", "difficulty": "moderate", "text": {"en": "[Mathematics/Time&Work] Sample exam-style question #2503: Choose the correct option."}, "options": {"en": ["Option A2503", "Option B2503", "Option C2503", "Option D2503"]}, "answerIndex": 3}, {"id": "GE_2593", "section": "General Awareness", "topic": "Geography", "difficulty": "moderate", "text": {"en": "[General Awareness/Geography] Sample exam-style question #2593: Choose the correct option."}, "options": {"en": ["Option A2593", "Option B2593", "Option C2593", "Option D2593"]}, "answerIndex": 1}, {"id": "GE_2578", "section": "General Awareness", "topic": "Geography", "difficulty": "moderate", "text": {"en": "[General Awareness/Geography] Sample exam-style question #2578: Choose the correct option."}, "options": {"en": ["Option A2578", "Option B2578", "Option C2578", "Option D2578"]}, "answerIndex": 2}, {"id": "RE_2537", "section": "Reasoning", "topic": "Puzzle", "difficulty": "moderate", "text": {"en": "[Reasoning/Puzzle] Sample exam-style question #2537: Choose the correct option."}, "options": {"en": ["Option A2537", "Option B2537", "Option C2537", "Option D2537"]}, "answerIndex": 1}, {"id": "MA_2524", "section": "Mathematics", "topic": "Time&Work", "difficulty": "moderate", "text": {"en": "[Mathematics/Time&Work] Sample exam-style question #2524: Choose the correct option."}, "options": {"en": ["Option A2524", "Option B2524", "Option C2524", "Option D2524"]}, "answerIndex": 0}, {"id": "GE_2564", "section": "General Awareness", "topic": "Geography", "difficulty": "moderate", "text": {"en": "[General Awareness/Geography] Sample exam-style question #2564: Choose the correct option."}, "options": {"en": ["Option A2564", "Option B2564", "Option C2564", "Option D2564"]}, "answerIndex": 0}, {"id": "MA_2526", "section": "Mathematics", "topic": "Percentage", "difficulty": "moderate", "text": {"en": "[Mathematics/Percentage] Sample exam-style question #2526: Choose the correct option."}, "options": {"en": ["Option A2526", "Option B2526", "Option C2526", "Option D2526"]}, "answerIndex": 2}, {"id": "RE_2557", "section": "Reasoning", "topic": "Syllogism", "difficulty": "moderate", "text": {"en": "[Reasoning/Syllogism] Sample exam-style question #2557: Choose the correct option."}, "options": {"en": ["Option A2557", "Option B2557", "Option C2557", "Option D2557"]}, "answerIndex": 1}, {"id": "RE_2540", "section": "Reasoning", "topic": "Series", "difficulty": "moderate", "text": {"en": "[Reasoning/Series] Sample exam-style question #2540: Choose the correct option."}, "options": {"en": ["Option A2540", "Option B2540", "Option C2540", "Option D2540"]}, "answerIndex": 0}, {"id": "GE_2595", "section": "General Awareness", "topic": "History", "difficulty": "moderate", "text": {"en": "[General Awareness/History] Sample exam-style question #2595: Choose the correct option."}, "options": {"en": ["Option A2595", "Option B2595", "Option C2595", "Option D2595"]}, "answerIndex": 3}, {"id": "GE_2588", "section": "General Awareness", "topic": "Polity", "difficulty": "moderate", "text": {"en": "[General Awareness/Polity] Sample exam-style question #2588: Choose the correct option."}, "options": {"en": ["Option A2588", "Option B2588", "Option C2588", "Option D2588"]}, "answerIndex": 0}, {"id": "GE_2572", "section": "General Awareness", "topic": "Economy", "difficulty": "moderate", "text": {"en": "[General Awareness/Economy] Sample exam-style question #2572: Choose the correct option."}, "options": {"en": ["Option A2572", "Option B2572", "Option C2572", "Option D2572"]}, "answerIndex": 0}, {"id": "GE_2580", "section": "General Awareness", "topic": "Geography", "difficulty": "moderate", "text": {"en": "[General Awareness/Geography] Sample exam-style question #2580: Choose the correct option."}, "options": {"en": ["Option A2580", "Option B2580", "Option C2580", "Option D2580"]}, "answerIndex": 0}, {"id": "RE_2543", "section": "Reasoning", "topic": "Series", "difficulty": "moderate", "text": {"en": "[Reasoning/Series] Sample exam-style question #2543: Choose the correct option."}, "options": {"en": ["Option A2543", "Option B2543", "Option C2543", "Option D2543"]}, "answerIndex": 3}, {"id": "MA_2506", "section": "Mathematics", "topic": "Ratio", "difficulty": "moderate", "text": {"en": "[Mathematics/Ratio] Sample exam-style question #2506: Choose the correct option."}, "options": {"en": ["Option A2506", "Option B2506", "Option C2506", "Option D2506"]}, "answerIndex": 2}, {"id": "GE_2592", "section": "General Awareness", "topic": "Polity", "difficulty": "moderate", "text": {"en": "[General Awareness/Polity] Sample exam-style question #2592: Choose the correct option."}, "options": {"en": ["Option A2592", "Option B2592", "Option C2592", "Option D2592"]}, "answerIndex": 0}, {"id": "RE_2532", "section": "Reasoning", "topic": "Coding", "difficulty": "moderate", "text": {"en": "[Reasoning/Coding] Sample exam-style question #2532: Choose the correct option."}, "options": {"en": ["Option A2532", "Option B2532", "Option C2532", "Option D2532"]}, "answerIndex": 0}, {"id": "MA_2512", "section": "Mathematics", "topic": "Time&Work", "difficulty": "moderate", "text": {"en": "[Mathematics/Time&Work] Sample exam-style question #2512: Choose the correct option."}, "options": {"en": ["Option A2512", "Option B2512", "Option C2512", "Option D2512"]}, "answerIndex": 0}, {"id": "GE_2565", "section": "General Awareness", "topic": "Economy", "difficulty": "moderate", "text": {"en": "[General Awareness/Economy] Sample exam-style question #2565: Choose the correct option."}, "options": {"en": ["Option A2565", "Option B2565", "Option C2565", "Option D2565"]}, "answerIndex": 1}, {"id": "GE_2585", "section": "General Awareness", "topic": "Geography", "difficulty": "moderate", "text": {"en": "[General Awareness/Geography] Sample exam-style question #2585: Choose the correct option."}, "options": {"en": ["Option A2585", "Option B2585", "Option C2585", "Option D2585"]}, "answerIndex": 1}, {"id": "MA_2518", "section": "Mathematics", "topic": "Speed", "difficulty": "moderate", "text": {"en": "[Mathematics/Speed] Sample exam-style question #2518: Choose the correct option."}, "options": {"en": ["Option A2518", "Option B2518", "Option C2518", "Option D2518"]}, "answerIndex": 2}, {"id": "MA_2522", "section": "Mathematics", "topic": "Speed", "difficulty": "moderate", "text": {"en": "[Mathematics/Speed] Sample exam-style question #2522: Choose the correct option."}, "options": {"en": ["Option A2522", "Option B2522", "Option C2522", "Option D2522"]}, "answerIndex": 2}, {"id": "GE_2587", "section": "General Awareness", "topic": "Science", "difficulty": "moderate", "text": {"en": "[General Awareness/Science] Sample exam-style question #2587: Choose the correct option."}, "options": {"en": ["Option A2587", "Option B2587", "Option C2587", "Option D2587"]}, "answerIndex": 3}, {"id": "GE_2569", "section": "General Awareness", "topic": "History", "difficulty": "moderate", "text": {"en": "[General Awareness/History] Sample exam-style question #2569: Choose the correct option."}, "options": {"en": ["Option A2569", "Option B2569", "Option C2569", "Option D2569"]}, "answerIndex": 1}, {"id": "RE_2548", "section": "Reasoning", "topic": "Coding", "difficulty": "moderate", "text": {"en": "[Reasoning/Coding] Sample exam-style question #2548: Choose the correct option."}, "options": {"en": ["Option A2548", "Option B2548", "Option C2548", "Option D2548"]}, "answerIndex": 0}, {"id": "GE_2562", "section": "General Awareness", "topic": "Current Affairs", "difficulty": "moderate", "text": {"en": "[General Awareness/Current Affairs] Sample exam-style question #2562: Choose the correct option."}, "options": {"en": ["Option A2562", "Option B2562", "Option C2562", "Option D2562"]}, "answerIndex": 2}, {"id": "GE_2571", "section": "General Awareness", "topic": "Economy", "difficulty": "moderate", "text": {"en": "[General Awareness/Economy] Sample exam-style question #2571: Choose the correct option."}, "options": {"en": ["Option A2571", "Option B2571", "Option C2571", "Option D2571"]}, "answerIndex": 3}, {"id": "RE_2551", "section": "Reasoning", "topic": "Puzzle", "difficulty": "moderate", "text": {"en": "[Reasoning/Puzzle] Sample exam-style question #2551: Choose the correct option."}, "options": {"en": ["Option A2551", "Option B2551", "Option C2551", "Option D2551"]}, "answerIndex": 3}, {"id": "MA_2525", "section": "Mathematics", "topic": "Time&Work", "difficulty": "moderate", "text": {"en": "[Mathematics/Time&Work] Sample exam-style question #2525: Choose the correct option."}, "options": {"en": ["Option A2525", "Option B2525", "Option C2525", "Option D2525"]}, "answerIndex": 1}, {"id": "RE_2545", "section": "Reasoning", "topic": "Puzzle", "difficulty": "moderate", "text": {"en": "[Reasoning/Puzzle] Sample exam-style question #2545: Choose the correct option."}, "options": {"en": ["Option A2545", "Option B2545", "Option C2545", "Option D2545"]}, "answerIndex": 1}, {"id": "RE_2549", "section": "Reasoning", "topic": "Puzzle", "difficulty": "moderate", "text": {"en": "[Reasoning/Puzzle] Sample exam-style question #2549: Choose the correct option."}, "options": {"en": ["Option A2549", "Option B2549", "Option C2549", "Option D2549"]}, "answerIndex": 1}, {"id": "MA_2528", "section": "Mathematics", "topic": "Speed", "difficulty": "moderate", "text": {"en": "[Mathematics/Speed] Sample exam-style question #2528: Choose the correct option."}, "options": {"en": ["Option A2528", "Option B2528", "Option C2528", "Option D2528"]}, "answerIndex": 0}, {"id": "MA_2521", "section": "Mathematics", "topic": "Ratio", "difficulty": "moderate", "text": {"en": "[Mathematics/Ratio] Sample exam-style question #2521: Choose the correct option."}, "options": {"en": ["Option A2521", "Option B2521", "Option C2521", "Option D2521"]}, "answerIndex": 1}, {"id": "MA_2520", "section": "Mathematics", "topic": "SI", "difficulty": "moderate", "text": {"en": "[Mathematics/SI] Sample exam-style question #2520: Choose the correct option."}, "options": {"en": ["Option A2520", "Option B2520", "Option C2520", "Option D2520"]}, "answerIndex": 0}, {"id": "RE_2560", "section": "Reasoning", "topic": "Direction", "difficulty": "moderate", "text": {"en": "[Reasoning/Direction] Sample exam-style question #2560: Choose the correct option."}, "options": {"en": ["Option A2560", "Option B2560", "Option C2560", "Option D2560"]}, "answerIndex": 0}, {"id": "MA_2523", "section": "Mathematics", "topic": "SI", "difficulty": "moderate", "text": {"en": "[Mathematics/SI] Sample exam-style question #2523: Choose the correct option."}, "options": {"en": ["Option A2523", "Option B2523", "Option C2523", "Option D2523"]}, "answerIndex": 3}, {"id": "RE_2544", "section": "Reasoning", "topic": "Analogy", "difficulty": "moderate", "text": {"en": "[Reasoning/Analogy] Sample exam-style question #2544: Choose the correct option."}, "options": {"en": ["Option A2544", "Option B2544", "Option C2544", "Option D2544"]}, "answerIndex": 0}, {"id": "RE_2559", "section": "Reasoning", "topic": "Syllogism", "difficulty": "moderate", "text": {"en": "[Reasoning/Syllogism] Sample exam-style question #2559: Choose the correct option."}, "options": {"en": ["Option A2559", "Option B2559", "Option C2559", "Option D2559"]}, "answerIndex": 3}, {"id": "MA_2502", "section": "Mathematics", "topic": "Percentage", "difficulty": "moderate", "text": {"en": "[Mathematics/Percentage] Sample exam-style question #2502: Choose the correct option."}, "options": {"en": ["Option A2502", "Option B2502", "Option C2502", "Option D2502"]}, "answerIndex": 2}, {"id": "MA_2501", "section": "Mathematics", "topic": "DI", "difficulty": "moderate", "text": {"en": "[Mathematics/DI] Sample exam-style question #2501: Choose the correct option."}, "options": {"en": ["Option A2501", "Option B2501", "Option C2501", "Option D2501"]}, "answerIndex": 1}, {"id": "GE_2583", "section": "General Awareness", "topic": "Economy", "difficulty": "moderate", "text": {"en": "[General Awareness/Economy] Sample exam-style question #2583: Choose the correct option."}, "options": {"en": ["Option A2583", "Option B2583", "Option C2583", "Option D2583"]}, "answerIndex": 3}, {"id": "GE_2598", "section": "General Awareness", "topic": "Polity", "difficulty": "moderate", "text": {"en": "[General Awareness/Polity] Sample exam-style question #2598: Choose the correct option."}, "options": {"en": ["Option A2598", "Option B2598", "Option C2598", "Option D2598"]}, "answerIndex": 2}, {"id": "RE_2531", "section": "Reasoning", "topic": "Puzzle", "difficulty": "moderate", "text": {"en": "[Reasoning/Puzzle] Sample exam-style question #2531: Choose the correct option."}, "options": {"en": ["Option A2531", "Option B2531", "Option C2531", "Option D2531"]}, "answerIndex": 3}, {"id": "GE_2579", "section": "General Awareness", "topic": "Current Affairs", "difficulty": "moderate", "text": {"en": "[General Awareness/Current Affairs] Sample exam-style question #2579: Choose the correct option."}, "options": {"en": ["Option A2579", "Option B2579", "Option C2579", "Option D2579"]}, "answerIndex": 3}, {"id": "RE_2538", "section": "Reasoning", "topic": "Syllogism", "difficulty": "moderate", "text": {"en": "[Reasoning/Syllogism] Sample exam-style question #2538: Choose the correct option."}, "options": {"en": ["Option A2538", "Option B2538", "Option C2538", "Option D2538"]}, "answerIndex": 2}, {"id": "RE_2546", "section": "Reasoning", "topic": "Syllogism", "difficulty": "moderate", "text": {"en": "[Reasoning/Syllogism] Sample exam-style question #2546: Choose the correct option."}, "options": {"en": ["Option A2546", "Option B2546", "Option C2546", "Option D2546"]}, "answerIndex": 2}, {"id": "GE_2581", "section": "General Awareness", "topic": "Current Affairs", "difficulty": "moderate", "text": {"en": "[General Awareness/Current Affairs] Sample exam-style question #2581: Choose the correct option."}, "options": {"en": ["Option A2581", "Option B2581", "Option C2581", "Option D2581"]}, "answerIndex": 1}, {"id": "GE_2591", "section": "General Awareness", "topic": "Economy", "difficulty": "moderate", "text": {"en": "[General Awareness/Economy] Sample exam-style question #2591: Choose the correct option."}, "options": {"en": ["Option A2591", "Option B2591", "Option C2591", "Option D2591"]}, "answerIndex": 3}, {"id": "MA_2513", "section": "Mathematics", "topic": "SI", "difficulty": "moderate", "text": {"en": "[Mathematics/SI] Sample exam-style question #2513: Choose the correct option."}, "options": {"en": ["Option A2513", "Option B2513", "Option C2513", "Option D2513"]}, "answerIndex": 1}, {"id": "MA_2515", "section": "Mathematics", "topic": "Percentage", "difficulty": "moderate", "text": {"en": "[Mathematics/Percentage] Sample exam-style question #2515: Choose the correct option."}, "options": {"en": ["Option A2515", "Option B2515", "Option C2515", "Option D2515"]}, "answerIndex": 3}, {"id": "GE_2568", "section": "General Awareness", "topic": "Polity", "difficulty": "moderate", "text": {"en": "[General Awareness/Polity] Sample exam-style question #2568: Choose the correct option."}, "options": {"en": ["Option A2568", "Option B2568", "Option C2568", "Option D2568"]}, "answerIndex": 0}, {"id": "GE_2590", "section": "General Awareness", "topic": "History", "difficulty": "moderate", "text": {"en": "[General Awareness/History] Sample exam-style question #2590: Choose the correct option."}, "options": {"en": ["Option A2590", "Option B2590", "Option C2590", "Option D2590"]}, "answerIndex": 2}, {"id": "RE_2541", "section": "Reasoning", "topic": "Series", "difficulty": "moderate", "text": {"en": "[Reasoning/Series] Sample exam-style question #2541: Choose the correct option."}, "options": {"en": ["Option A2541", "Option B2541", "Option C2541", "Option D2541"]}, "answerIndex": 1}, {"id": "GE_2570", "section": "General Awareness", "topic": "Economy", "difficulty": "moderate", "text": {"en": "[General Awareness/Economy] Sample exam-style question #2570: Choose the correct option."}, "options": {"en": ["Option A2570", "Option B2570", "Option C2570", "Option D2570"]}, "answerIndex": 2}, {"id": "RE_2558", "section": "Reasoning", "topic": "Analogy", "difficulty": "moderate", "text": {"en": "[Reasoning/Analogy] Sample exam-style question #2558: Choose the correct option."}, "options": {"en": ["Option A2558", "Option B2558", "Option C2558", "Option D2558"]}, "answerIndex": 2}, {"id": "RE_2554", "section": "Reasoning", "topic": "Direction", "difficulty": "moderate", "text": {"en": "[Reasoning/Direction] Sample exam-style question #2554: Choose the correct option."}, "options": {"en": ["Option A2554", "Option B2554", "Option C2554", "Option D2554"]}, "answerIndex": 2}, {"id": "GE_2574", "section": "General Awareness", "topic": "History", "difficulty": "moderate", "text": {"en": "[General Awareness/History] Sample exam-style question #2574: Choose the correct option."}, "options": {"en": ["Option A2574", "Option B2574", "Option C2574", "Option D2574"]}, "answerIndex": 2}, {"id": "MA_2529", "section": "Mathematics", "topic": "Ratio", "difficulty": "moderate", "text": {"en": "[Mathematics/Ratio] Sample exam-style question #2529: Choose the correct option."}, "options": {"en": ["Option A2529", "Option B2529", "Option C2529", "Option D2529"]}, "answerIndex": 1}, {"id": "RE_2534", "section": "Reasoning", "topic": "Analogy", "difficulty": "moderate", "text": {"en": "[Reasoning/Analogy] Sample exam-style question #2534: Choose the correct option."}, "options": {"en": ["Option A2534", "Option B2534", "Option C2534", "Option D2534"]}, "answerIndex": 2}, {"id": "GE_2589", "section": "General Awareness", "topic": "Geography", "difficulty": "moderate", "text": {"en": "[General Awareness/Geography] Sample exam-style question #2589: Choose the correct option."}, "options": {"en": ["Option A2589", "Option B2589", "Option C2589", "Option D2589"]}, "answerIndex": 1}, {"id": "RE_2550", "section": "Reasoning", "topic": "Direction", "difficulty": "moderate", "text": {"en": "[Reasoning/Direction] Sample exam-style question #2550: Choose the correct option."}, "options": {"en": ["Option A2550", "Option B2550", "Option C2550", "Option D2550"]}, "answerIndex": 2}, {"id": "RE_2535", "section": "Reasoning", "topic": "Puzzle", "difficulty": "moderate", "text": {"en": "[Reasoning/Puzzle] Sample exam-style question #2535: Choose the correct option."}, "options": {"en": ["Option A2535", "Option B2535", "Option C2535", "Option D2535"]}, "answerIndex": 3}, {"id": "GE_2561", "section": "General Awareness", "topic": "History", "difficulty": "moderate", "text": {"en": "[General Awareness/History] Sample exam-style question #2561: Choose the correct option."}, "options": {"en": ["Option A2561", "Option B2561", "Option C2561", "Option D2561"]}, "answerIndex": 1}, {"id": "MA_2504", "section": "Mathematics", "topic": "Ratio", "difficulty": "moderate", "text": {"en": "[Mathematics/Ratio] Sample exam-style question #2504: Choose the correct option."}, "options": {"en": ["Option A2504", "Option B2504", "Option C2504", "Option D2504"]}, "answerIndex": 0}]}