{"testId": "033", "questions": [{"id": "RE_3232", "section": "Reasoning", "topic": "Analogy", "difficulty": "moderate", "text": {"en": "[Reasoning/Analogy] Sample exam-style question #3232: Choose the correct option."}, "options": {"en": ["Option A3232", "Option B3232", "Option C3232", "Option D3232"]}, "answerIndex": 0}, {"id": "RE_3252", "section": "Reasoning", "topic": "Direction", "difficulty": "moderate", "text": {"en": "[Reasoning/Direction] Sample exam-style question #3252: Choose the correct option."}, "options": {"en": ["Option A3252", "Option B3252", "Option C3252", "Option D3252"]}, "answerIndex": 0}, {"id": "MA_3216", "section": "Mathematics", "topic": "Time&Work", "difficulty": "moderate", "text": {"en": "[Mathematics/Time&Work] Sample exam-style question #3216: Choose the correct option."}, "options": {"en": ["Option A3216", "Option B3216", "Option C3216", "Option D3216"]}, "answerIndex": 0}, {"id": "GE_3269", "section": "General Awareness", "topic": "Current Affairs", "difficulty": "moderate", "text": {"en": "[General Awareness/Current Affairs] Sample exam-style question #3269: Choose the correct option."}, "options": {"en": ["Option A3269", "Option B3269", "Option C3269", "Option D3269"]}, "answerIndex": 1}, {"id": "GE_3293", "section": "General Awareness", "topic": "Economy", "difficulty": "moderate", "text": {"en": "[General Awareness/Economy] Sample exam-style question #3293: Choose the correct option."}, "options": {"en": ["Option A3293", "Option B3293", "Option C3293", "Option D3293"]}, "answerIndex": 1}, {"id": "RE_3231", "section": "Reasoning", "topic": "Puzzle", "difficulty": "moderate", "text": {"en": "[Reasoning/Puzzle] Sample exam-style question #3231: Choose the correct option."}, "options": {"en": ["Option A3231", "Option B3231", "Option C3231", "Option D3231"]}, "answerIndex": 3}, {"id": "MA_3207", "section": "Mathematics", "topic": "SI", "difficulty": "moderate", "text": {"en": "[Mathematics/SI] Sample exam-style question #3207: Choose the correct option."}, "options": {"en": ["Option A3207", "Option B3207", "Option C3207", "Option D3207"]}, "answerIndex": 3}, {"id": "RE_3233", "section": "Reasoning", "topic": "Analogy", "difficulty": "moderate", "text": {"en": "[Reasoning/Analogy] Sample exam-style question #3233: Choose the correct option."}, "options": {"en": ["Option A3233", "Option B3233", "Option C3233", "Option D3233"]}, "answerIndex": 1}, {"id": "GE_3271", "section": "General Awareness", "topic": "Geography", "difficulty": "moderate", "text": {"en": "[General Awareness/Geography] Sample exam-style question #3271: Choose the correct option."}, "options": {"en": ["Option A3271", "Option B3271", "Option C3271", "Option D3271"]}, "answerIndex": 3}, {"id": "RE_3237", "section": "Reasoning", "topic": "Coding", "difficulty": "moderate", "text": {"en": "[Reasoning/Coding] Sample exam-style question #3237: Choose the correct option."}, "options": {"en": ["Option A3237", "Option B3237", "Option C3237", "Option D3237"]}, "answerIndex": 1}, {"id": "RE_3257", "section": "Reasoning", "topic": "Direction", "difficulty": "moderate", "text": {"en": "[Reasoning/Direction] Sample exam-style question #3257: Choose the correct option."}, "options": {"en": ["Option A3257", "Option B3257", "Option C3257", "Option D3257"]}, "answerIndex": 1}, {"id": "RE_3243", "section": "Reasoning", "topic": "Analogy", "difficulty": "moderate", "text": {"en": "[Reasoning/Analogy] Sample exam-style question #3243: Choose the correct option."}, "options": {"en": ["Option A3243", "Option B3243", "Option C3243", "Option D3243"]}, "answerIndex": 3}, {"id": "GE_3300", "section": "General Awareness", "topic": "Geography", "difficulty": "moderate", "text": {"en": "[General Awareness/Geography] Sample exam-style question #3300: Choose the correct option."}, "options": {"en": ["Option A3300", "Option B3300", "Option C3300", "Option D3300"]}, "answerIndex": 0}, {"id": "GE_3273", "section": "General Awareness", "topic": "Geography", "difficulty": "moderate", "text": {"en": "[General Awareness/Geography] Sample exam-style question #3273: Choose the correct option."}, "options": {"en": ["Option A3273", "Option B3273", "Option C3273", "Option D3273"]}, "answerIndex": 1}, {"id": "GE_3299", "section": "General Awareness", "topic": "Current Affairs", "difficulty": "moderate", "text": {"en": "[General Awareness/Current Affairs] Sample exam-style question #3299: Choose the correct option."}, "options": {"en": ["Option A3299", "Option B3299", "Option C3299", "Option D3299"]}, "answerIndex": 3}, {"id": "GE_3280", "section": "General Awareness", "topic": "History", "difficulty": "moderate", "text": {"en": "[General Awareness/History] Sample exam-style question #3280: Choose the correct option."}, "options": {"en": ["Option A3280", "Option B3280", "Option C3280", "Option D3280"]}, "answerIndex": 0}, {"id": "MA_3217", "section": "Mathematics", "topic": "Speed", "difficulty": "moderate", "text": {"en": "[Mathematics/Speed] Sample exam-style question #3217: Choose the correct option."}, "options": {"en": ["Option A3217", "Option B3217", "Option C3217", "Option D3217"]}, "answerIndex": 1}, {"id": "RE_3247", "section": "Reasoning", "topic": "Coding", "difficulty": "moderate", "text": {"en": "[Reasoning/Coding] Sample exam-style question #3247: Choose the correct option."}, "options": {"en": ["Option A3247", "Option B3247", "Option C3247", "Option D3247"]}, "answerIndex": 3}, {"id": "GE_3289", "section": "General Awareness", "topic": "History", "difficulty": "moderate", "text": {"en": "[General Awareness/History] Sample exam-style question #3289: Choose the correct option."}, "options": {"en": ["Option A3289", "Option B3289", "Option C3289", "Option D3289"]}, "answerIndex": 1}, {"id": "RE_3244", "section": "Reasoning", "topic": "Series", "difficulty": "moderate", "text": {"en": "[Reasoning/Series] Sample exam-style question #3244: Choose the correct option."}, "options": {"en": ["Option A3244", "Option B3244", "Option C3244", "Option D3244"]}, "answerIndex": 0}, {"id": "MA_3225", "section": "Mathematics", "topic": "Time&Work", "difficulty": "moderate", "text": {"en": "[Mathematics/Time&Work] Sample exam-style question #3225: Choose the correct option."}, "options": {"en": ["Option A3225", "Option B3225", "Option C3225", "Option D3225"]}, "answerIndex": 1}, {"id": "RE_3236", "section": "Reasoning", "topic": "Direction", "difficulty": "moderate", "text": {"en": "[Reasoning/Direction] Sample exam-style question #3236: Choose the correct option."}, "options": {"en": ["Option A3236", "Option B3236", "Option C3236", "Option D3236"]}, "answerIndex": 0}, {"id": "RE_3239", "section": "Reasoning", "topic": "Syllogism", "difficulty": "moderate", "text": {"en": "[Reasoning/Syllogism] Sample exam-style question #3239: Choose the correct option."}, "options": {"en": ["Option A3239", "Option B3239", "Option C3239", "Option D3239"]}, "answerIndex": 3}, {"id": "RE_3245", "section": "Reasoning", "topic": "Analogy", "difficulty": "moderate", "text": {"en": "[Reasoning/Analogy] Sample exam-style question #3245: Choose the correct option."}, "options": {"en": ["Option A3245", "Option B3245", "Option C3245", "Option D3245"]}, "answerIndex": 1}, {"id": "GE_3277", "section": "General Awareness", "topic": "Science", "difficulty": "moderate", "text": {"en": "[General Awareness/Science] Sample exam-style question #3277: Choose the correct option."}, "options": {"en": ["Option A3277", "Option B3277", "Option C3277", "Option D3277"]}, "answerIndex": 1}, {"id": "GE_3295", "section": "General Awareness", "topic": "History", "difficulty": "moderate", "text": {"en": "[General Awareness/History] Sample exam-style question #3295: Choose the correct option."}, "options": {"en": ["Option A3295", "Option B3295", "Option C3295", "Option D3295"]}, "answerIndex": 3}, {"id": "MA_3229", "section": "Mathematics", "topic": "Ratio", "difficulty": "moderate", "text": {"en": "[Mathematics/Ratio] Sample exam-style question #3229: Choose the correct option."}, "options": {"en": ["Option A3229", "Option B3229", "Option C3229", "Option D3229"]}, "answerIndex": 1}, {"id": "GE_3290", "section": "General Awareness", "topic": "History", "difficulty": "moderate", "text": {"en": "[General Awareness/History] Sample exam-style question #3290: Choose the correct option."}, "options": {"en": ["Option A3290", "Option B3290", "Option C3290", "Option D3290"]}, "answerIndex": 2}, {"id": "RE_3255", "section": "Reasoning", "topic": "Syllogism", "difficulty": "moderate", "text": {"en": "[Reasoning/Syllogism] Sample exam-style question #3255: Choose the correct option."}, "options": {"en": ["Option A3255", "Option B3255", "Option C3255", "Option D3255"]}, "answerIndex": 3}, {"id": "GE_3272", "section": "General Awareness", "topic": "History", "difficulty": "moderate", "text": {"en": "[General Awareness/History] Sample exam-style question #3272: Choose the correct option."}, "options": {"en": ["Option A3272", "Option B3272", "Option C3272", "Option D3272"]}, "answerIndex": 0}, {"id": "MA_3215", "section": "Mathematics", "topic": "Percentage", "difficulty": "moderate", "text": {"en": "[Mathematics/Percentage] Sample exam-style question #3215: Choose the correct option."}, "options": {"en": ["Option A3215", "Option B3215", "Option C3215", "Option D3215"]}, "answerIndex": 3}, {"id": "MA_3228", "section": "Mathematics", "topic": "Percentage", "difficulty": "moderate", "text": {"en": "[Mathematics/Percentage] Sample exam-style question #3228: Choose the correct option."}, "options": {"en": ["Option A3228", "Option B3228", "Option C3228", "Option D3228"]}, "answerIndex": 0}, {"id": "GE_3266", "section": "General Awareness", "topic": "Economy", "difficulty": "moderate", "text": {"en": "[General Awareness/Economy] Sample exam-style question #3266: Choose the correct option."}, "options": {"en": ["Option A3266", "Option B3266", "Option C3266", "Option D3266"]}, "answerIndex": 2}, {"id": "GE_3268", "section": "General Awareness", "topic": "Polity", "difficulty": "moderate", "text": {"en": "[General Awareness/Polity] Sample exam-style question #3268: Choose the correct option."}, "options": {"en": ["Option A3268", "Option B3268", "Option C3268", "Option D3268"]}, "answerIndex": 0}, {"id": "GE_3276", "section": "General Awareness", "topic": "Polity", "difficulty": "moderate", "text": {"en": "[General Awareness/Polity] Sample exam-style question #3276: Choose the correct option."}, "options": {"en": ["Option A3276", "Option B3276", "Option C3276", "Option D3276"]}, "answerIndex": 0}, {"id": "RE_3234", "section": "Reasoning", "topic": "Puzzle", "difficulty": "moderate", "text": {"en": "[Reasoning/Puzzle] Sample exam-style question #3234: Choose the correct option."}, "options": {"en": ["Option A3234", "Option B3234", "Option C3234", "Option D3234"]}, "answerIndex": 2}, {"id": "MA_3219", "section": "Mathematics", "topic": "Ratio", "difficulty": "moderate", "text": {"en": "[Mathematics/Ratio] Sample exam-style question #3219: Choose the correct option."}, "options": {"en": ["Option A3219", "Option B3219", "Option C3219", "Option D3219"]}, "answerIndex": 3}, {"id": "GE_3263", "section": "General Awareness", "topic": "Geography", "difficulty": "moderate", "text": {"en": "[General Awareness/Geography] Sample exam-style question #3263: Choose the correct option."}, "options": {"en": ["Option A3263", "Option B3263", "Option C3263", "Option D3263"]}, "answerIndex": 3}, {"id": "GE_3275", "section": "General Awareness", "topic": "Economy", "difficulty": "moderate", "text": {"en": "[General Awareness/Economy] Sample exam-style question #3275: Choose the correct option."}, "options": {"en": ["Option A3275", "Option B3275", "Option C3275", "Option D3275"]}, "answerIndex": 3}, {"id": "RE_3253", "section": "Reasoning", "topic": "Coding", "difficulty": "moderate", "text": {"en": "[Reasoning/Coding] Sample exam-style question #3253: Choose the correct option."}, "options": {"en": ["Option A3253", "Option B3253", "Option C3253", "Option D3253"]}, "answerIndex": 1}, {"id": "GE_3261", "section": "General Awareness", "topic": "Geography", "difficulty": "moderate", "text": {"en": "[General Awareness/Geography] Sample exam-style question #3261: Choose the correct option."}, "options": {"en": ["Option A3261", "Option B3261", "Option C3261", "Option D3261"]}, "answerIndex": 1}, {"id": "RE_3254", "section": "Reasoning", "topic": "Puzzle", "difficulty": "moderate", "text": {"en": "[Reasoning/Puzzle] Sample exam-style question #3254: Choose the correct option."}, "options": {"en": ["Option A3254", "Option B3254", "Option C3254", "Option D3254"]}, "answerIndex": 2}, {"id": "MA_3203", "section": "Mathematics", "topic": "Time&Work", "difficulty": "moderate", "text": {"en": "[Mathematics/Time&Work] Sample exam-style question #3203: Choose the correct option."}, "options": {"en": ["Option A3203", "Option B3203", "Option C3203", "Option D3203"]}, "answerIndex": 3}, {"id": "GE_3286", "section": "General Awareness", "topic": "Current Affairs", "difficulty": "moderate", "text": {"en": "[General Awareness/Current Affairs] Sample exam-style question #3286: Choose the correct option."}, "options": {"en": ["Option A3286", "Option B3286", "Option C3286", "Option D3286"]}, "answerIndex": 2}, {"id": "RE_3241", "section": "Reasoning", "topic": "Coding", "difficulty": "moderate", "text": {"en": "[Reasoning/Coding] Sample exam-style question #3241: Choose the correct option."}, "options": {"en": ["Option A3241", "Option B3241", "Option C3241", "Option D3241"]}, "answerIndex": 1}, {"id": "GE_3296", "section": "General Awareness", "topic": "Economy", "difficulty": "moderate", "text": {"en": "[General Awareness/Economy] Sample exam-style question #3296: Choose the correct option."}, "options": {"en": ["Option A3296", "Option B3296", "Option C3296", "Option D3296"]}, "answerIndex": 0}, {"id": "MA_3214", "section": "Mathematics", "topic": "SI", "difficulty": "moderate", "text": {"en": "[Mathematics/SI] Sample exam-style question #3214: Choose the correct option."}, "options": {"en": ["Option A3214", "Option B3214", "Option C3214", "Option D3214"]}, "answerIndex": 2}, {"id": "GE_3270", "section": "General Awareness", "topic": "Economy", "difficulty": "moderate", "text": {"en": "[General Awareness/Economy] Sample exam-style question #3270: Choose the correct option."}, "options": {"en": ["Option A3270", "Option B3270", "Option C3270", "Option D3270"]}, "answerIndex": 2}, {"id": "MA_3224", "section": "Mathematics", "topic": "Time&Work", "difficulty": "moderate", "text": {"en": "[Mathematics/Time&Work] Sample exam-style question #3224: Choose the correct option."}, "options": {"en": ["Option A3224", "Option B3224", "Option C3224", "Option D3224"]}, "answerIndex": 0}, {"id": "MA_3226", "section": "Mathematics", "topic": "Percentage", "difficulty": "moderate", "text": {"en": "[Mathematics/Percentage] Sample exam-style question #3226: Choose the correct option."}, "options": {"en": ["Option A3226", "Option B3226", "Option C3226", "Option D3226"]}, "answerIndex": 2}, {"id": "GE_3279", "section": "General Awareness", "topic": "Current Affairs", "difficulty": "moderate", "text": {"en": "[General Awareness/Current Affairs] Sample exam-style question #3279: Choose the correct option."}, "options": {"en": ["Option A3279", "Option B3279", "Option C3279", "Option D3279"]}, "answerIndex": 3}, {"id": "RE_3256", "section": "Reasoning", "topic": "Syllogism", "difficulty": "moderate", "text": {"en": "[Reasoning/Syllogism] Sample exam-style question #3256: Choose the correct option."}, "options": {"en": ["Option A3256", "Option B3256", "Option C3256", "Option D3256"]}, "answerIndex": 0}, {"id": "MA_3223", "section": "Mathematics", "topic": "Speed", "difficulty": "moderate", "text": {"en": "[Mathematics/Speed] Sample exam-style question #3223: Choose the correct option."}, "options": {"en": ["Option A3223", "Option B3223", "Option C3223", "Option D3223"]}, "answerIndex": 3}, {"id": "GE_3267", "section": "General Awareness", "topic": "Economy", "difficulty": "moderate", "text": {"en": "[General Awareness/Economy] Sample exam-style question #3267: Choose the correct option."}, "options": {"en": ["Option A3267", "Option B3267", "Option C3267", "Option D3267"]}, "answerIndex": 3}, {"id": "GE_3278", "section": "General Awareness", "topic": "History", "difficulty": "moderate", "text": {"en": "[General Awareness/History] Sample exam-style question #3278: Choose the correct option."}, "options": {"en": ["Option A3278", "Option B3278", "Option C3278", "Option D3278"]}, "answerIndex": 2}, {"id": "RE_3246", "section": "Reasoning", "topic": "Direction", "difficulty": "moderate", "text": {"en": "[Reasoning/Direction] Sample exam-style question #3246: Choose the correct option."}, "options": {"en": ["Option A3246", "Option B3246", "Option C3246", "Option D3246"]}, "answerIndex": 2}, {"id": "MA_3201", "section": "Mathematics", "topic": "CI", "difficulty": "moderate", "text": {"en": "[Mathematics/CI] Sample exam-style question #3201: Choose the correct option."}, "options": {"en": ["Option A3201", "Option B3201", "Option C3201", "Option D3201"]}, "answerIndex": 1}, {"id": "MA_3218", "section": "Mathematics", "topic": "DI", "difficulty": "moderate", "text": {"en": "[Mathematics/DI] Sample exam-style question #3218: Choose the correct option."}, "options": {"en": ["Option A3218", "Option B3218", "Option C3218", "Option D3218"]}, "answerIndex": 2}, {"id": "MA_3204", "section": "Mathematics", "topic": "Ratio", "difficulty": "moderate", "text": {"en": "[Mathematics/Ratio] Sample exam-style question #3204: Choose the correct option."}, "options": {"en": ["Option A3204", "Option B3204", "Option C3204", "Option D3204"]}, "answerIndex": 0}, {"id": "RE_3258", "section": "Reasoning", "topic": "Direction", "difficulty": "moderate", "text": {"en": "[Reasoning/Direction] Sample exam-style question #3258: Choose the correct option."}, "options": {"en": ["Option A3258", "Option B3258", "Option C3258", "Option D3258"]}, "answerIndex": 2}, {"id": "MA_3206", "section": "Mathematics", "topic": "Ratio", "difficulty": "moderate", "text": {"en": "[Mathematics/Ratio] Sample exam-style question #3206: Choose the correct option."}, "options": {"en": ["Option A3206", "Option B3206", "Option C3206", "Option D3206"]}, "answerIndex": 2}, {"id": "GE_3288", "section": "General Awareness", "topic": "Geography", "difficulty": "moderate", "text": {"en": "[General Awareness/Geography] Sample exam-style question #3288: Choose the correct option."}, "options": {"en": ["Option A3288", "Option B3288", "Option C3288", "Option D3288"]}, "answerIndex": 0}, {"id": "GE_3265", "section": "General Awareness", "topic": "Science", "difficulty": "moderate", "text": {"en": "[General Awareness/Science] Sample exam-style question #3265: Choose the correct option."}, "options": {"en": ["Option A3265", "Option B3265", "Option C3265", "Option D3265"]}, "answerIndex": 1}, {"id": "RE_3238", "section": "Reasoning", "topic": "Syllogism", "difficulty": "moderate", "text": {"en": "[Reasoning/Syllogism] Sample exam-style question #3238: Choose the correct option."}, "options": {"en": ["Option A3238", "Option B3238", "Option C3238", "Option D3238"]}, "answerIndex": 2}, {"id": "GE_3274", "section": "General Awareness", "topic": "Geography", "difficulty": "moderate", "text": {"en": "[General Awareness/Geography] Sample exam-style question #3274: Choose the correct option."}, "options": {"en": ["Option A3274", "Option B3274", "Option C3274", "Option D3274"]}, "answerIndex": 2}, {"id": "GE_3298", "section": "General Awareness", "topic": "Current Affairs", "difficulty": "moderate", "text": {"en": "[General Awareness/Current Affairs] Sample exam-style question #3298: Choose the correct option."}, "options": {"en": ["Option A3298", "Option B3298", "Option C3298", "Option D3298"]}, "answerIndex": 2}, {"id": "GE_3297", "section": "General Awareness", "topic": "Science", "difficulty": "moderate", "text": {"en": "[General Awareness/Science] Sample exam-style question #3297: Choose the correct option."}, "options": {"en": ["Option A3297", "Option B3297", "Option C3297", "Option D3297"]}, "answerIndex": 1}, {"id": "RE_3242", "section": "Reasoning", "topic": "Coding", "difficulty": "moderate", "text": {"en": "[Reasoning/Coding] Sample exam-style question #3242: Choose the correct option."}, "options": {"en": ["Option A3242", "Option B3242", "Option C3242", "Option D3242"]}, "answerIndex": 2}, {"id": "MA_3211", "section": "Mathematics", "topic": "Percentage", "difficulty": "moderate", "text": {"en": "[Mathematics/Percentage] Sample exam-style question #3211: Choose the correct option."}, "options": {"en": ["Option A3211", "Option B3211", "Option C3211", "Option D3211"]}, "answerIndex": 3}, {"id": "RE_3240", "section": "Reasoning", "topic": "Series", "difficulty": "moderate", "text": {"en": "[Reasoning/Series] Sample exam-style question #3240: Choose the correct option."}, "options": {"en": ["Option A3240", "Option B3240", "Option C3240", "Option D3240"]}, "answerIndex": 0}, {"id": "RE_3248", "section": "Reasoning", "topic": "Analogy", "difficulty": "moderate", "text": {"en": "[Reasoning/Analogy] Sample exam-style question #3248: Choose the correct option."}, "options": {"en": ["Option A3248", "Option B3248", "Option C3248", "Option D3248"]}, "answerIndex": 0}, {"id": "GE_3281", "section": "General Awareness", "topic": "Polity", "difficulty": "moderate", "text": {"en": "[General Awareness/Polity] Sample exam-style question #3281: Choose the correct option."}, "options": {"en": ["Option A3281", "Option B3281", "Option C3281", "Option D3281"]}, "answerIndex": 1}, {"id": "MA_3205", "section": "Mathematics", "topic": "CI", "difficulty": "moderate", "text": {"en": "[Mathematics/CI] Sample exam-style question #3205: Choose the correct option."}, "options": {"en": ["Option A3205", "Option B3205", "Option C3205", "Option D3205"]}, "answerIndex": 1}, {"id": "RE_3260", "section": "Reasoning", "topic": "Analogy", "difficulty": "moderate", "text": {"en": "[Reasoning/Analogy] Sample exam-style question #3260: Choose the correct option."}, "options": {"en": ["Option A3260", "Option B3260", "Option C3260", "Option D3260"]}, "answerIndex": 0}, {"id": "GE_3264", "section": "General Awareness", "topic": "Geography", "difficulty": "moderate", "text": {"en": "[General Awareness/Geography] Sample exam-style question #3264: Choose the correct option."}, "options": {"en": ["Option A3264", "Option B3264", "Option C3264", "Option D3264"]}, "answerIndex": 0}, {"id": "MA_3212", "section": "Mathematics", "topic": "CI", "difficulty": "moderate", "text": {"en": "[Mathematics/CI] Sample exam-style question #3212: Choose the correct option."}, "options": {"en": ["Option A3212", "Option B3212", "Option C3212", "Option D3212"]}, "answerIndex": 0}, {"id": "RE_3250", "section": "Reasoning", "topic": "Analogy", "difficulty": "moderate", "text": {"en": "[Reasoning/Analogy] Sample exam-style question #3250: Choose the correct option."}, "options": {"en": ["Option A3250", "Option B3250", "Option C3250", "Option D3250"]}, "answerIndex": 2}, {"id": "GE_3262", "section": "General Awareness", "topic": "Geography", "difficulty": "moderate", "text": {"en": "[General Awareness/Geography] Sample exam-style question #3262: Choose the correct option."}, "options": {"en": ["Option A3262", "Option B3262", "Option C3262", "Option D3262"]}, "answerIndex": 2}, {"id": "GE_3284", "section": "General Awareness", "topic": "Science", "difficulty": "moderate", "text": {"en": "[General Awareness/Science] Sample exam-style question #3284: Choose the correct option."}, "options": {"en": ["Option A3284", "Option B3284", "Option C3284", "Option D3284"]}, "answerIndex": 0}, {"id": "MA_3208", "section": "Mathematics", "topic": "Ratio", "difficulty": "moderate", "text": {"en": "[Mathematics/Ratio] Sample exam-style question #3208: Choose the correct option."}, "options": {"en": ["Option A3208", "Option B3208", "Option C3208", "Option D3208"]}, "answerIndex": 0}, {"id": "RE_3251", "section": "Reasoning", "topic": "Coding", "difficulty": "moderate", "text": {"en": "[Reasoning/Coding] Sample exam-style question #3251: Choose the correct option."}, "options": {"en": ["Option A3251", "Option B3251", "Option C3251", "Option D3251"]}, "answerIndex": 3}, {"id": "MA_3221", "section": "Mathematics", "topic": "SI", "difficulty": "moderate", "text": {"en": "[Mathematics/SI] Sample exam-style question #3221: Choose the correct option."}, "options": {"en": ["Option A3221", "Option B3221", "Option C3221", "Option D3221"]}, "answerIndex": 1}, {"id": "MA_3213", "section": "Mathematics", "topic": "DI", "difficulty": "moderate", "text": {"en": "[Mathematics/DI] Sample exam-style question #3213: Choose the correct option."}, "options": {"en": ["Option A3213", "Option B3213", "Option C3213", "Option D3213"]}, "answerIndex": 1}, {"id": "MA_3222", "section": "Mathematics", "topic": "CI", "difficulty": "moderate", "text": {"en": "[Mathematics/CI] Sample exam-style question #3222: Choose the correct option."}, "options": {"en": ["Option A3222", "Option B3222", "Option C3222", "Option D3222"]}, "answerIndex": 2}, {"id": "MA_3220", "section": "Mathematics", "topic": "Percentage", "difficulty": "moderate", "text": {"en": "[Mathematics/Percentage] Sample exam-style question #3220: Choose the correct option."}, "options": {"en": ["Option A3220", "Option B3220", "Option C3220", "Option D3220"]}, "answerIndex": 0}, {"id": "GE_3287", "section": "General Awareness", "topic": "Economy", "difficulty": "moderate", "text": {"en": "[General Awareness/Economy] Sample exam-style question #3287: Choose the correct option."}, "options": {"en": ["Option A3287", "Option B3287", "Option C3287", "Option D3287"]}, "answerIndex": 3}, {"id": "RE_3249", "section": "Reasoning", "topic": "Puzzle", "difficulty": "moderate", "text": {"en": "[Reasoning/Puzzle] Sample exam-style question #3249: Choose the correct option."}, "options": {"en": ["Option A3249", "Option B3249", "Option C3249", "Option D3249"]}, "answerIndex": 1}, {"id": "MA_3202", "section": "Mathematics", "topic": "Time&Work", "difficulty": "moderate", "text": {"en": "[Mathematics/Time&Work] Sample exam-style question #3202: Choose the correct option."}, "options": {"en": ["Option A3202", "Option B3202", "Option C3202", "Option D3202"]}, "answerIndex": 2}, {"id": "MA_3230", "section": "Mathematics", "topic": "DI", "difficulty": "moderate", "text": {"en": "[Mathematics/DI] Sample exam-style question #3230: Choose the correct option."}, "options": {"en": ["Option A3230", "Option B3230", "Option C3230", "Option D3230"]}, "answerIndex": 2}, {"id": "GE_3292", "section": "General Awareness", "topic": "History", "difficulty": "moderate", "text": {"en": "[General Awareness/History] Sample exam-style question #3292: Choose the correct option."}, "options": {"en": ["Option A3292", "Option B3292", "Option C3292", "Option D3292"]}, "answerIndex": 0}, {"id": "GE_3291", "section": "General Awareness", "topic": "Geography", "difficulty": "moderate", "text": {"en": "[General Awareness/Geography] Sample exam-style question #3291: Choose the correct option."}, "options": {"en": ["Option A3291", "Option B3291", "Option C3291", "Option D3291"]}, "answerIndex": 3}, {"id": "GE_3285", "section": "General Awareness", "topic": "Science", "difficulty": "moderate", "text": {"en": "[General Awareness/Science] Sample exam-style question #3285: Choose the correct option."}, "options": {"en": ["Option A3285", "Option B3285", "Option C3285", "Option D3285"]}, "answerIndex": 1}, {"id": "MA_3210", "section": "Mathematics", "topic": "Speed", "difficulty": "moderate", "text": {"en": "[Mathematics/Speed] Sample exam-style question #3210: Choose the correct option."}, "options": {"en": ["Option A3210", "Option B3210", "Option C3210", "Option D3210"]}, "answerIndex": 2}, {"id": "GE_3282", "section": "General Awareness", "topic": "Geography", "difficulty": "moderate", "text": {"en": "[General Awareness/Geography] Sample exam-style question #3282: Choose the correct option."}, "options": {"en": ["Option A3282", "Option B3282", "Option C3282", "Option D3282"]}, "answerIndex": 2}, {"id": "MA_3209", "section": "Mathematics", "topic": "SI", "difficulty": "moderate", "text": {"en": "[Mathematics/SI] Sample exam-style question #3209: Choose the correct option."}, "options": {"en": ["Option A3209", "Option B3209", "Option C3209", "Option D3209"]}, "answerIndex": 1}, {"id": "RE_3259", "section": "Reasoning", "topic": "Puzzle", "difficulty": "moderate", "text": {"en": "[Reasoning/Puzzle] Sample exam-style question #3259: Choose the correct option."}, "options": {"en": ["Option A3259", "Option B3259", "Option C3259", "Option D3259"]}, "answerIndex": 3}, {"id": "RE_3235", "section": "Reasoning", "topic": "Coding", "difficulty": "moderate", "text": {"en": "[Reasoning/Coding] Sample exam-style question #3235: Choose the correct option."}, "options": {"en": ["Option A3235", "Option B3235", "Option C3235", "Option D3235"]}, "answerIndex": 3}, {"id": "GE_3294", "section": "General Awareness", "topic": "Science", "difficulty": "moderate", "text": {"en": "[General Awareness/Science] Sample exam-style question #3294: Choose the correct option."}, "options": {"en": ["Option A3294", "Option B3294", "Option C3294", "Option D3294"]}, "answerIndex": 2}, {"id": "MA_3227", "section": "Mathematics", "topic": "DI", "difficulty": "moderate", "text": {"en": "[Mathematics/DI] Sample exam-style question #3227: Choose the correct option."}, "options": {"en": ["Option A3227", "Option B3227", "Option C3227", "Option D3227"]}, "answerIndex": 3}, {"id": "GE_3283", "section": "General Awareness", "topic": "Science", "difficulty": "moderate", "text": {"en": "[General Awareness/Science] Sample exam-style question #3283: Choose the correct option."}, "options": {"en": ["Option A3283", "Option B3283", "Option C3283", "Option D3283"]}, "answerIndex": 3}]}