{"testId": "046", "questions": [{"id": "MA_4505", "section": "Mathematics", "topic": "CI", "difficulty": "moderate", "text": {"en": "[Mathematics/CI] Sample exam-style question #4505: Choose the correct option."}, "options": {"en": ["Option A4505", "Option B4505", "Option C4505", "Option D4505"]}, "answerIndex": 1}, {"id": "GE_4580", "section": "General Awareness", "topic": "Geography", "difficulty": "moderate", "text": {"en": "[General Awareness/Geography] Sample exam-style question #4580: Choose the correct option."}, "options": {"en": ["Option A4580", "Option B4580", "Option C4580", "Option D4580"]}, "answerIndex": 0}, {"id": "MA_4511", "section": "Mathematics", "topic": "SI", "difficulty": "moderate", "text": {"en": "[Mathematics/SI] Sample exam-style question #4511: Choose the correct option."}, "options": {"en": ["Option A4511", "Option B4511", "Option C4511", "Option D4511"]}, "answerIndex": 3}, {"id": "MA_4508", "section": "Mathematics", "topic": "Ratio", "difficulty": "moderate", "text": {"en": "[Mathematics/Ratio] Sample exam-style question #4508: Choose the correct option."}, "options": {"en": ["Option A4508", "Option B4508", "Option C4508", "Option D4508"]}, "answerIndex": 0}, {"id": "RE_4550", "section": "Reasoning", "topic": "Coding", "difficulty": "moderate", "text": {"en": "[Reasoning/Coding] Sample exam-style question #4550: Choose the correct option."}, "options": {"en": ["Option A4550", "Option B4550", "Option C4550", "Option D4550"]}, "answerIndex": 2}, {"id": "RE_4556", "section": "Reasoning", "topic": "Syllogism", "difficulty": "moderate", "text": {"en": "[Reasoning/Syllogism] Sample exam-style question #4556: Choose the correct option."}, "options": {"en": ["Option A4556", "Option B4556", "Option C4556", "Option D4556"]}, "answerIndex": 0}, {"id": "RE_4558", "section": "Reasoning", "topic": "Direction", "difficulty": "moderate", "text": {"en": "[Reasoning/Direction] Sample exam-style question #4558: Choose the correct option."}, "options": {"en": ["Option A4558", "Option B4558", "Option C4558", "Option D4558"]}, "answerIndex": 2}, {"id": "GE_4563", "section": "General Awareness", "topic": "History", "difficulty": "moderate", "text": {"en": "[General Awareness/History] Sample exam-style question #4563: Choose the correct option."}, "options": {"en": ["Option A4563", "Option B4563", "Option C4563", "Option D4563"]}, "answerIndex": 3}, {"id": "GE_4576", "section": "General Awareness", "topic": "History", "difficulty": "moderate", "text": {"en": "[General Awareness/History] Sample exam-style question #4576: Choose the correct option."}, "options": {"en": ["Option A4576", "Option B4576", "Option C4576", "Option D4576"]}, "answerIndex": 0}, {"id": "MA_4509", "section": "Mathematics", "topic": "Ratio", "difficulty": "moderate", "text": {"en": "[Mathematics/Ratio] Sample exam-style question #4509: Choose the correct option."}, "options": {"en": ["Option A4509", "Option B4509", "Option C4509", "Option D4509"]}, "answerIndex": 1}, {"id": "RE_4549", "section": "Reasoning", "topic": "Syllogism", "difficulty": "moderate", "text": {"en": "[Reasoning/Syllogism] Sample exam-style question #4549: Choose the correct option."}, "options": {"en": ["Option A4549", "Option B4549", "Option C4549", "Option D4549"]}, "answerIndex": 1}, {"id": "RE_4534", "section": "Reasoning", "topic": "Coding", "difficulty": "moderate", "text": {"en": "[Reasoning/Coding] Sample exam-style question #4534: Choose the correct option."}, "options": {"en": ["Option A4534", "Option B4534", "Option C4534", "Option D4534"]}, "answerIndex": 2}, {"id": "GE_4570", "section": "General Awareness", "topic": "Current Affairs", "difficulty": "moderate", "text": {"en": "[General Awareness/Current Affairs] Sample exam-style question #4570: Choose the correct option."}, "options": {"en": ["Option A4570", "Option B4570", "Option C4570", "Option D4570"]}, "answerIndex": 2}, {"id": "RE_4540", "section": "Reasoning", "topic": "Syllogism", "difficulty": "moderate", "text": {"en": "[Reasoning/Syllogism] Sample exam-style question #4540: Choose the correct option."}, "options": {"en": ["Option A4540", "Option B4540", "Option C4540", "Option D4540"]}, "answerIndex": 0}, {"id": "GE_4591", "section": "General Awareness", "topic": "History", "difficulty": "moderate", "text": {"en": "[General Awareness/History] Sample exam-style question #4591: Choose the correct option."}, "options": {"en": ["Option A4591", "Option B4591", "Option C4591", "Option D4591"]}, "answerIndex": 3}, {"id": "GE_4567", "section": "General Awareness", "topic": "History", "difficulty": "moderate", "text": {"en": "[General Awareness/History] Sample exam-style question #4567: Choose the correct option."}, "options": {"en": ["Option A4567", "Option B4567", "Option C4567", "Option D4567"]}, "answerIndex": 3}, {"id": "RE_4551", "section": "Reasoning", "topic": "Series", "difficulty": "moderate", "text": {"en": "[Reasoning/Series] Sample exam-style question #4551: Choose the correct option."}, "options": {"en": ["Option A4551", "Option B4551", "Option C4551", "Option D4551"]}, "answerIndex": 3}, {"id": "GE_4595", "section": "General Awareness", "topic": "Science", "difficulty": "moderate", "text": {"en": "[General Awareness/Science] Sample exam-style question #4595: Choose the correct option."}, "options": {"en": ["Option A4595", "Option B4595", "Option C4595", "Option D4595"]}, "answerIndex": 3}, {"id": "RE_4537", "section": "Reasoning", "topic": "Series", "difficulty": "moderate", "text": {"en": "[Reasoning/Series] Sample exam-style question #4537: Choose the correct option."}, "options": {"en": ["Option A4537", "Option B4537", "Option C4537", "Option D4537"]}, "answerIndex": 1}, {"id": "GE_4592", "section": "General Awareness", "topic": "Science", "difficulty": "moderate", "text": {"en": "[General Awareness/Science] Sample exam-style question #4592: Choose the correct option."}, "options": {"en": ["Option A4592", "Option B4592", "Option C4592", "Option D4592"]}, "answerIndex": 0}, {"id": "MA_4521", "section": "Mathematics", "topic": "CI", "difficulty": "moderate", "text": {"en": "[Mathematics/CI] Sample exam-style question #4521: Choose the correct option."}, "options": {"en": ["Option A4521", "Option B4521", "Option C4521", "Option D4521"]}, "answerIndex": 1}, {"id": "RE_4535", "section": "Reasoning", "topic": "Analogy", "difficulty": "moderate", "text": {"en": "[Reasoning/Analogy] Sample exam-style question #4535: Choose the correct option."}, "options": {"en": ["Option A4535", "Option B4535", "Option C4535", "Option D4535"]}, "answerIndex": 3}, {"id": "RE_4546", "section": "Reasoning", "topic": "Puzzle", "difficulty": "moderate", "text": {"en": "[Reasoning/Puzzle] Sample exam-style question #4546: Choose the correct option."}, "options": {"en": ["Option A4546", "Option B4546", "Option C4546", "Option D4546"]}, "answerIndex": 2}, {"id": "MA_4528", "section": "Mathematics", "topic": "CI", "difficulty": "moderate", "text": {"en": "[Mathematics/CI] Sample exam-style question #4528: Choose the correct option."}, "options": {"en": ["Option A4528", "Option B4528", "Option C4528", "Option D4528"]}, "answerIndex": 0}, {"id": "MA_4507", "section": "Mathematics", "topic": "SI", "difficulty": "moderate", "text": {"en": "[Mathematics/SI] Sample exam-style question #4507: Choose the correct option."}, "options": {"en": ["Option A4507", "Option B4507", "Option C4507", "Option D4507"]}, "answerIndex": 3}, {"id": "MA_4501", "section": "Mathematics", "topic": "CI", "difficulty": "moderate", "text": {"en": "[Mathematics/CI] Sample exam-style question #4501: Choose the correct option."}, "options": {"en": ["Option A4501", "Option B4501", "Option C4501", "Option D4501"]}, "answerIndex": 1}, {"id": "MA_4530", "section": "Mathematics", "topic": "CI", "difficulty": "moderate", "text": {"en": "[Mathematics/CI] Sample exam-style question #4530: Choose the correct option."}, "options": {"en": ["Option A4530", "Option B4530", "Option C4530", "Option D4530"]}, "answerIndex": 2}, {"id": "RE_4543", "section": "Reasoning", "topic": "Direction", "difficulty": "moderate", "text": {"en": "[Reasoning/Direction] Sample exam-style question #4543: Choose the correct option."}, "options": {"en": ["Option A4543", "Option B4543", "Option C4543", "Option D4543"]}, "answerIndex": 3}, {"id": "RE_4532", "section": "Reasoning", "topic": "Analogy", "difficulty": "moderate", "text": {"en": "[Reasoning/Analogy] Sample exam-style question #4532: Choose the correct option."}, "options": {"en": ["Option A4532", "Option B4532", "Option C4532", "Option D4532"]}, "answerIndex": 0}, {"id": "RE_4544", "section": "Reasoning", "topic": "Syllogism", "difficulty": "moderate", "text": {"en": "[Reasoning/Syllogism] Sample exam-style question #4544: Choose the correct option."}, "options": {"en": ["Option A4544", "Option B4544", "Option C4544", "Option D4544"]}, "answerIndex": 0}, {"id": "RE_4531", "section": "Reasoning", "topic": "Coding", "difficulty": "moderate", "text": {"en": "[Reasoning/Coding] Sample exam-style question #4531: Choose the correct option."}, "options": {"en": ["Option A4531", "Option B4531", "Option C4531", "Option D4531"]}, "answerIndex": 3}, {"id": "MA_4504", "section": "Mathematics", "topic": "Speed", "difficulty": "moderate", "text": {"en": "[Mathematics/Speed] Sample exam-style question #4504: Choose the correct option."}, "options": {"en": ["Option A4504", "Option B4504", "Option C4504", "Option D4504"]}, "answerIndex": 0}, {"id": "GE_4579", "section": "General Awareness", "topic": "Science", "difficulty": "moderate", "text": {"en": "[General Awareness/Science] Sample exam-style question #4579: Choose the correct option."}, "options": {"en": ["Option A4579", "Option B4579", "Option C4579", "Option D4579"]}, "answerIndex": 3}, {"id": "RE_4545", "section": "Reasoning", "topic": "Puzzle", "difficulty": "moderate", "text": {"en": "[Reasoning/Puzzle] Sample exam-style question #4545: Choose the correct option."}, "options": {"en": ["Option A4545", "Option B4545", "Option C4545", "Option D4545"]}, "answerIndex": 1}, {"id": "MA_4516", "section": "Mathematics", "topic": "Time&Work", "difficulty": "moderate", "text": {"en": "[Mathematics/Time&Work] Sample exam-style question #4516: Choose the correct option."}, "options": {"en": ["Option A4516", "Option B4516", "Option C4516", "Option D4516"]}, "answerIndex": 0}, {"id": "GE_4597", "section": "General Awareness", "topic": "History", "difficulty": "moderate", "text": {"en": "[General Awareness/History] Sample exam-style question #4597: Choose the correct option."}, "options": {"en": ["Option A4597", "Option B4597", "Option C4597", "Option D4597"]}, "answerIndex": 1}, {"id": "GE_4581", "section": "General Awareness", "topic": "Current Affairs", "difficulty": "moderate", "text": {"en": "[General Awareness/Current Affairs] Sample exam-style question #4581: Choose the correct option."}, "options": {"en": ["Option A4581", "Option B4581", "Option C4581", "Option D4581"]}, "answerIndex": 1}, {"id": "GE_4598", "section": "General Awareness", "topic": "Economy", "difficulty": "moderate", "text": {"en": "[General Awareness/Economy] Sample exam-style question #4598: Choose the correct option."}, "options": {"en": ["Option A4598", "Option B4598", "Option C4598", "Option D4598"]}, "answerIndex": 2}, {"id": "RE_4538", "section": "Reasoning", "topic": "Direction", "difficulty": "moderate", "text": {"en": "[Reasoning/Direction] Sample exam-style question #4538: Choose the correct option."}, "options": {"en": ["Option A4538", "Option B4538", "Option C4538", "Option D4538"]}, "answerIndex": 2}, {"id": "RE_4548", "section": "Reasoning", "topic": "Direction", "difficulty": "moderate", "text": {"en": "[Reasoning/Direction] Sample exam-style question #4548: Choose the correct option."}, "options": {"en": ["Option A4548", "Option B4548", "Option C4548", "Option D4548"]}, "answerIndex": 0}, {"id": "GE_4587", "section": "General Awareness", "topic": "Current Affairs", "difficulty": "moderate", "text": {"en": "[General Awareness/Current Affairs] Sample exam-style question #4587: Choose the correct option."}, "options": {"en": ["Option A4587", "Option B4587", "Option C4587", "Option D4587"]}, "answerIndex": 3}, {"id": "MA_4517", "section": "Mathematics", "topic": "Time&Work", "difficulty": "moderate", "text": {"en": "[Mathematics/Time&Work] Sample exam-style question #4517: Choose the correct option."}, "options": {"en": ["Option A4517", "Option B4517", "Option C4517", "Option D4517"]}, "answerIndex": 1}, {"id": "GE_4566", "section": "General Awareness", "topic": "Current Affairs", "difficulty": "moderate", "text": {"en": "[General Awareness/Current Affairs] Sample exam-style question #4566: Choose the correct option."}, "options": {"en": ["Option A4566", "Option B4566", "Option C4566", "Option D4566"]}, "answerIndex": 2}, {"id": "GE_4572", "section": "General Awareness", "topic": "History", "difficulty": "moderate", "text": {"en": "[General Awareness/History] Sample exam-style question #4572: Choose the correct option."}, "options": {"en": ["Option A4572", "Option B4572", "Option C4572", "Option D4572"]}, "answerIndex": 0}, {"id": "GE_4561", "section": "General Awareness", "topic": "Science", "difficulty": "moderate", "text": {"en": "[General Awareness/Science] Sample exam-style question #4561: Choose the correct option."}, "options": {"en": ["Option A4561", "Option B4561", "Option C4561", "Option D4561"]}, "answerIndex": 1}, {"id": "GE_4590", "section": "General Awareness", "topic": "Science", "difficulty": "moderate", "text": {"en": "[General Awareness/Science] Sample exam-style question #4590: Choose the correct option."}, "options": {"en": ["Option A4590", "Option B4590", "Option C4590", "Option D4590"]}, "answerIndex": 2}, {"id": "MA_4513", "section": "Mathematics", "topic": "Ratio", "difficulty": "moderate", "text": {"en": "[Mathematics/Ratio] Sample exam-style question #4513: Choose the correct option."}, "options": {"en": ["Option A4513", "Option B4513", "Option C4513", "Option D4513"]}, "answerIndex": 1}, {"id": "GE_4562", "section": "General Awareness", "topic": "History", "difficulty": "moderate", "text": {"en": "[General Awareness/History] Sample exam-style question #4562: Choose the correct option."}, "options": {"en": ["Option A4562", "Option B4562", "Option C4562", "Option D4562"]}, "answerIndex": 2}, {"id": "MA_4524", "section": "Mathematics", "topic": "CI", "difficulty": "moderate", "text": {"en": "[Mathematics/CI] Sample exam-style question #4524: Choose the correct option."}, "options": {"en": ["Option A4524", "Option B4524", "Option C4524", "Option D4524"]}, "answerIndex": 0}, {"id": "MA_4503", "section": "Mathematics", "topic": "CI", "difficulty": "moderate", "text": {"en": "[Mathematics/CI] Sample exam-style question #4503: Choose the correct option."}, "options": {"en": ["Option A4503", "Option B4503", "Option C4503", "Option D4503"]}, "answerIndex": 3}, {"id": "GE_4574", "section": "General Awareness", "topic": "Economy", "difficulty": "moderate", "text": {"en": "[General Awareness/Economy] Sample exam-style question #4574: Choose the correct option."}, "options": {"en": ["Option A4574", "Option B4574", "Option C4574", "Option D4574"]}, "answerIndex": 2}, {"id": "GE_4568", "section": "General Awareness", "topic": "Geography", "difficulty": "moderate", "text": {"en": "[General Awareness/Geography] Sample exam-style question #4568: Choose the correct option."}, "options": {"en": ["Option A4568", "Option B4568", "Option C4568", "Option D4568"]}, "answerIndex": 0}, {"id": "GE_4582", "section": "General Awareness", "topic": "Current Affairs", "difficulty": "moderate", "text": {"en": "[General Awareness/Current Affairs] Sample exam-style question #4582: Choose the correct option."}, "options": {"en": ["Option A4582", "Option B4582", "Option C4582", "Option D4582"]}, "answerIndex": 2}, {"id": "RE_4536", "section": "Reasoning", "topic": "Puzzle", "difficulty": "moderate", "text": {"en": "[Reasoning/Puzzle] Sample exam-style question #4536: Choose the correct option."}, "options": {"en": ["Option A4536", "Option B4536", "Option C4536", "Option D4536"]}, "answerIndex": 0}, {"id": "GE_4599", "section": "General Awareness", "topic": "Polity", "difficulty": "moderate", "text": {"en": "[General Awareness/Polity] Sample exam-style question #4599: Choose the correct option."}, "options": {"en": ["Option A4599", "Option B4599", "Option C4599", "Option D4599"]}, "answerIndex": 3}, {"id": "GE_4578", "section": "General Awareness", "topic": "History", "difficulty": "moderate", "text": {"en": "[General Awareness/History] Sample exam-style question #4578: Choose the correct option."}, "options": {"en": ["Option A4578", "Option B4578", "Option C4578", "Option D4578"]}, "answerIndex": 2}, {"id": "MA_4520", "section": "Mathematics", "topic": "SI", "difficulty": "moderate", "text": {"en": "[Mathematics/SI] Sample exam-style question #4520: Choose the correct option."}, "options": {"en": ["Option A4520", "Option B4520", "Option C4520", "Option D4520"]}, "answerIndex": 0}, {"id": "MA_4526", "section": "Mathematics", "topic": "Percentage", "difficulty": "moderate", "text": {"en": "[Mathematics/Percentage] Sample exam-style question #4526: Choose the correct option."}, "options": {"en": ["Option A4526", "Option B4526", "Option C4526", "Option D4526"]}, "answerIndex": 2}, {"id": "GE_4583", "section": "General Awareness", "topic": "Geography", "difficulty": "moderate", "text": {"en": "[General Awareness/Geography] Sample exam-style question #4583: Choose the correct option."}, "options": {"en": ["Option A4583", "Option B4583", "Option C4583", "Option D4583"]}, "answerIndex": 3}, {"id": "RE_4557", "section": "Reasoning", "topic": "Series", "difficulty": "moderate", "text": {"en": "[Reasoning/Series] Sample exam-style question #4557: Choose the correct option."}, "options": {"en": ["Option A4557", "Option B4557", "Option C4557", "Option D4557"]}, "answerIndex": 1}, {"id": "GE_4589", "section": "General Awareness", "topic": "Science", "difficulty": "moderate", "text": {"en": "[General Awareness/Science] Sample exam-style question #4589: Choose the correct option."}, "options": {"en": ["Option A4589", "Option B4589", "Option C4589", "Option D4589"]}, "answerIndex": 1}, {"id": "GE_4585", "section": "General Awareness", "topic": "Polity", "difficulty": "moderate", "text": {"en": "[General Awareness/Polity] Sample exam-style question #4585: Choose the correct option."}, "options": {"en": ["Option A4585", "Option B4585", "Option C4585", "Option D4585"]}, "answerIndex": 1}, {"id": "GE_4600", "section": "General Awareness", "topic": "Polity", "difficulty": "moderate", "text": {"en": "[General Awareness/Polity] Sample exam-style question #4600: Choose the correct option."}, "options": {"en": ["Option A4600", "Option B4600", "Option C4600", "Option D4600"]}, "answerIndex": 0}, {"id": "MA_4515", "section": "Mathematics", "topic": "Time&Work", "difficulty": "moderate", "text": {"en": "[Mathematics/Time&Work] Sample exam-style question #4515: Choose the correct option."}, "options": {"en": ["Option A4515", "Option B4515", "Option C4515", "Option D4515"]}, "answerIndex": 3}, {"id": "RE_4539", "section": "Reasoning", "topic": "Analogy", "difficulty": "moderate", "text": {"en": "[Reasoning/Analogy] Sample exam-style question #4539: Choose the correct option."}, "options": {"en": ["Option A4539", "Option B4539", "Option C4539", "Option D4539"]}, "answerIndex": 3}, {"id": "MA_4522", "section": "Mathematics", "topic": "CI", "difficulty": "moderate", "text": {"en": "[Mathematics/CI] Sample exam-style question #4522: Choose the correct option."}, "options": {"en": ["Option A4522", "Option B4522", "Option C4522", "Option D4522"]}, "answerIndex": 2}, {"id": "GE_4593", "section": "General Awareness", "topic": "History", "difficulty": "moderate", "text": {"en": "[General Awareness/History] Sample exam-style question #4593: Choose the correct option."}, "options": {"en": ["Option A4593", "Option B4593", "Option C4593", "Option D4593"]}, "answerIndex": 1}, {"id": "RE_4541", "section": "Reasoning", "topic": "Direction", "difficulty": "moderate", "text": {"en": "[Reasoning/Direction] Sample exam-style question #4541: Choose the correct option."}, "options": {"en": ["Option A4541", "Option B4541", "Option C4541", "Option D4541"]}, "answerIndex": 1}, {"id": "RE_4559", "section": "Reasoning", "topic": "Puzzle", "difficulty": "moderate", "text": {"en": "[Reasoning/Puzzle] Sample exam-style question #4559: Choose the correct option."}, "options": {"en": ["Option A4559", "Option B4559", "Option C4559", "Option D4559"]}, "answerIndex": 3}, {"id": "GE_4573", "section": "General Awareness", "topic": "Science", "difficulty": "moderate", "text": {"en": "[General Awareness/Science] Sample exam-style question #4573: Choose the correct option."}, "options": {"en": ["Option A4573", "Option B4573", "Option C4573", "Option D4573"]}, "answerIndex": 1}, {"id": "MA_4502", "section": "Mathematics", "topic": "Percentage", "difficulty": "moderate", "text": {"en": "[Mathematics/Percentage] Sample exam-style question #4502: Choose the correct option."}, "options": {"en": ["Option A4502", "Option B4502", "Option C4502", "Option D4502"]}, "answerIndex": 2}, {"id": "RE_4554", "section": "Reasoning", "topic": "Coding", "difficulty": "moderate", "text": {"en": "[Reasoning/Coding] Sample exam-style question #4554: Choose the correct option."}, "options": {"en": ["Option A4554", "Option B4554", "Option C4554", "Option D4554"]}, "answerIndex": 2}, {"id": "MA_4514", "section": "Mathematics", "topic": "Percentage", "difficulty": "moderate", "text": {"en": "[Mathematics/Percentage] Sample exam-style question #4514: Choose the correct option."}, "options": {"en": ["Option A4514", "Option B4514", "Option C4514", "Option D4514"]}, "answerIndex": 2}, {"id": "GE_4571", "section": "General Awareness", "topic": "Polity", "difficulty": "moderate", "text": {"en": "[General Awareness/Polity] Sample exam-style question #4571: Choose the correct option."}, "options": {"en": ["Option A4571", "Option B4571", "Option C4571", "Option D4571"]}, "answerIndex": 3}, {"id": "GE_4565", "section": "General Awareness", "topic": "History", "difficulty": "moderate", "text": {"en": "[General Awareness/History] Sample exam-style question #4565: Choose the correct option."}, "options": {"en": ["Option A4565", "Option B4565", "Option C4565", "Option D4565"]}, "answerIndex": 1}, {"id": "MA_4518", "section": "Mathematics", "topic": "Ratio", "difficulty": "moderate", "text": {"en": "[Mathematics/Ratio] Sample exam-style question #4518: Choose the correct option."}, "options": {"en": ["Option A4518", "Option B4518", "Option C4518", "Option D4518"]}, "answerIndex": 2}, {"id": "MA_4529", "section": "Mathematics", "topic": "Ratio", "difficulty": "moderate", "text": {"en": "[Mathematics/Ratio] Sample exam-style question #4529: Choose the correct option."}, "options": {"en": ["Option A4529", "Option B4529", "Option C4529", "Option D4529"]}, "answerIndex": 1}, {"id": "GE_4586", "section": "General Awareness", "topic": "Current Affairs", "difficulty": "moderate", "text": {"en": "[General Awareness/Current Affairs] Sample exam-style question #4586: Choose the correct option."}, "options": {"en": ["Option A4586", "Option B4586", "Option C4586", "Option D4586"]}, "answerIndex": 2}, {"id": "RE_4552", "section": "Reasoning", "topic": "Syllogism", "difficulty": "moderate", "text": {"en": "[Reasoning/Syllogism] Sample exam-style question #4552: Choose the correct option."}, "options": {"en": ["Option A4552", "Option B4552", "Option C4552", "Option D4552"]}, "answerIndex": 0}, {"id": "RE_4553", "section": "Reasoning", "topic": "Puzzle", "difficulty": "moderate", "text": {"en": "[Reasoning/Puzzle] Sample exam-style question #4553: Choose the correct option."}, "options": {"en": ["Option A4553", "Option B4553", "Option C4553", "Option D4553"]}, "answerIndex": 1}, {"id": "MA_4527", "section": "Mathematics", "topic": "SI", "difficulty": "moderate", "text": {"en": "[Mathematics/SI] Sample exam-style question #4527: Choose the correct option."}, "options": {"en": ["Option A4527", "Option B4527", "Option C4527", "Option D4527"]}, "answerIndex": 3}, {"id": "GE_4575", "section": "General Awareness", "topic": "Geography", "difficulty": "moderate", "text": {"en": "[General Awareness/Geography] Sample exam-style question #4575: Choose the correct option."}, "options": {"en": ["Option A4575", "Option B4575", "Option C4575", "Option D4575"]}, "answerIndex": 3}, {"id": "RE_4542", "section": "Reasoning", "topic": "Puzzle", "difficulty": "moderate", "text": {"en": "[Reasoning/Puzzle] Sample exam-style question #4542: Choose the correct option."}, "options": {"en": ["Option A4542", "Option B4542", "Option C4542", "Option D4542"]}, "answerIndex": 2}, {"id": "GE_4569", "section": "General Awareness", "topic": "Science", "difficulty": "moderate", "text": {"en": "[General Awareness/Science] Sample exam-style question #4569: Choose the correct option."}, "options": {"en": ["Option A4569", "Option B4569", "Option C4569", "Option D4569"]}, "answerIndex": 1}, {"id": "RE_4555", "section": "Reasoning", "topic": "Series", "difficulty": "moderate", "text": {"en": "[Reasoning/Series] Sample exam-style question #4555: Choose the correct option."}, "options": {"en": ["Option A4555", "Option B4555", "Option C4555", "Option D4555"]}, "answerIndex": 3}, {"id": "GE_4594", "section": "General Awareness", "topic": "Economy", "difficulty": "moderate", "text": {"en": "[General Awareness/Economy] Sample exam-style question #4594: Choose the correct option."}, "options": {"en": ["Option A4594", "Option B4594", "Option C4594", "Option D4594"]}, "answerIndex": 2}, {"id": "GE_4588", "section": "General Awareness", "topic": "Geography", "difficulty": "moderate", "text": {"en": "[General Awareness/Geography] Sample exam-style question #4588: Choose the correct option."}, "options": {"en": ["Option A4588", "Option B4588", "Option C4588", "Option D4588"]}, "answerIndex": 0}, {"id": "RE_4533", "section": "Reasoning", "topic": "Puzzle", "difficulty": "moderate", "text": {"en": "[Reasoning/Puzzle] Sample exam-style question #4533: Choose the correct option."}, "options": {"en": ["Option A4533", "Option B4533", "Option C4533", "Option D4533"]}, "answerIndex": 1}, {"id": "MA_4510", "section": "Mathematics", "topic": "SI", "difficulty": "moderate", "text": {"en": "[Mathematics/SI] Sample exam-style question #4510: Choose the correct option."}, "options": {"en": ["Option A4510", "Option B4510", "Option C4510", "Option D4510"]}, "answerIndex": 2}, {"id": "MA_4523", "section": "Mathematics", "topic": "Time&Work", "difficulty": "moderate", "text": {"en": "[Mathematics/Time&Work] Sample exam-style question #4523: Choose the correct option."}, "options": {"en": ["Option A4523", "Option B4523", "Option C4523", "Option D4523"]}, "answerIndex": 3}, {"id": "GE_4584", "section": "General Awareness", "topic": "Science", "difficulty": "moderate", "text": {"en": "[General Awareness/Science] Sample exam-style question #4584: Choose the correct option."}, "options": {"en": ["Option A4584", "Option B4584", "Option C4584", "Option D4584"]}, "answerIndex": 0}, {"id": "MA_4506", "section": "Mathematics", "topic": "Ratio", "difficulty": "moderate", "text": {"en": "[Mathematics/Ratio] Sample exam-style question #4506: Choose the correct option."}, "options": {"en": ["Option A4506", "Option B4506", "Option C4506", "Option D4506"]}, "answerIndex": 2}, {"id": "MA_4519", "section": "Mathematics", "topic": "Speed", "difficulty": "moderate", "text": {"en": "[Mathematics/Speed] Sample exam-style question #4519: Choose the correct option."}, "options": {"en": ["Option A4519", "Option B4519", "Option C4519", "Option D4519"]}, "answerIndex": 3}, {"id": "MA_4525", "section": "Mathematics", "topic": "Percentage", "difficulty": "moderate", "text": {"en": "[Mathematics/Percentage] Sample exam-style question #4525: Choose the correct option."}, "options": {"en": ["Option A4525", "Option B4525", "Option C4525", "Option D4525"]}, "answerIndex": 1}, {"id": "GE_4596", "section": "General Awareness", "topic": "Geography", "difficulty": "moderate", "text": {"en": "[General Awareness/Geography] Sample exam-style question #4596: Choose the correct option."}, "options": {"en": ["Option A4596", "Option B4596", "Option C4596", "Option D4596"]}, "answerIndex": 0}, {"id": "RE_4547", "section": "Reasoning", "topic": "Syllogism", "difficulty": "moderate", "text": {"en": "[Reasoning/Syllogism] Sample exam-style question #4547: Choose the correct option."}, "options": {"en": ["Option A4547", "Option B4547", "Option C4547", "Option D4547"]}, "answerIndex": 3}, {"id": "MA_4512", "section": "Mathematics", "topic": "CI", "difficulty": "moderate", "text": {"en": "[Mathematics/CI] Sample exam-style question #4512: Choose the correct option."}, "options": {"en": ["Option A4512", "Option B4512", "Option C4512", "Option D4512"]}, "answerIndex": 0}, {"id": "GE_4564", "section": "General Awareness", "topic": "Polity", "difficulty": "moderate", "text": {"en": "[General Awareness/Polity] Sample exam-style question #4564: Choose the correct option."}, "options": {"en": ["Option A4564", "Option B4564", "Option C4564", "Option D4564"]}, "answerIndex": 0}, {"id": "GE_4577", "section": "General Awareness", "topic": "History", "difficulty": "moderate", "text": {"en": "[General Awareness/History] Sample exam-style question #4577: Choose the correct option."}, "options": {"en": ["Option A4577", "Option B4577", "Option C4577", "Option D4577"]}, "answerIndex": 1}, {"id": "RE_4560", "section": "Reasoning", "topic": "Syllogism", "difficulty": "moderate", "text": {"en": "[Reasoning/Syllogism] Sample exam-style question #4560: Choose the correct option."}, "options": {"en": ["Option A4560", "Option B4560", "Option C4560", "Option D4560"]}, "answerIndex": 0}]}