{"testId": "010", "questions": [{"id": "RE_0943", "section": "Reasoning", "topic": "Series", "difficulty": "moderate", "text": {"en": "[Reasoning/Series] Sample exam-style question #943: Choose the correct option."}, "options": {"en": ["Option A943", "Option B943", "Option C943", "Option D943"]}, "answerIndex": 3}, {"id": "MA_0926", "section": "Mathematics", "topic": "CI", "difficulty": "moderate", "text": {"en": "[Mathematics/CI] Sample exam-style question #926: Choose the correct option."}, "options": {"en": ["Option A926", "Option B926", "Option C926", "Option D926"]}, "answerIndex": 2}, {"id": "RE_0931", "section": "Reasoning", "topic": "Syllogism", "difficulty": "moderate", "text": {"en": "[Reasoning/Syllogism] Sample exam-style question #931: Choose the correct option."}, "options": {"en": ["Option A931", "Option B931", "Option C931", "Option D931"]}, "answerIndex": 3}, {"id": "RE_0936", "section": "Reasoning", "topic": "Syllogism", "difficulty": "moderate", "text": {"en": "[Reasoning/Syllogism] Sample exam-style question #936: Choose the correct option."}, "options": {"en": ["Option A936", "Option B936", "Option C936", "Option D936"]}, "answerIndex": 0}, {"id": "MA_0924", "section": "Mathematics", "topic": "Time&Work", "difficulty": "moderate", "text": {"en": "[Mathematics/Time&Work] Sample exam-style question #924: Choose the correct option."}, "options": {"en": ["Option A924", "Option B924", "Option C924", "Option D924"]}, "answerIndex": 0}, {"id": "GE_0979", "section": "General Awareness", "topic": "Current Affairs", "difficulty": "moderate", "text": {"en": "[General Awareness/Current Affairs] Sample exam-style question #979: Choose the correct option."}, "options": {"en": ["Option A979", "Option B979", "Option C979", "Option D979"]}, "answerIndex": 3}, {"id": "RE_0933", "section": "Reasoning", "topic": "Direction", "difficulty": "moderate", "text": {"en": "[Reasoning/Direction] Sample exam-style question #933: Choose the correct option."}, "options": {"en": ["Option A933", "Option B933", "Option C933", "Option D933"]}, "answerIndex": 1}, {"id": "MA_0929", "section": "Mathematics", "topic": "CI", "difficulty": "moderate", "text": {"en": "[Mathematics/CI] Sample exam-style question #929: Choose the correct option."}, "options": {"en": ["Option A929", "Option B929", "Option C929", "Option D929"]}, "answerIndex": 1}, {"id": "RE_0957", "section": "Reasoning", "topic": "Direction", "difficulty": "moderate", "text": {"en": "[Reasoning/Direction] Sample exam-style question #957: Choose the correct option."}, "options": {"en": ["Option A957", "Option B957", "Option C957", "Option D957"]}, "answerIndex": 1}, {"id": "GE_0996", "section": "General Awareness", "topic": "Current Affairs", "difficulty": "moderate", "text": {"en": "[General Awareness/Current Affairs] Sample exam-style question #996: Choose the correct option."}, "options": {"en": ["Option A996", "Option B996", "Option C996", "Option D996"]}, "answerIndex": 0}, {"id": "MA_0918", "section": "Mathematics", "topic": "SI", "difficulty": "moderate", "text": {"en": "[Mathematics/SI] Sample exam-style question #918: Choose the correct option."}, "options": {"en": ["Option A918", "Option B918", "Option C918", "Option D918"]}, "answerIndex": 2}, {"id": "GE_0964", "section": "General Awareness", "topic": "Current Affairs", "difficulty": "moderate", "text": {"en": "[General Awareness/Current Affairs] Sample exam-style question #964: Choose the correct option."}, "options": {"en": ["Option A964", "Option B964", "Option C964", "Option D964"]}, "answerIndex": 0}, {"id": "MA_0917", "section": "Mathematics", "topic": "Percentage", "difficulty": "moderate", "text": {"en": "[Mathematics/Percentage] Sample exam-style question #917: Choose the correct option."}, "options": {"en": ["Option A917", "Option B917", "Option C917", "Option D917"]}, "answerIndex": 1}, {"id": "GE_0987", "section": "General Awareness", "topic": "History", "difficulty": "moderate", "text": {"en": "[General Awareness/History] Sample exam-style question #987: Choose the correct option."}, "options": {"en": ["Option A987", "Option B987", "Option C987", "Option D987"]}, "answerIndex": 3}, {"id": "GE_0975", "section": "General Awareness", "topic": "Current Affairs", "difficulty": "moderate", "text": {"en": "[General Awareness/Current Affairs] Sample exam-style question #975: Choose the correct option."}, "options": {"en": ["Option A975", "Option B975", "Option C975", "Option D975"]}, "answerIndex": 3}, {"id": "GE_0963", "section": "General Awareness", "topic": "Economy", "difficulty": "moderate", "text": {"en": "[General Awareness/Economy] Sample exam-style question #963: Choose the correct option."}, "options": {"en": ["Option A963", "Option B963", "Option C963", "Option D963"]}, "answerIndex": 3}, {"id": "GE_0989", "section": "General Awareness", "topic": "Polity", "difficulty": "moderate", "text": {"en": "[General Awareness/Polity] Sample exam-style question #989: Choose the correct option."}, "options": {"en": ["Option A989", "Option B989", "Option C989", "Option D989"]}, "answerIndex": 1}, {"id": "RE_0947", "section": "Reasoning", "topic": "Coding", "difficulty": "moderate", "text": {"en": "[Reasoning/Coding] Sample exam-style question #947: Choose the correct option."}, "options": {"en": ["Option A947", "Option B947", "Option C947", "Option D947"]}, "answerIndex": 3}, {"id": "MA_0901", "section": "Mathematics", "topic": "SI", "difficulty": "moderate", "text": {"en": "[Mathematics/SI] Sample exam-style question #901: Choose the correct option."}, "options": {"en": ["Option A901", "Option B901", "Option C901", "Option D901"]}, "answerIndex": 1}, {"id": "RE_0940", "section": "Reasoning", "topic": "Analogy", "difficulty": "moderate", "text": {"en": "[Reasoning/Analogy] Sample exam-style question #940: Choose the correct option."}, "options": {"en": ["Option A940", "Option B940", "Option C940", "Option D940"]}, "answerIndex": 0}, {"id": "RE_0942", "section": "Reasoning", "topic": "Puzzle", "difficulty": "moderate", "text": {"en": "[Reasoning/Puzzle] Sample exam-style question #942: Choose the correct option."}, "options": {"en": ["Option A942", "Option B942", "Option C942", "Option D942"]}, "answerIndex": 2}, {"id": "MA_0908", "section": "Mathematics", "topic": "CI", "difficulty": "moderate", "text": {"en": "[Mathematics/CI] Sample exam-style question #908: Choose the correct option."}, "options": {"en": ["Option A908", "Option B908", "Option C908", "Option D908"]}, "answerIndex": 0}, {"id": "GE_0980", "section": "General Awareness", "topic": "Economy", "difficulty": "moderate", "text": {"en": "[General Awareness/Economy] Sample exam-style question #980: Choose the correct option."}, "options": {"en": ["Option A980", "Option B980", "Option C980", "Option D980"]}, "answerIndex": 0}, {"id": "MA_0903", "section": "Mathematics", "topic": "DI", "difficulty": "moderate", "text": {"en": "[Mathematics/DI] Sample exam-style question #903: Choose the correct option."}, "options": {"en": ["Option A903", "Option B903", "Option C903", "Option D903"]}, "answerIndex": 3}, {"id": "GE_0998", "section": "General Awareness", "topic": "Geography", "difficulty": "moderate", "text": {"en": "[General Awareness/Geography] Sample exam-style question #998: Choose the correct option."}, "options": {"en": ["Option A998", "Option B998", "Option C998", "Option D998"]}, "answerIndex": 2}, {"id": "MA_0912", "section": "Mathematics", "topic": "SI", "difficulty": "moderate", "text": {"en": "[Mathematics/SI] Sample exam-style question #912: Choose the correct option."}, "options": {"en": ["Option A912", "Option B912", "Option C912", "Option D912"]}, "answerIndex": 0}, {"id": "RE_0958", "section": "Reasoning", "topic": "Direction", "difficulty": "moderate", "text": {"en": "[Reasoning/Direction] Sample exam-style question #958: Choose the correct option."}, "options": {"en": ["Option A958", "Option B958", "Option C958", "Option D958"]}, "answerIndex": 2}, {"id": "GE_0990", "section": "General Awareness", "topic": "Current Affairs", "difficulty": "moderate", "text": {"en": "[General Awareness/Current Affairs] Sample exam-style question #990: Choose the correct option."}, "options": {"en": ["Option A990", "Option B990", "Option C990", "Option D990"]}, "answerIndex": 2}, {"id": "MA_0930", "section": "Mathematics", "topic": "DI", "difficulty": "moderate", "text": {"en": "[Mathematics/DI] Sample exam-style question #930: Choose the correct option."}, "options": {"en": ["Option A930", "Option B930", "Option C930", "Option D930"]}, "answerIndex": 2}, {"id": "GE_0977", "section": "General Awareness", "topic": "Geography", "difficulty": "moderate", "text": {"en": "[General Awareness/Geography] Sample exam-style question #977: Choose the correct option."}, "options": {"en": ["Option A977", "Option B977", "Option C977", "Option D977"]}, "answerIndex": 1}, {"id": "GE_0993", "section": "General Awareness", "topic": "History", "difficulty": "moderate", "text": {"en": "[General Awareness/History] Sample exam-style question #993: Choose the correct option."}, "options": {"en": ["Option A993", "Option B993", "Option C993", "Option D993"]}, "answerIndex": 1}, {"id": "MA_0906", "section": "Mathematics", "topic": "CI", "difficulty": "moderate", "text": {"en": "[Mathematics/CI] Sample exam-style question #906: Choose the correct option."}, "options": {"en": ["Option A906", "Option B906", "Option C906", "Option D906"]}, "answerIndex": 2}, {"id": "MA_0921", "section": "Mathematics", "topic": "DI", "difficulty": "moderate", "text": {"en": "[Mathematics/DI] Sample exam-style question #921: Choose the correct option."}, "options": {"en": ["Option A921", "Option B921", "Option C921", "Option D921"]}, "answerIndex": 1}, {"id": "MA_0909", "section": "Mathematics", "topic": "DI", "difficulty": "moderate", "text": {"en": "[Mathematics/DI] Sample exam-style question #909: Choose the correct option."}, "options": {"en": ["Option A909", "Option B909", "Option C909", "Option D909"]}, "answerIndex": 1}, {"id": "GE_0992", "section": "General Awareness", "topic": "Current Affairs", "difficulty": "moderate", "text": {"en": "[General Awareness/Current Affairs] Sample exam-style question #992: Choose the correct option."}, "options": {"en": ["Option A992", "Option B992", "Option C992", "Option D992"]}, "answerIndex": 0}, {"id": "GE_0988", "section": "General Awareness", "topic": "Geography", "difficulty": "moderate", "text": {"en": "[General Awareness/Geography] Sample exam-style question #988: Choose the correct option."}, "options": {"en": ["Option A988", "Option B988", "Option C988", "Option D988"]}, "answerIndex": 0}, {"id": "RE_0934", "section": "Reasoning", "topic": "Coding", "difficulty": "moderate", "text": {"en": "[Reasoning/Coding] Sample exam-style question #934: Choose the correct option."}, "options": {"en": ["Option A934", "Option B934", "Option C934", "Option D934"]}, "answerIndex": 2}, {"id": "MA_0916", "section": "Mathematics", "topic": "DI", "difficulty": "moderate", "text": {"en": "[Mathematics/DI] Sample exam-style question #916: Choose the correct option."}, "options": {"en": ["Option A916", "Option B916", "Option C916", "Option D916"]}, "answerIndex": 0}, {"id": "MA_0920", "section": "Mathematics", "topic": "Ratio", "difficulty": "moderate", "text": {"en": "[Mathematics/Ratio] Sample exam-style question #920: Choose the correct option."}, "options": {"en": ["Option A920", "Option B920", "Option C920", "Option D920"]}, "answerIndex": 0}, {"id": "RE_0950", "section": "Reasoning", "topic": "Direction", "difficulty": "moderate", "text": {"en": "[Reasoning/Direction] Sample exam-style question #950: Choose the correct option."}, "options": {"en": ["Option A950", "Option B950", "Option C950", "Option D950"]}, "answerIndex": 2}, {"id": "GE_0984", "section": "General Awareness", "topic": "History", "difficulty": "moderate", "text": {"en": "[General Awareness/History] Sample exam-style question #984: Choose the correct option."}, "options": {"en": ["Option A984", "Option B984", "Option C984", "Option D984"]}, "answerIndex": 0}, {"id": "RE_0944", "section": "Reasoning", "topic": "Puzzle", "difficulty": "moderate", "text": {"en": "[Reasoning/Puzzle] Sample exam-style question #944: Choose the correct option."}, "options": {"en": ["Option A944", "Option B944", "Option C944", "Option D944"]}, "answerIndex": 0}, {"id": "RE_0954", "section": "Reasoning", "topic": "Direction", "difficulty": "moderate", "text": {"en": "[Reasoning/Direction] Sample exam-style question #954: Choose the correct option."}, "options": {"en": ["Option A954", "Option B954", "Option C954", "Option D954"]}, "answerIndex": 2}, {"id": "MA_0915", "section": "Mathematics", "topic": "Ratio", "difficulty": "moderate", "text": {"en": "[Mathematics/Ratio] Sample exam-style question #915: Choose the correct option."}, "options": {"en": ["Option A915", "Option B915", "Option C915", "Option D915"]}, "answerIndex": 3}, {"id": "MA_0913", "section": "Mathematics", "topic": "SI", "difficulty": "moderate", "text": {"en": "[Mathematics/SI] Sample exam-style question #913: Choose the correct option."}, "options": {"en": ["Option A913", "Option B913", "Option C913", "Option D913"]}, "answerIndex": 1}, {"id": "GE_0973", "section": "General Awareness", "topic": "Geography", "difficulty": "moderate", "text": {"en": "[General Awareness/Geography] Sample exam-style question #973: Choose the correct option."}, "options": {"en": ["Option A973", "Option B973", "Option C973", "Option D973"]}, "answerIndex": 1}, {"id": "RE_0952", "section": "Reasoning", "topic": "Coding", "difficulty": "moderate", "text": {"en": "[Reasoning/Coding] Sample exam-style question #952: Choose the correct option."}, "options": {"en": ["Option A952", "Option B952", "Option C952", "Option D952"]}, "answerIndex": 0}, {"id": "RE_0938", "section": "Reasoning", "topic": "Syllogism", "difficulty": "moderate", "text": {"en": "[Reasoning/Syllogism] Sample exam-style question #938: Choose the correct option."}, "options": {"en": ["Option A938", "Option B938", "Option C938", "Option D938"]}, "answerIndex": 2}, {"id": "GE_0970", "section": "General Awareness", "topic": "Economy", "difficulty": "moderate", "text": {"en": "[General Awareness/Economy] Sample exam-style question #970: Choose the correct option."}, "options": {"en": ["Option A970", "Option B970", "Option C970", "Option D970"]}, "answerIndex": 2}, {"id": "RE_0960", "section": "Reasoning", "topic": "Series", "difficulty": "moderate", "text": {"en": "[Reasoning/Series] Sample exam-style question #960: Choose the correct option."}, "options": {"en": ["Option A960", "Option B960", "Option C960", "Option D960"]}, "answerIndex": 0}, {"id": "RE_0939", "section": "Reasoning", "topic": "Puzzle", "difficulty": "moderate", "text": {"en": "[Reasoning/Puzzle] Sample exam-style question #939: Choose the correct option."}, "options": {"en": ["Option A939", "Option B939", "Option C939", "Option D939"]}, "answerIndex": 3}, {"id": "GE_0972", "section": "General Awareness", "topic": "Science", "difficulty": "moderate", "text": {"en": "[General Awareness/Science] Sample exam-style question #972: Choose the correct option."}, "options": {"en": ["Option A972", "Option B972", "Option C972", "Option D972"]}, "answerIndex": 0}, {"id": "GE_1000", "section": "General Awareness", "topic": "Science", "difficulty": "moderate", "text": {"en": "[General Awareness/Science] Sample exam-style question #1000: Choose the correct option."}, "options": {"en": ["Option A1000", "Option B1000", "Option C1000", "Option D1000"]}, "answerIndex": 0}, {"id": "MA_0905", "section": "Mathematics", "topic": "DI", "difficulty": "moderate", "text": {"en": "[Mathematics/DI] Sample exam-style question #905: Choose the correct option."}, "options": {"en": ["Option A905", "Option B905", "Option C905", "Option D905"]}, "answerIndex": 1}, {"id": "RE_0959", "section": "Reasoning", "topic": "Series", "difficulty": "moderate", "text": {"en": "[Reasoning/Series] Sample exam-style question #959: Choose the correct option."}, "options": {"en": ["Option A959", "Option B959", "Option C959", "Option D959"]}, "answerIndex": 3}, {"id": "GE_0961", "section": "General Awareness", "topic": "Geography", "difficulty": "moderate", "text": {"en": "[General Awareness/Geography] Sample exam-style question #961: Choose the correct option."}, "options": {"en": ["Option A961", "Option B961", "Option C961", "Option D961"]}, "answerIndex": 1}, {"id": "RE_0941", "section": "Reasoning", "topic": "Syllogism", "difficulty": "moderate", "text": {"en": "[Reasoning/Syllogism] Sample exam-style question #941: Choose the correct option."}, "options": {"en": ["Option A941", "Option B941", "Option C941", "Option D941"]}, "answerIndex": 1}, {"id": "RE_0955", "section": "Reasoning", "topic": "Analogy", "difficulty": "moderate", "text": {"en": "[Reasoning/Analogy] Sample exam-style question #955: Choose the correct option."}, "options": {"en": ["Option A955", "Option B955", "Option C955", "Option D955"]}, "answerIndex": 3}, {"id": "GE_0982", "section": "General Awareness", "topic": "Geography", "difficulty": "moderate", "text": {"en": "[General Awareness/Geography] Sample exam-style question #982: Choose the correct option."}, "options": {"en": ["Option A982", "Option B982", "Option C982", "Option D982"]}, "answerIndex": 2}, {"id": "RE_0949", "section": "Reasoning", "topic": "Direction", "difficulty": "moderate", "text": {"en": "[Reasoning/Direction] Sample exam-style question #949: Choose the correct option."}, "options": {"en": ["Option A949", "Option B949", "Option C949", "Option D949"]}, "answerIndex": 1}, {"id": "RE_0945", "section": "Reasoning", "topic": "Coding", "difficulty": "moderate", "text": {"en": "[Reasoning/Coding] Sample exam-style question #945: Choose the correct option."}, "options": {"en": ["Option A945", "Option B945", "Option C945", "Option D945"]}, "answerIndex": 1}, {"id": "MA_0907", "section": "Mathematics", "topic": "CI", "difficulty": "moderate", "text": {"en": "[Mathematics/CI] Sample exam-style question #907: Choose the correct option."}, "options": {"en": ["Option A907", "Option B907", "Option C907", "Option D907"]}, "answerIndex": 3}, {"id": "MA_0928", "section": "Mathematics", "topic": "Percentage", "difficulty": "moderate", "text": {"en": "[Mathematics/Percentage] Sample exam-style question #928: Choose the correct option."}, "options": {"en": ["Option A928", "Option B928", "Option C928", "Option D928"]}, "answerIndex": 0}, {"id": "MA_0925", "section": "Mathematics", "topic": "Speed", "difficulty": "moderate", "text": {"en": "[Mathematics/Speed] Sample exam-style question #925: Choose the correct option."}, "options": {"en": ["Option A925", "Option B925", "Option C925", "Option D925"]}, "answerIndex": 1}, {"id": "MA_0904", "section": "Mathematics", "topic": "Time&Work", "difficulty": "moderate", "text": {"en": "[Mathematics/Time&Work] Sample exam-style question #904: Choose the correct option."}, "options": {"en": ["Option A904", "Option B904", "Option C904", "Option D904"]}, "answerIndex": 0}, {"id": "MA_0923", "section": "Mathematics", "topic": "Time&Work", "difficulty": "moderate", "text": {"en": "[Mathematics/Time&Work] Sample exam-style question #923: Choose the correct option."}, "options": {"en": ["Option A923", "Option B923", "Option C923", "Option D923"]}, "answerIndex": 3}, {"id": "GE_0985", "section": "General Awareness", "topic": "Polity", "difficulty": "moderate", "text": {"en": "[General Awareness/Polity] Sample exam-style question #985: Choose the correct option."}, "options": {"en": ["Option A985", "Option B985", "Option C985", "Option D985"]}, "answerIndex": 1}, {"id": "GE_0997", "section": "General Awareness", "topic": "Economy", "difficulty": "moderate", "text": {"en": "[General Awareness/Economy] Sample exam-style question #997: Choose the correct option."}, "options": {"en": ["Option A997", "Option B997", "Option C997", "Option D997"]}, "answerIndex": 1}, {"id": "GE_0981", "section": "General Awareness", "topic": "Geography", "difficulty": "moderate", "text": {"en": "[General Awareness/Geography] Sample exam-style question #981: Choose the correct option."}, "options": {"en": ["Option A981", "Option B981", "Option C981", "Option D981"]}, "answerIndex": 1}, {"id": "RE_0937", "section": "Reasoning", "topic": "Syllogism", "difficulty": "moderate", "text": {"en": "[Reasoning/Syllogism] Sample exam-style question #937: Choose the correct option."}, "options": {"en": ["Option A937", "Option B937", "Option C937", "Option D937"]}, "answerIndex": 1}, {"id": "GE_0971", "section": "General Awareness", "topic": "Science", "difficulty": "moderate", "text": {"en": "[General Awareness/Science] Sample exam-style question #971: Choose the correct option."}, "options": {"en": ["Option A971", "Option B971", "Option C971", "Option D971"]}, "answerIndex": 3}, {"id": "GE_0976", "section": "General Awareness", "topic": "Science", "difficulty": "moderate", "text": {"en": "[General Awareness/Science] Sample exam-style question #976: Choose the correct option."}, "options": {"en": ["Option A976", "Option B976", "Option C976", "Option D976"]}, "answerIndex": 0}, {"id": "GE_0968", "section": "General Awareness", "topic": "Science", "difficulty": "moderate", "text": {"en": "[General Awareness/Science] Sample exam-style question #968: Choose the correct option."}, "options": {"en": ["Option A968", "Option B968", "Option C968", "Option D968"]}, "answerIndex": 0}, {"id": "MA_0902", "section": "Mathematics", "topic": "Time&Work", "difficulty": "moderate", "text": {"en": "[Mathematics/Time&Work] Sample exam-style question #902: Choose the correct option."}, "options": {"en": ["Option A902", "Option B902", "Option C902", "Option D902"]}, "answerIndex": 2}, {"id": "MA_0910", "section": "Mathematics", "topic": "Speed", "difficulty": "moderate", "text": {"en": "[Mathematics/Speed] Sample exam-style question #910: Choose the correct option."}, "options": {"en": ["Option A910", "Option B910", "Option C910", "Option D910"]}, "answerIndex": 2}, {"id": "GE_0967", "section": "General Awareness", "topic": "Current Affairs", "difficulty": "moderate", "text": {"en": "[General Awareness/Current Affairs] Sample exam-style question #967: Choose the correct option."}, "options": {"en": ["Option A967", "Option B967", "Option C967", "Option D967"]}, "answerIndex": 3}, {"id": "RE_0948", "section": "Reasoning", "topic": "Analogy", "difficulty": "moderate", "text": {"en": "[Reasoning/Analogy] Sample exam-style question #948: Choose the correct option."}, "options": {"en": ["Option A948", "Option B948", "Option C948", "Option D948"]}, "answerIndex": 0}, {"id": "GE_0999", "section": "General Awareness", "topic": "Current Affairs", "difficulty": "moderate", "text": {"en": "[General Awareness/Current Affairs] Sample exam-style question #999: Choose the correct option."}, "options": {"en": ["Option A999", "Option B999", "Option C999", "Option D999"]}, "answerIndex": 3}, {"id": "GE_0962", "section": "General Awareness", "topic": "History", "difficulty": "moderate", "text": {"en": "[General Awareness/History] Sample exam-style question #962: Choose the correct option."}, "options": {"en": ["Option A962", "Option B962", "Option C962", "Option D962"]}, "answerIndex": 2}, {"id": "RE_0951", "section": "Reasoning", "topic": "Puzzle", "difficulty": "moderate", "text": {"en": "[Reasoning/Puzzle] Sample exam-style question #951: Choose the correct option."}, "options": {"en": ["Option A951", "Option B951", "Option C951", "Option D951"]}, "answerIndex": 3}, {"id": "GE_0991", "section": "General Awareness", "topic": "Science", "difficulty": "moderate", "text": {"en": "[General Awareness/Science] Sample exam-style question #991: Choose the correct option."}, "options": {"en": ["Option A991", "Option B991", "Option C991", "Option D991"]}, "answerIndex": 3}, {"id": "GE_0974", "section": "General Awareness", "topic": "Economy", "difficulty": "moderate", "text": {"en": "[General Awareness/Economy] Sample exam-style question #974: Choose the correct option."}, "options": {"en": ["Option A974", "Option B974", "Option C974", "Option D974"]}, "answerIndex": 2}, {"id": "RE_0935", "section": "Reasoning", "topic": "Syllogism", "difficulty": "moderate", "text": {"en": "[Reasoning/Syllogism] Sample exam-style question #935: Choose the correct option."}, "options": {"en": ["Option A935", "Option B935", "Option C935", "Option D935"]}, "answerIndex": 3}, {"id": "RE_0946", "section": "Reasoning", "topic": "Series", "difficulty": "moderate", "text": {"en": "[Reasoning/Series] Sample exam-style question #946: Choose the correct option."}, "options": {"en": ["Option A946", "Option B946", "Option C946", "Option D946"]}, "answerIndex": 2}, {"id": "GE_0965", "section": "General Awareness", "topic": "History", "difficulty": "moderate", "text": {"en": "[General Awareness/History] Sample exam-style question #965: Choose the correct option."}, "options": {"en": ["Option A965", "Option B965", "Option C965", "Option D965"]}, "answerIndex": 1}, {"id": "GE_0983", "section": "General Awareness", "topic": "Geography", "difficulty": "moderate", "text": {"en": "[General Awareness/Geography] Sample exam-style question #983: Choose the correct option."}, "options": {"en": ["Option A983", "Option B983", "Option C983", "Option D983"]}, "answerIndex": 3}, {"id": "GE_0966", "section": "General Awareness", "topic": "Geography", "difficulty": "moderate", "text": {"en": "[General Awareness/Geography] Sample exam-style question #966: Choose the correct option."}, "options": {"en": ["Option A966", "Option B966", "Option C966", "Option D966"]}, "answerIndex": 2}, {"id": "MA_0914", "section": "Mathematics", "topic": "DI", "difficulty": "moderate", "text": {"en": "[Mathematics/DI] Sample exam-style question #914: Choose the correct option."}, "options": {"en": ["Option A914", "Option B914", "Option C914", "Option D914"]}, "answerIndex": 2}, {"id": "MA_0927", "section": "Mathematics", "topic": "SI", "difficulty": "moderate", "text": {"en": "[Mathematics/SI] Sample exam-style question #927: Choose the correct option."}, "options": {"en": ["Option A927", "Option B927", "Option C927", "Option D927"]}, "answerIndex": 3}, {"id": "GE_0994", "section": "General Awareness", "topic": "History", "difficulty": "moderate", "text": {"en": "[General Awareness/History] Sample exam-style question #994: Choose the correct option."}, "options": {"en": ["Option A994", "Option B994", "Option C994", "Option D994"]}, "answerIndex": 2}, {"id": "MA_0919", "section": "Mathematics", "topic": "CI", "difficulty": "moderate", "text": {"en": "[Mathematics/CI] Sample exam-style question #919: Choose the correct option."}, "options": {"en": ["Option A919", "Option B919", "Option C919", "Option D919"]}, "answerIndex": 3}, {"id": "MA_0922", "section": "Mathematics", "topic": "CI", "difficulty": "moderate", "text": {"en": "[Mathematics/CI] Sample exam-style question #922: Choose the correct option."}, "options": {"en": ["Option A922", "Option B922", "Option C922", "Option D922"]}, "answerIndex": 2}, {"id": "GE_0995", "section": "General Awareness", "topic": "History", "difficulty": "moderate", "text": {"en": "[General Awareness/History] Sample exam-style question #995: Choose the correct option."}, "options": {"en": ["Option A995", "Option B995", "Option C995", "Option D995"]}, "answerIndex": 3}, {"id": "RE_0956", "section": "Reasoning", "topic": "Analogy", "difficulty": "moderate", "text": {"en": "[Reasoning/Analogy] Sample exam-style question #956: Choose the correct option."}, "options": {"en": ["Option A956", "Option B956", "Option C956", "Option D956"]}, "answerIndex": 0}, {"id": "RE_0953", "section": "Reasoning", "topic": "Analogy", "difficulty": "moderate", "text": {"en": "[Reasoning/Analogy] Sample exam-style question #953: Choose the correct option."}, "options": {"en": ["Option A953", "Option B953", "Option C953", "Option D953"]}, "answerIndex": 1}, {"id": "MA_0911", "section": "Mathematics", "topic": "Time&Work", "difficulty": "moderate", "text": {"en": "[Mathematics/Time&Work] Sample exam-style question #911: Choose the correct option."}, "options": {"en": ["Option A911", "Option B911", "Option C911", "Option D911"]}, "answerIndex": 3}, {"id": "GE_0969", "section": "General Awareness", "topic": "Geography", "difficulty": "moderate", "text": {"en": "[General Awareness/Geography] Sample exam-style question #969: Choose the correct option."}, "options": {"en": ["Option A969", "Option B969", "Option C969", "Option D969"]}, "answerIndex": 1}, {"id": "RE_0932", "section": "Reasoning", "topic": "Coding", "difficulty": "moderate", "text": {"en": "[Reasoning/Coding] Sample exam-style question #932: Choose the correct option."}, "options": {"en": ["Option A932", "Option B932", "Option C932", "Option D932"]}, "answerIndex": 0}, {"id": "GE_0978", "section": "General Awareness", "topic": "Geography", "difficulty": "moderate", "text": {"en": "[General Awareness/Geography] Sample exam-style question #978: Choose the correct option."}, "options": {"en": ["Option A978", "Option B978", "Option C978", "Option D978"]}, "answerIndex": 2}, {"id": "GE_0986", "section": "General Awareness", "topic": "Current Affairs", "difficulty": "moderate", "text": {"en": "[General Awareness/Current Affairs] Sample exam-style question #986: Choose the correct option."}, "options": {"en": ["Option A986", "Option B986", "Option C986", "Option D986"]}, "answerIndex": 2}]}