{"testId": "035", "questions": [{"id": "RE_3447", "section": "Reasoning", "topic": "Puzzle", "difficulty": "moderate", "text": {"en": "[Reasoning/Puzzle] Sample exam-style question #3447: Choose the correct option."}, "options": {"en": ["Option A3447", "Option B3447", "Option C3447", "Option D3447"]}, "answerIndex": 3}, {"id": "RE_3455", "section": "Reasoning", "topic": "Analogy", "difficulty": "moderate", "text": {"en": "[Reasoning/Analogy] Sample exam-style question #3455: Choose the correct option."}, "options": {"en": ["Option A3455", "Option B3455", "Option C3455", "Option D3455"]}, "answerIndex": 3}, {"id": "MA_3416", "section": "Mathematics", "topic": "Percentage", "difficulty": "moderate", "text": {"en": "[Mathematics/Percentage] Sample exam-style question #3416: Choose the correct option."}, "options": {"en": ["Option A3416", "Option B3416", "Option C3416", "Option D3416"]}, "answerIndex": 0}, {"id": "RE_3440", "section": "Reasoning", "topic": "Analogy", "difficulty": "moderate", "text": {"en": "[Reasoning/Analogy] Sample exam-style question #3440: Choose the correct option."}, "options": {"en": ["Option A3440", "Option B3440", "Option C3440", "Option D3440"]}, "answerIndex": 0}, {"id": "GE_3475", "section": "General Awareness", "topic": "Economy", "difficulty": "moderate", "text": {"en": "[General Awareness/Economy] Sample exam-style question #3475: Choose the correct option."}, "options": {"en": ["Option A3475", "Option B3475", "Option C3475", "Option D3475"]}, "answerIndex": 3}, {"id": "GE_3471", "section": "General Awareness", "topic": "Geography", "difficulty": "moderate", "text": {"en": "[General Awareness/Geography] Sample exam-style question #3471: Choose the correct option."}, "options": {"en": ["Option A3471", "Option B3471", "Option C3471", "Option D3471"]}, "answerIndex": 3}, {"id": "GE_3478", "section": "General Awareness", "topic": "Geography", "difficulty": "moderate", "text": {"en": "[General Awareness/Geography] Sample exam-style question #3478: Choose the correct option."}, "options": {"en": ["Option A3478", "Option B3478", "Option C3478", "Option D3478"]}, "answerIndex": 2}, {"id": "RE_3432", "section": "Reasoning", "topic": "Analogy", "difficulty": "moderate", "text": {"en": "[Reasoning/Analogy] Sample exam-style question #3432: Choose the correct option."}, "options": {"en": ["Option A3432", "Option B3432", "Option C3432", "Option D3432"]}, "answerIndex": 0}, {"id": "GE_3479", "section": "General Awareness", "topic": "Science", "difficulty": "moderate", "text": {"en": "[General Awareness/Science] Sample exam-style question #3479: Choose the correct option."}, "options": {"en": ["Option A3479", "Option B3479", "Option C3479", "Option D3479"]}, "answerIndex": 3}, {"id": "GE_3474", "section": "General Awareness", "topic": "Geography", "difficulty": "moderate", "text": {"en": "[General Awareness/Geography] Sample exam-style question #3474: Choose the correct option."}, "options": {"en": ["Option A3474", "Option B3474", "Option C3474", "Option D3474"]}, "answerIndex": 2}, {"id": "RE_3458", "section": "Reasoning", "topic": "Puzzle", "difficulty": "moderate", "text": {"en": "[Reasoning/Puzzle] Sample exam-style question #3458: Choose the correct option."}, "options": {"en": ["Option A3458", "Option B3458", "Option C3458", "Option D3458"]}, "answerIndex": 2}, {"id": "GE_3496", "section": "General Awareness", "topic": "Economy", "difficulty": "moderate", "text": {"en": "[General Awareness/Economy] Sample exam-style question #3496: Choose the correct option."}, "options": {"en": ["Option A3496", "Option B3496", "Option C3496", "Option D3496"]}, "answerIndex": 0}, {"id": "RE_3441", "section": "Reasoning", "topic": "Direction", "difficulty": "moderate", "text": {"en": "[Reasoning/Direction] Sample exam-style question #3441: Choose the correct option."}, "options": {"en": ["Option A3441", "Option B3441", "Option C3441", "Option D3441"]}, "answerIndex": 1}, {"id": "MA_3419", "section": "Mathematics", "topic": "Ratio", "difficulty": "moderate", "text": {"en": "[Mathematics/Ratio] Sample exam-style question #3419: Choose the correct option."}, "options": {"en": ["Option A3419", "Option B3419", "Option C3419", "Option D3419"]}, "answerIndex": 3}, {"id": "GE_3488", "section": "General Awareness", "topic": "Science", "difficulty": "moderate", "text": {"en": "[General Awareness/Science] Sample exam-style question #3488: Choose the correct option."}, "options": {"en": ["Option A3488", "Option B3488", "Option C3488", "Option D3488"]}, "answerIndex": 0}, {"id": "RE_3445", "section": "Reasoning", "topic": "Puzzle", "difficulty": "moderate", "text": {"en": "[Reasoning/Puzzle] Sample exam-style question #3445: Choose the correct option."}, "options": {"en": ["Option A3445", "Option B3445", "Option C3445", "Option D3445"]}, "answerIndex": 1}, {"id": "GE_3465", "section": "General Awareness", "topic": "Polity", "difficulty": "moderate", "text": {"en": "[General Awareness/Polity] Sample exam-style question #3465: Choose the correct option."}, "options": {"en": ["Option A3465", "Option B3465", "Option C3465", "Option D3465"]}, "answerIndex": 1}, {"id": "RE_3443", "section": "Reasoning", "topic": "Syllogism", "difficulty": "moderate", "text": {"en": "[Reasoning/Syllogism] Sample exam-style question #3443: Choose the correct option."}, "options": {"en": ["Option A3443", "Option B3443", "Option C3443", "Option D3443"]}, "answerIndex": 3}, {"id": "MA_3414", "section": "Mathematics", "topic": "Time&Work", "difficulty": "moderate", "text": {"en": "[Mathematics/Time&Work] Sample exam-style question #3414: Choose the correct option."}, "options": {"en": ["Option A3414", "Option B3414", "Option C3414", "Option D3414"]}, "answerIndex": 2}, {"id": "GE_3487", "section": "General Awareness", "topic": "Polity", "difficulty": "moderate", "text": {"en": "[General Awareness/Polity] Sample exam-style question #3487: Choose the correct option."}, "options": {"en": ["Option A3487", "Option B3487", "Option C3487", "Option D3487"]}, "answerIndex": 3}, {"id": "MA_3428", "section": "Mathematics", "topic": "Speed", "difficulty": "moderate", "text": {"en": "[Mathematics/Speed] Sample exam-style question #3428: Choose the correct option."}, "options": {"en": ["Option A3428", "Option B3428", "Option C3428", "Option D3428"]}, "answerIndex": 0}, {"id": "GE_3463", "section": "General Awareness", "topic": "Economy", "difficulty": "moderate", "text": {"en": "[General Awareness/Economy] Sample exam-style question #3463: Choose the correct option."}, "options": {"en": ["Option A3463", "Option B3463", "Option C3463", "Option D3463"]}, "answerIndex": 3}, {"id": "MA_3424", "section": "Mathematics", "topic": "CI", "difficulty": "moderate", "text": {"en": "[Mathematics/CI] Sample exam-style question #3424: Choose the correct option."}, "options": {"en": ["Option A3424", "Option B3424", "Option C3424", "Option D3424"]}, "answerIndex": 0}, {"id": "RE_3436", "section": "Reasoning", "topic": "Series", "difficulty": "moderate", "text": {"en": "[Reasoning/Series] Sample exam-style question #3436: Choose the correct option."}, "options": {"en": ["Option A3436", "Option B3436", "Option C3436", "Option D3436"]}, "answerIndex": 0}, {"id": "GE_3462", "section": "General Awareness", "topic": "Polity", "difficulty": "moderate", "text": {"en": "[General Awareness/Polity] Sample exam-style question #3462: Choose the correct option."}, "options": {"en": ["Option A3462", "Option B3462", "Option C3462", "Option D3462"]}, "answerIndex": 2}, {"id": "MA_3405", "section": "Mathematics", "topic": "Speed", "difficulty": "moderate", "text": {"en": "[Mathematics/Speed] Sample exam-style question #3405: Choose the correct option."}, "options": {"en": ["Option A3405", "Option B3405", "Option C3405", "Option D3405"]}, "answerIndex": 1}, {"id": "GE_3473", "section": "General Awareness", "topic": "Current Affairs", "difficulty": "moderate", "text": {"en": "[General Awareness/Current Affairs] Sample exam-style question #3473: Choose the correct option."}, "options": {"en": ["Option A3473", "Option B3473", "Option C3473", "Option D3473"]}, "answerIndex": 1}, {"id": "RE_3454", "section": "Reasoning", "topic": "Coding", "difficulty": "moderate", "text": {"en": "[Reasoning/Coding] Sample exam-style question #3454: Choose the correct option."}, "options": {"en": ["Option A3454", "Option B3454", "Option C3454", "Option D3454"]}, "answerIndex": 2}, {"id": "RE_3442", "section": "Reasoning", "topic": "Series", "difficulty": "moderate", "text": {"en": "[Reasoning/Series] Sample exam-style question #3442: Choose the correct option."}, "options": {"en": ["Option A3442", "Option B3442", "Option C3442", "Option D3442"]}, "answerIndex": 2}, {"id": "GE_3494", "section": "General Awareness", "topic": "Geography", "difficulty": "moderate", "text": {"en": "[General Awareness/Geography] Sample exam-style question #3494: Choose the correct option."}, "options": {"en": ["Option A3494", "Option B3494", "Option C3494", "Option D3494"]}, "answerIndex": 2}, {"id": "MA_3403", "section": "Mathematics", "topic": "Speed", "difficulty": "moderate", "text": {"en": "[Mathematics/Speed] Sample exam-style question #3403: Choose the correct option."}, "options": {"en": ["Option A3403", "Option B3403", "Option C3403", "Option D3403"]}, "answerIndex": 3}, {"id": "MA_3406", "section": "Mathematics", "topic": "Ratio", "difficulty": "moderate", "text": {"en": "[Mathematics/Ratio] Sample exam-style question #3406: Choose the correct option."}, "options": {"en": ["Option A3406", "Option B3406", "Option C3406", "Option D3406"]}, "answerIndex": 2}, {"id": "MA_3402", "section": "Mathematics", "topic": "Percentage", "difficulty": "moderate", "text": {"en": "[Mathematics/Percentage] Sample exam-style question #3402: Choose the correct option."}, "options": {"en": ["Option A3402", "Option B3402", "Option C3402", "Option D3402"]}, "answerIndex": 2}, {"id": "MA_3413", "section": "Mathematics", "topic": "SI", "difficulty": "moderate", "text": {"en": "[Mathematics/SI] Sample exam-style question #3413: Choose the correct option."}, "options": {"en": ["Option A3413", "Option B3413", "Option C3413", "Option D3413"]}, "answerIndex": 1}, {"id": "RE_3453", "section": "Reasoning", "topic": "Analogy", "difficulty": "moderate", "text": {"en": "[Reasoning/Analogy] Sample exam-style question #3453: Choose the correct option."}, "options": {"en": ["Option A3453", "Option B3453", "Option C3453", "Option D3453"]}, "answerIndex": 1}, {"id": "RE_3438", "section": "Reasoning", "topic": "Puzzle", "difficulty": "moderate", "text": {"en": "[Reasoning/Puzzle] Sample exam-style question #3438: Choose the correct option."}, "options": {"en": ["Option A3438", "Option B3438", "Option C3438", "Option D3438"]}, "answerIndex": 2}, {"id": "GE_3500", "section": "General Awareness", "topic": "Current Affairs", "difficulty": "moderate", "text": {"en": "[General Awareness/Current Affairs] Sample exam-style question #3500: Choose the correct option."}, "options": {"en": ["Option A3500", "Option B3500", "Option C3500", "Option D3500"]}, "answerIndex": 0}, {"id": "RE_3456", "section": "Reasoning", "topic": "Analogy", "difficulty": "moderate", "text": {"en": "[Reasoning/Analogy] Sample exam-style question #3456: Choose the correct option."}, "options": {"en": ["Option A3456", "Option B3456", "Option C3456", "Option D3456"]}, "answerIndex": 0}, {"id": "MA_3422", "section": "Mathematics", "topic": "Speed", "difficulty": "moderate", "text": {"en": "[Mathematics/Speed] Sample exam-style question #3422: Choose the correct option."}, "options": {"en": ["Option A3422", "Option B3422", "Option C3422", "Option D3422"]}, "answerIndex": 2}, {"id": "RE_3446", "section": "Reasoning", "topic": "Coding", "difficulty": "moderate", "text": {"en": "[Reasoning/Coding] Sample exam-style question #3446: Choose the correct option."}, "options": {"en": ["Option A3446", "Option B3446", "Option C3446", "Option D3446"]}, "answerIndex": 2}, {"id": "GE_3468", "section": "General Awareness", "topic": "Science", "difficulty": "moderate", "text": {"en": "[General Awareness/Science] Sample exam-style question #3468: Choose the correct option."}, "options": {"en": ["Option A3468", "Option B3468", "Option C3468", "Option D3468"]}, "answerIndex": 0}, {"id": "MA_3408", "section": "Mathematics", "topic": "CI", "difficulty": "moderate", "text": {"en": "[Mathematics/CI] Sample exam-style question #3408: Choose the correct option."}, "options": {"en": ["Option A3408", "Option B3408", "Option C3408", "Option D3408"]}, "answerIndex": 0}, {"id": "MA_3429", "section": "Mathematics", "topic": "SI", "difficulty": "moderate", "text": {"en": "[Mathematics/SI] Sample exam-style question #3429: Choose the correct option."}, "options": {"en": ["Option A3429", "Option B3429", "Option C3429", "Option D3429"]}, "answerIndex": 1}, {"id": "GE_3492", "section": "General Awareness", "topic": "Polity", "difficulty": "moderate", "text": {"en": "[General Awareness/Polity] Sample exam-style question #3492: Choose the correct option."}, "options": {"en": ["Option A3492", "Option B3492", "Option C3492", "Option D3492"]}, "answerIndex": 0}, {"id": "MA_3425", "section": "Mathematics", "topic": "SI", "difficulty": "moderate", "text": {"en": "[Mathematics/SI] Sample exam-style question #3425: Choose the correct option."}, "options": {"en": ["Option A3425", "Option B3425", "Option C3425", "Option D3425"]}, "answerIndex": 1}, {"id": "MA_3409", "section": "Mathematics", "topic": "DI", "difficulty": "moderate", "text": {"en": "[Mathematics/DI] Sample exam-style question #3409: Choose the correct option."}, "options": {"en": ["Option A3409", "Option B3409", "Option C3409", "Option D3409"]}, "answerIndex": 1}, {"id": "GE_3481", "section": "General Awareness", "topic": "Economy", "difficulty": "moderate", "text": {"en": "[General Awareness/Economy] Sample exam-style question #3481: Choose the correct option."}, "options": {"en": ["Option A3481", "Option B3481", "Option C3481", "Option D3481"]}, "answerIndex": 1}, {"id": "MA_3417", "section": "Mathematics", "topic": "Time&Work", "difficulty": "moderate", "text": {"en": "[Mathematics/Time&Work] Sample exam-style question #3417: Choose the correct option."}, "options": {"en": ["Option A3417", "Option B3417", "Option C3417", "Option D3417"]}, "answerIndex": 1}, {"id": "RE_3448", "section": "Reasoning", "topic": "Direction", "difficulty": "moderate", "text": {"en": "[Reasoning/Direction] Sample exam-style question #3448: Choose the correct option."}, "options": {"en": ["Option A3448", "Option B3448", "Option C3448", "Option D3448"]}, "answerIndex": 0}, {"id": "RE_3451", "section": "Reasoning", "topic": "Syllogism", "difficulty": "moderate", "text": {"en": "[Reasoning/Syllogism] Sample exam-style question #3451: Choose the correct option."}, "options": {"en": ["Option A3451", "Option B3451", "Option C3451", "Option D3451"]}, "answerIndex": 3}, {"id": "GE_3470", "section": "General Awareness", "topic": "Economy", "difficulty": "moderate", "text": {"en": "[General Awareness/Economy] Sample exam-style question #3470: Choose the correct option."}, "options": {"en": ["Option A3470", "Option B3470", "Option C3470", "Option D3470"]}, "answerIndex": 2}, {"id": "GE_3483", "section": "General Awareness", "topic": "Current Affairs", "difficulty": "moderate", "text": {"en": "[General Awareness/Current Affairs] Sample exam-style question #3483: Choose the correct option."}, "options": {"en": ["Option A3483", "Option B3483", "Option C3483", "Option D3483"]}, "answerIndex": 3}, {"id": "GE_3490", "section": "General Awareness", "topic": "History", "difficulty": "moderate", "text": {"en": "[General Awareness/History] Sample exam-style question #3490: Choose the correct option."}, "options": {"en": ["Option A3490", "Option B3490", "Option C3490", "Option D3490"]}, "answerIndex": 2}, {"id": "MA_3427", "section": "Mathematics", "topic": "Percentage", "difficulty": "moderate", "text": {"en": "[Mathematics/Percentage] Sample exam-style question #3427: Choose the correct option."}, "options": {"en": ["Option A3427", "Option B3427", "Option C3427", "Option D3427"]}, "answerIndex": 3}, {"id": "MA_3423", "section": "Mathematics", "topic": "Time&Work", "difficulty": "moderate", "text": {"en": "[Mathematics/Time&Work] Sample exam-style question #3423: Choose the correct option."}, "options": {"en": ["Option A3423", "Option B3423", "Option C3423", "Option D3423"]}, "answerIndex": 3}, {"id": "MA_3411", "section": "Mathematics", "topic": "Speed", "difficulty": "moderate", "text": {"en": "[Mathematics/Speed] Sample exam-style question #3411: Choose the correct option."}, "options": {"en": ["Option A3411", "Option B3411", "Option C3411", "Option D3411"]}, "answerIndex": 3}, {"id": "GE_3467", "section": "General Awareness", "topic": "Science", "difficulty": "moderate", "text": {"en": "[General Awareness/Science] Sample exam-style question #3467: Choose the correct option."}, "options": {"en": ["Option A3467", "Option B3467", "Option C3467", "Option D3467"]}, "answerIndex": 3}, {"id": "GE_3469", "section": "General Awareness", "topic": "Science", "difficulty": "moderate", "text": {"en": "[General Awareness/Science] Sample exam-style question #3469: Choose the correct option."}, "options": {"en": ["Option A3469", "Option B3469", "Option C3469", "Option D3469"]}, "answerIndex": 1}, {"id": "RE_3437", "section": "Reasoning", "topic": "Coding", "difficulty": "moderate", "text": {"en": "[Reasoning/Coding] Sample exam-style question #3437: Choose the correct option."}, "options": {"en": ["Option A3437", "Option B3437", "Option C3437", "Option D3437"]}, "answerIndex": 1}, {"id": "RE_3460", "section": "Reasoning", "topic": "Syllogism", "difficulty": "moderate", "text": {"en": "[Reasoning/Syllogism] Sample exam-style question #3460: Choose the correct option."}, "options": {"en": ["Option A3460", "Option B3460", "Option C3460", "Option D3460"]}, "answerIndex": 0}, {"id": "RE_3435", "section": "Reasoning", "topic": "Syllogism", "difficulty": "moderate", "text": {"en": "[Reasoning/Syllogism] Sample exam-style question #3435: Choose the correct option."}, "options": {"en": ["Option A3435", "Option B3435", "Option C3435", "Option D3435"]}, "answerIndex": 3}, {"id": "MA_3415", "section": "Mathematics", "topic": "DI", "difficulty": "moderate", "text": {"en": "[Mathematics/DI] Sample exam-style question #3415: Choose the correct option."}, "options": {"en": ["Option A3415", "Option B3415", "Option C3415", "Option D3415"]}, "answerIndex": 3}, {"id": "RE_3459", "section": "Reasoning", "topic": "Analogy", "difficulty": "moderate", "text": {"en": "[Reasoning/Analogy] Sample exam-style question #3459: Choose the correct option."}, "options": {"en": ["Option A3459", "Option B3459", "Option C3459", "Option D3459"]}, "answerIndex": 3}, {"id": "GE_3461", "section": "General Awareness", "topic": "Polity", "difficulty": "moderate", "text": {"en": "[General Awareness/Polity] Sample exam-style question #3461: Choose the correct option."}, "options": {"en": ["Option A3461", "Option B3461", "Option C3461", "Option D3461"]}, "answerIndex": 1}, {"id": "GE_3480", "section": "General Awareness", "topic": "Economy", "difficulty": "moderate", "text": {"en": "[General Awareness/Economy] Sample exam-style question #3480: Choose the correct option."}, "options": {"en": ["Option A3480", "Option B3480", "Option C3480", "Option D3480"]}, "answerIndex": 0}, {"id": "MA_3412", "section": "Mathematics", "topic": "DI", "difficulty": "moderate", "text": {"en": "[Mathematics/DI] Sample exam-style question #3412: Choose the correct option."}, "options": {"en": ["Option A3412", "Option B3412", "Option C3412", "Option D3412"]}, "answerIndex": 0}, {"id": "GE_3497", "section": "General Awareness", "topic": "Current Affairs", "difficulty": "moderate", "text": {"en": "[General Awareness/Current Affairs] Sample exam-style question #3497: Choose the correct option."}, "options": {"en": ["Option A3497", "Option B3497", "Option C3497", "Option D3497"]}, "answerIndex": 1}, {"id": "GE_3485", "section": "General Awareness", "topic": "Current Affairs", "difficulty": "moderate", "text": {"en": "[General Awareness/Current Affairs] Sample exam-style question #3485: Choose the correct option."}, "options": {"en": ["Option A3485", "Option B3485", "Option C3485", "Option D3485"]}, "answerIndex": 1}, {"id": "MA_3426", "section": "Mathematics", "topic": "Percentage", "difficulty": "moderate", "text": {"en": "[Mathematics/Percentage] Sample exam-style question #3426: Choose the correct option."}, "options": {"en": ["Option A3426", "Option B3426", "Option C3426", "Option D3426"]}, "answerIndex": 2}, {"id": "GE_3491", "section": "General Awareness", "topic": "Current Affairs", "difficulty": "moderate", "text": {"en": "[General Awareness/Current Affairs] Sample exam-style question #3491: Choose the correct option."}, "options": {"en": ["Option A3491", "Option B3491", "Option C3491", "Option D3491"]}, "answerIndex": 3}, {"id": "GE_3482", "section": "General Awareness", "topic": "History", "difficulty": "moderate", "text": {"en": "[General Awareness/History] Sample exam-style question #3482: Choose the correct option."}, "options": {"en": ["Option A3482", "Option B3482", "Option C3482", "Option D3482"]}, "answerIndex": 2}, {"id": "GE_3472", "section": "General Awareness", "topic": "Polity", "difficulty": "moderate", "text": {"en": "[General Awareness/Polity] Sample exam-style question #3472: Choose the correct option."}, "options": {"en": ["Option A3472", "Option B3472", "Option C3472", "Option D3472"]}, "answerIndex": 0}, {"id": "MA_3420", "section": "Mathematics", "topic": "Ratio", "difficulty": "moderate", "text": {"en": "[Mathematics/Ratio] Sample exam-style question #3420: Choose the correct option."}, "options": {"en": ["Option A3420", "Option B3420", "Option C3420", "Option D3420"]}, "answerIndex": 0}, {"id": "GE_3493", "section": "General Awareness", "topic": "Polity", "difficulty": "moderate", "text": {"en": "[General Awareness/Polity] Sample exam-style question #3493: Choose the correct option."}, "options": {"en": ["Option A3493", "Option B3493", "Option C3493", "Option D3493"]}, "answerIndex": 1}, {"id": "GE_3464", "section": "General Awareness", "topic": "History", "difficulty": "moderate", "text": {"en": "[General Awareness/History] Sample exam-style question #3464: Choose the correct option."}, "options": {"en": ["Option A3464", "Option B3464", "Option C3464", "Option D3464"]}, "answerIndex": 0}, {"id": "GE_3477", "section": "General Awareness", "topic": "History", "difficulty": "moderate", "text": {"en": "[General Awareness/History] Sample exam-style question #3477: Choose the correct option."}, "options": {"en": ["Option A3477", "Option B3477", "Option C3477", "Option D3477"]}, "answerIndex": 1}, {"id": "RE_3450", "section": "Reasoning", "topic": "Puzzle", "difficulty": "moderate", "text": {"en": "[Reasoning/Puzzle] Sample exam-style question #3450: Choose the correct option."}, "options": {"en": ["Option A3450", "Option B3450", "Option C3450", "Option D3450"]}, "answerIndex": 2}, {"id": "GE_3495", "section": "General Awareness", "topic": "History", "difficulty": "moderate", "text": {"en": "[General Awareness/History] Sample exam-style question #3495: Choose the correct option."}, "options": {"en": ["Option A3495", "Option B3495", "Option C3495", "Option D3495"]}, "answerIndex": 3}, {"id": "GE_3486", "section": "General Awareness", "topic": "Economy", "difficulty": "moderate", "text": {"en": "[General Awareness/Economy] Sample exam-style question #3486: Choose the correct option."}, "options": {"en": ["Option A3486", "Option B3486", "Option C3486", "Option D3486"]}, "answerIndex": 2}, {"id": "GE_3499", "section": "General Awareness", "topic": "History", "difficulty": "moderate", "text": {"en": "[General Awareness/History] Sample exam-style question #3499: Choose the correct option."}, "options": {"en": ["Option A3499", "Option B3499", "Option C3499", "Option D3499"]}, "answerIndex": 3}, {"id": "GE_3476", "section": "General Awareness", "topic": "Economy", "difficulty": "moderate", "text": {"en": "[General Awareness/Economy] Sample exam-style question #3476: Choose the correct option."}, "options": {"en": ["Option A3476", "Option B3476", "Option C3476", "Option D3476"]}, "answerIndex": 0}, {"id": "RE_3439", "section": "Reasoning", "topic": "Coding", "difficulty": "moderate", "text": {"en": "[Reasoning/Coding] Sample exam-style question #3439: Choose the correct option."}, "options": {"en": ["Option A3439", "Option B3439", "Option C3439", "Option D3439"]}, "answerIndex": 3}, {"id": "RE_3452", "section": "Reasoning", "topic": "Direction", "difficulty": "moderate", "text": {"en": "[Reasoning/Direction] Sample exam-style question #3452: Choose the correct option."}, "options": {"en": ["Option A3452", "Option B3452", "Option C3452", "Option D3452"]}, "answerIndex": 0}, {"id": "RE_3444", "section": "Reasoning", "topic": "Coding", "difficulty": "moderate", "text": {"en": "[Reasoning/Coding] Sample exam-style question #3444: Choose the correct option."}, "options": {"en": ["Option A3444", "Option B3444", "Option C3444", "Option D3444"]}, "answerIndex": 0}, {"id": "MA_3401", "section": "Mathematics", "topic": "CI", "difficulty": "moderate", "text": {"en": "[Mathematics/CI] Sample exam-style question #3401: Choose the correct option."}, "options": {"en": ["Option A3401", "Option B3401", "Option C3401", "Option D3401"]}, "answerIndex": 1}, {"id": "RE_3431", "section": "Reasoning", "topic": "Puzzle", "difficulty": "moderate", "text": {"en": "[Reasoning/Puzzle] Sample exam-style question #3431: Choose the correct option."}, "options": {"en": ["Option A3431", "Option B3431", "Option C3431", "Option D3431"]}, "answerIndex": 3}, {"id": "RE_3433", "section": "Reasoning", "topic": "Series", "difficulty": "moderate", "text": {"en": "[Reasoning/Series] Sample exam-style question #3433: Choose the correct option."}, "options": {"en": ["Option A3433", "Option B3433", "Option C3433", "Option D3433"]}, "answerIndex": 1}, {"id": "MA_3430", "section": "Mathematics", "topic": "Time&Work", "difficulty": "moderate", "text": {"en": "[Mathematics/Time&Work] Sample exam-style question #3430: Choose the correct option."}, "options": {"en": ["Option A3430", "Option B3430", "Option C3430", "Option D3430"]}, "answerIndex": 2}, {"id": "GE_3489", "section": "General Awareness", "topic": "Geography", "difficulty": "moderate", "text": {"en": "[General Awareness/Geography] Sample exam-style question #3489: Choose the correct option."}, "options": {"en": ["Option A3489", "Option B3489", "Option C3489", "Option D3489"]}, "answerIndex": 1}, {"id": "GE_3466", "section": "General Awareness", "topic": "Geography", "difficulty": "moderate", "text": {"en": "[General Awareness/Geography] Sample exam-style question #3466: Choose the correct option."}, "options": {"en": ["Option A3466", "Option B3466", "Option C3466", "Option D3466"]}, "answerIndex": 2}, {"id": "MA_3404", "section": "Mathematics", "topic": "Percentage", "difficulty": "moderate", "text": {"en": "[Mathematics/Percentage] Sample exam-style question #3404: Choose the correct option."}, "options": {"en": ["Option A3404", "Option B3404", "Option C3404", "Option D3404"]}, "answerIndex": 0}, {"id": "RE_3449", "section": "Reasoning", "topic": "Analogy", "difficulty": "moderate", "text": {"en": "[Reasoning/Analogy] Sample exam-style question #3449: Choose the correct option."}, "options": {"en": ["Option A3449", "Option B3449", "Option C3449", "Option D3449"]}, "answerIndex": 1}, {"id": "MA_3407", "section": "Mathematics", "topic": "Percentage", "difficulty": "moderate", "text": {"en": "[Mathematics/Percentage] Sample exam-style question #3407: Choose the correct option."}, "options": {"en": ["Option A3407", "Option B3407", "Option C3407", "Option D3407"]}, "answerIndex": 3}, {"id": "MA_3410", "section": "Mathematics", "topic": "CI", "difficulty": "moderate", "text": {"en": "[Mathematics/CI] Sample exam-style question #3410: Choose the correct option."}, "options": {"en": ["Option A3410", "Option B3410", "Option C3410", "Option D3410"]}, "answerIndex": 2}, {"id": "MA_3421", "section": "Mathematics", "topic": "DI", "difficulty": "moderate", "text": {"en": "[Mathematics/DI] Sample exam-style question #3421: Choose the correct option."}, "options": {"en": ["Option A3421", "Option B3421", "Option C3421", "Option D3421"]}, "answerIndex": 1}, {"id": "RE_3434", "section": "Reasoning", "topic": "Coding", "difficulty": "moderate", "text": {"en": "[Reasoning/Coding] Sample exam-style question #3434: Choose the correct option."}, "options": {"en": ["Option A3434", "Option B3434", "Option C3434", "Option D3434"]}, "answerIndex": 2}, {"id": "MA_3418", "section": "Mathematics", "topic": "Percentage", "difficulty": "moderate", "text": {"en": "[Mathematics/Percentage] Sample exam-style question #3418: Choose the correct option."}, "options": {"en": ["Option A3418", "Option B3418", "Option C3418", "Option D3418"]}, "answerIndex": 2}, {"id": "RE_3457", "section": "Reasoning", "topic": "Series", "difficulty": "moderate", "text": {"en": "[Reasoning/Series] Sample exam-style question #3457: Choose the correct option."}, "options": {"en": ["Option A3457", "Option B3457", "Option C3457", "Option D3457"]}, "answerIndex": 1}, {"id": "GE_3484", "section": "General Awareness", "topic": "Science", "difficulty": "moderate", "text": {"en": "[General Awareness/Science] Sample exam-style question #3484: Choose the correct option."}, "options": {"en": ["Option A3484", "Option B3484", "Option C3484", "Option D3484"]}, "answerIndex": 0}, {"id": "GE_3498", "section": "General Awareness", "topic": "Current Affairs", "difficulty": "moderate", "text": {"en": "[General Awareness/Current Affairs] Sample exam-style question #3498: Choose the correct option."}, "options": {"en": ["Option A3498", "Option B3498", "Option C3498", "Option D3498"]}, "answerIndex": 2}]}