{"testId": "032", "questions": [{"id": "MA_3109", "section": "Mathematics", "topic": "Ratio", "difficulty": "moderate", "text": {"en": "[Mathematics/Ratio] Sample exam-style question #3109: Choose the correct option."}, "options": {"en": ["Option A3109", "Option B3109", "Option C3109", "Option D3109"]}, "answerIndex": 1}, {"id": "MA_3122", "section": "Mathematics", "topic": "CI", "difficulty": "moderate", "text": {"en": "[Mathematics/CI] Sample exam-style question #3122: Choose the correct option."}, "options": {"en": ["Option A3122", "Option B3122", "Option C3122", "Option D3122"]}, "answerIndex": 2}, {"id": "MA_3127", "section": "Mathematics", "topic": "Ratio", "difficulty": "moderate", "text": {"en": "[Mathematics/Ratio] Sample exam-style question #3127: Choose the correct option."}, "options": {"en": ["Option A3127", "Option B3127", "Option C3127", "Option D3127"]}, "answerIndex": 3}, {"id": "MA_3126", "section": "Mathematics", "topic": "Ratio", "difficulty": "moderate", "text": {"en": "[Mathematics/Ratio] Sample exam-style question #3126: Choose the correct option."}, "options": {"en": ["Option A3126", "Option B3126", "Option C3126", "Option D3126"]}, "answerIndex": 2}, {"id": "GE_3172", "section": "General Awareness", "topic": "Current Affairs", "difficulty": "moderate", "text": {"en": "[General Awareness/Current Affairs] Sample exam-style question #3172: Choose the correct option."}, "options": {"en": ["Option A3172", "Option B3172", "Option C3172", "Option D3172"]}, "answerIndex": 0}, {"id": "GE_3165", "section": "General Awareness", "topic": "Geography", "difficulty": "moderate", "text": {"en": "[General Awareness/Geography] Sample exam-style question #3165: Choose the correct option."}, "options": {"en": ["Option A3165", "Option B3165", "Option C3165", "Option D3165"]}, "answerIndex": 1}, {"id": "GE_3191", "section": "General Awareness", "topic": "Economy", "difficulty": "moderate", "text": {"en": "[General Awareness/Economy] Sample exam-style question #3191: Choose the correct option."}, "options": {"en": ["Option A3191", "Option B3191", "Option C3191", "Option D3191"]}, "answerIndex": 3}, {"id": "GE_3164", "section": "General Awareness", "topic": "Geography", "difficulty": "moderate", "text": {"en": "[General Awareness/Geography] Sample exam-style question #3164: Choose the correct option."}, "options": {"en": ["Option A3164", "Option B3164", "Option C3164", "Option D3164"]}, "answerIndex": 0}, {"id": "GE_3163", "section": "General Awareness", "topic": "Economy", "difficulty": "moderate", "text": {"en": "[General Awareness/Economy] Sample exam-style question #3163: Choose the correct option."}, "options": {"en": ["Option A3163", "Option B3163", "Option C3163", "Option D3163"]}, "answerIndex": 3}, {"id": "GE_3162", "section": "General Awareness", "topic": "History", "difficulty": "moderate", "text": {"en": "[General Awareness/History] Sample exam-style question #3162: Choose the correct option."}, "options": {"en": ["Option A3162", "Option B3162", "Option C3162", "Option D3162"]}, "answerIndex": 2}, {"id": "GE_3169", "section": "General Awareness", "topic": "Current Affairs", "difficulty": "moderate", "text": {"en": "[General Awareness/Current Affairs] Sample exam-style question #3169: Choose the correct option."}, "options": {"en": ["Option A3169", "Option B3169", "Option C3169", "Option D3169"]}, "answerIndex": 1}, {"id": "GE_3186", "section": "General Awareness", "topic": "History", "difficulty": "moderate", "text": {"en": "[General Awareness/History] Sample exam-style question #3186: Choose the correct option."}, "options": {"en": ["Option A3186", "Option B3186", "Option C3186", "Option D3186"]}, "answerIndex": 2}, {"id": "GE_3185", "section": "General Awareness", "topic": "Economy", "difficulty": "moderate", "text": {"en": "[General Awareness/Economy] Sample exam-style question #3185: Choose the correct option."}, "options": {"en": ["Option A3185", "Option B3185", "Option C3185", "Option D3185"]}, "answerIndex": 1}, {"id": "MA_3102", "section": "Mathematics", "topic": "Speed", "difficulty": "moderate", "text": {"en": "[Mathematics/Speed] Sample exam-style question #3102: Choose the correct option."}, "options": {"en": ["Option A3102", "Option B3102", "Option C3102", "Option D3102"]}, "answerIndex": 2}, {"id": "GE_3189", "section": "General Awareness", "topic": "History", "difficulty": "moderate", "text": {"en": "[General Awareness/History] Sample exam-style question #3189: Choose the correct option."}, "options": {"en": ["Option A3189", "Option B3189", "Option C3189", "Option D3189"]}, "answerIndex": 1}, {"id": "MA_3113", "section": "Mathematics", "topic": "Ratio", "difficulty": "moderate", "text": {"en": "[Mathematics/Ratio] Sample exam-style question #3113: Choose the correct option."}, "options": {"en": ["Option A3113", "Option B3113", "Option C3113", "Option D3113"]}, "answerIndex": 1}, {"id": "GE_3195", "section": "General Awareness", "topic": "Current Affairs", "difficulty": "moderate", "text": {"en": "[General Awareness/Current Affairs] Sample exam-style question #3195: Choose the correct option."}, "options": {"en": ["Option A3195", "Option B3195", "Option C3195", "Option D3195"]}, "answerIndex": 3}, {"id": "MA_3115", "section": "Mathematics", "topic": "Ratio", "difficulty": "moderate", "text": {"en": "[Mathematics/Ratio] Sample exam-style question #3115: Choose the correct option."}, "options": {"en": ["Option A3115", "Option B3115", "Option C3115", "Option D3115"]}, "answerIndex": 3}, {"id": "MA_3111", "section": "Mathematics", "topic": "CI", "difficulty": "moderate", "text": {"en": "[Mathematics/CI] Sample exam-style question #3111: Choose the correct option."}, "options": {"en": ["Option A3111", "Option B3111", "Option C3111", "Option D3111"]}, "answerIndex": 3}, {"id": "RE_3135", "section": "Reasoning", "topic": "Analogy", "difficulty": "moderate", "text": {"en": "[Reasoning/Analogy] Sample exam-style question #3135: Choose the correct option."}, "options": {"en": ["Option A3135", "Option B3135", "Option C3135", "Option D3135"]}, "answerIndex": 3}, {"id": "GE_3166", "section": "General Awareness", "topic": "Polity", "difficulty": "moderate", "text": {"en": "[General Awareness/Polity] Sample exam-style question #3166: Choose the correct option."}, "options": {"en": ["Option A3166", "Option B3166", "Option C3166", "Option D3166"]}, "answerIndex": 2}, {"id": "RE_3132", "section": "Reasoning", "topic": "Direction", "difficulty": "moderate", "text": {"en": "[Reasoning/Direction] Sample exam-style question #3132: Choose the correct option."}, "options": {"en": ["Option A3132", "Option B3132", "Option C3132", "Option D3132"]}, "answerIndex": 0}, {"id": "MA_3120", "section": "Mathematics", "topic": "DI", "difficulty": "moderate", "text": {"en": "[Mathematics/DI] Sample exam-style question #3120: Choose the correct option."}, "options": {"en": ["Option A3120", "Option B3120", "Option C3120", "Option D3120"]}, "answerIndex": 0}, {"id": "RE_3139", "section": "Reasoning", "topic": "Series", "difficulty": "moderate", "text": {"en": "[Reasoning/Series] Sample exam-style question #3139: Choose the correct option."}, "options": {"en": ["Option A3139", "Option B3139", "Option C3139", "Option D3139"]}, "answerIndex": 3}, {"id": "GE_3198", "section": "General Awareness", "topic": "Polity", "difficulty": "moderate", "text": {"en": "[General Awareness/Polity] Sample exam-style question #3198: Choose the correct option."}, "options": {"en": ["Option A3198", "Option B3198", "Option C3198", "Option D3198"]}, "answerIndex": 2}, {"id": "GE_3161", "section": "General Awareness", "topic": "Science", "difficulty": "moderate", "text": {"en": "[General Awareness/Science] Sample exam-style question #3161: Choose the correct option."}, "options": {"en": ["Option A3161", "Option B3161", "Option C3161", "Option D3161"]}, "answerIndex": 1}, {"id": "GE_3190", "section": "General Awareness", "topic": "Science", "difficulty": "moderate", "text": {"en": "[General Awareness/Science] Sample exam-style question #3190: Choose the correct option."}, "options": {"en": ["Option A3190", "Option B3190", "Option C3190", "Option D3190"]}, "answerIndex": 2}, {"id": "GE_3192", "section": "General Awareness", "topic": "History", "difficulty": "moderate", "text": {"en": "[General Awareness/History] Sample exam-style question #3192: Choose the correct option."}, "options": {"en": ["Option A3192", "Option B3192", "Option C3192", "Option D3192"]}, "answerIndex": 0}, {"id": "RE_3143", "section": "Reasoning", "topic": "Puzzle", "difficulty": "moderate", "text": {"en": "[Reasoning/Puzzle] Sample exam-style question #3143: Choose the correct option."}, "options": {"en": ["Option A3143", "Option B3143", "Option C3143", "Option D3143"]}, "answerIndex": 3}, {"id": "MA_3101", "section": "Mathematics", "topic": "CI", "difficulty": "moderate", "text": {"en": "[Mathematics/CI] Sample exam-style question #3101: Choose the correct option."}, "options": {"en": ["Option A3101", "Option B3101", "Option C3101", "Option D3101"]}, "answerIndex": 1}, {"id": "GE_3175", "section": "General Awareness", "topic": "Economy", "difficulty": "moderate", "text": {"en": "[General Awareness/Economy] Sample exam-style question #3175: Choose the correct option."}, "options": {"en": ["Option A3175", "Option B3175", "Option C3175", "Option D3175"]}, "answerIndex": 3}, {"id": "MA_3116", "section": "Mathematics", "topic": "Speed", "difficulty": "moderate", "text": {"en": "[Mathematics/Speed] Sample exam-style question #3116: Choose the correct option."}, "options": {"en": ["Option A3116", "Option B3116", "Option C3116", "Option D3116"]}, "answerIndex": 0}, {"id": "RE_3160", "section": "Reasoning", "topic": "Analogy", "difficulty": "moderate", "text": {"en": "[Reasoning/Analogy] Sample exam-style question #3160: Choose the correct option."}, "options": {"en": ["Option A3160", "Option B3160", "Option C3160", "Option D3160"]}, "answerIndex": 0}, {"id": "RE_3131", "section": "Reasoning", "topic": "Series", "difficulty": "moderate", "text": {"en": "[Reasoning/Series] Sample exam-style question #3131: Choose the correct option."}, "options": {"en": ["Option A3131", "Option B3131", "Option C3131", "Option D3131"]}, "answerIndex": 3}, {"id": "GE_3200", "section": "General Awareness", "topic": "Economy", "difficulty": "moderate", "text": {"en": "[General Awareness/Economy] Sample exam-style question #3200: Choose the correct option."}, "options": {"en": ["Option A3200", "Option B3200", "Option C3200", "Option D3200"]}, "answerIndex": 0}, {"id": "RE_3158", "section": "Reasoning", "topic": "Syllogism", "difficulty": "moderate", "text": {"en": "[Reasoning/Syllogism] Sample exam-style question #3158: Choose the correct option."}, "options": {"en": ["Option A3158", "Option B3158", "Option C3158", "Option D3158"]}, "answerIndex": 2}, {"id": "MA_3114", "section": "Mathematics", "topic": "SI", "difficulty": "moderate", "text": {"en": "[Mathematics/SI] Sample exam-style question #3114: Choose the correct option."}, "options": {"en": ["Option A3114", "Option B3114", "Option C3114", "Option D3114"]}, "answerIndex": 2}, {"id": "MA_3123", "section": "Mathematics", "topic": "Time&Work", "difficulty": "moderate", "text": {"en": "[Mathematics/Time&Work] Sample exam-style question #3123: Choose the correct option."}, "options": {"en": ["Option A3123", "Option B3123", "Option C3123", "Option D3123"]}, "answerIndex": 3}, {"id": "RE_3157", "section": "Reasoning", "topic": "Coding", "difficulty": "moderate", "text": {"en": "[Reasoning/Coding] Sample exam-style question #3157: Choose the correct option."}, "options": {"en": ["Option A3157", "Option B3157", "Option C3157", "Option D3157"]}, "answerIndex": 1}, {"id": "GE_3182", "section": "General Awareness", "topic": "Geography", "difficulty": "moderate", "text": {"en": "[General Awareness/Geography] Sample exam-style question #3182: Choose the correct option."}, "options": {"en": ["Option A3182", "Option B3182", "Option C3182", "Option D3182"]}, "answerIndex": 2}, {"id": "GE_3187", "section": "General Awareness", "topic": "Geography", "difficulty": "moderate", "text": {"en": "[General Awareness/Geography] Sample exam-style question #3187: Choose the correct option."}, "options": {"en": ["Option A3187", "Option B3187", "Option C3187", "Option D3187"]}, "answerIndex": 3}, {"id": "RE_3141", "section": "Reasoning", "topic": "Direction", "difficulty": "moderate", "text": {"en": "[Reasoning/Direction] Sample exam-style question #3141: Choose the correct option."}, "options": {"en": ["Option A3141", "Option B3141", "Option C3141", "Option D3141"]}, "answerIndex": 1}, {"id": "MA_3124", "section": "Mathematics", "topic": "DI", "difficulty": "moderate", "text": {"en": "[Mathematics/DI] Sample exam-style question #3124: Choose the correct option."}, "options": {"en": ["Option A3124", "Option B3124", "Option C3124", "Option D3124"]}, "answerIndex": 0}, {"id": "GE_3168", "section": "General Awareness", "topic": "Science", "difficulty": "moderate", "text": {"en": "[General Awareness/Science] Sample exam-style question #3168: Choose the correct option."}, "options": {"en": ["Option A3168", "Option B3168", "Option C3168", "Option D3168"]}, "answerIndex": 0}, {"id": "MA_3112", "section": "Mathematics", "topic": "SI", "difficulty": "moderate", "text": {"en": "[Mathematics/SI] Sample exam-style question #3112: Choose the correct option."}, "options": {"en": ["Option A3112", "Option B3112", "Option C3112", "Option D3112"]}, "answerIndex": 0}, {"id": "RE_3154", "section": "Reasoning", "topic": "Puzzle", "difficulty": "moderate", "text": {"en": "[Reasoning/Puzzle] Sample exam-style question #3154: Choose the correct option."}, "options": {"en": ["Option A3154", "Option B3154", "Option C3154", "Option D3154"]}, "answerIndex": 2}, {"id": "MA_3129", "section": "Mathematics", "topic": "Percentage", "difficulty": "moderate", "text": {"en": "[Mathematics/Percentage] Sample exam-style question #3129: Choose the correct option."}, "options": {"en": ["Option A3129", "Option B3129", "Option C3129", "Option D3129"]}, "answerIndex": 1}, {"id": "GE_3178", "section": "General Awareness", "topic": "Current Affairs", "difficulty": "moderate", "text": {"en": "[General Awareness/Current Affairs] Sample exam-style question #3178: Choose the correct option."}, "options": {"en": ["Option A3178", "Option B3178", "Option C3178", "Option D3178"]}, "answerIndex": 2}, {"id": "RE_3152", "section": "Reasoning", "topic": "Syllogism", "difficulty": "moderate", "text": {"en": "[Reasoning/Syllogism] Sample exam-style question #3152: Choose the correct option."}, "options": {"en": ["Option A3152", "Option B3152", "Option C3152", "Option D3152"]}, "answerIndex": 0}, {"id": "RE_3145", "section": "Reasoning", "topic": "Series", "difficulty": "moderate", "text": {"en": "[Reasoning/Series] Sample exam-style question #3145: Choose the correct option."}, "options": {"en": ["Option A3145", "Option B3145", "Option C3145", "Option D3145"]}, "answerIndex": 1}, {"id": "GE_3173", "section": "General Awareness", "topic": "Economy", "difficulty": "moderate", "text": {"en": "[General Awareness/Economy] Sample exam-style question #3173: Choose the correct option."}, "options": {"en": ["Option A3173", "Option B3173", "Option C3173", "Option D3173"]}, "answerIndex": 1}, {"id": "GE_3193", "section": "General Awareness", "topic": "History", "difficulty": "moderate", "text": {"en": "[General Awareness/History] Sample exam-style question #3193: Choose the correct option."}, "options": {"en": ["Option A3193", "Option B3193", "Option C3193", "Option D3193"]}, "answerIndex": 1}, {"id": "MA_3107", "section": "Mathematics", "topic": "CI", "difficulty": "moderate", "text": {"en": "[Mathematics/CI] Sample exam-style question #3107: Choose the correct option."}, "options": {"en": ["Option A3107", "Option B3107", "Option C3107", "Option D3107"]}, "answerIndex": 3}, {"id": "RE_3142", "section": "Reasoning", "topic": "Coding", "difficulty": "moderate", "text": {"en": "[Reasoning/Coding] Sample exam-style question #3142: Choose the correct option."}, "options": {"en": ["Option A3142", "Option B3142", "Option C3142", "Option D3142"]}, "answerIndex": 2}, {"id": "MA_3119", "section": "Mathematics", "topic": "Percentage", "difficulty": "moderate", "text": {"en": "[Mathematics/Percentage] Sample exam-style question #3119: Choose the correct option."}, "options": {"en": ["Option A3119", "Option B3119", "Option C3119", "Option D3119"]}, "answerIndex": 3}, {"id": "GE_3181", "section": "General Awareness", "topic": "Science", "difficulty": "moderate", "text": {"en": "[General Awareness/Science] Sample exam-style question #3181: Choose the correct option."}, "options": {"en": ["Option A3181", "Option B3181", "Option C3181", "Option D3181"]}, "answerIndex": 1}, {"id": "RE_3136", "section": "Reasoning", "topic": "Series", "difficulty": "moderate", "text": {"en": "[Reasoning/Series] Sample exam-style question #3136: Choose the correct option."}, "options": {"en": ["Option A3136", "Option B3136", "Option C3136", "Option D3136"]}, "answerIndex": 0}, {"id": "GE_3199", "section": "General Awareness", "topic": "Science", "difficulty": "moderate", "text": {"en": "[General Awareness/Science] Sample exam-style question #3199: Choose the correct option."}, "options": {"en": ["Option A3199", "Option B3199", "Option C3199", "Option D3199"]}, "answerIndex": 3}, {"id": "GE_3179", "section": "General Awareness", "topic": "Current Affairs", "difficulty": "moderate", "text": {"en": "[General Awareness/Current Affairs] Sample exam-style question #3179: Choose the correct option."}, "options": {"en": ["Option A3179", "Option B3179", "Option C3179", "Option D3179"]}, "answerIndex": 3}, {"id": "RE_3138", "section": "Reasoning", "topic": "Analogy", "difficulty": "moderate", "text": {"en": "[Reasoning/Analogy] Sample exam-style question #3138: Choose the correct option."}, "options": {"en": ["Option A3138", "Option B3138", "Option C3138", "Option D3138"]}, "answerIndex": 2}, {"id": "GE_3196", "section": "General Awareness", "topic": "History", "difficulty": "moderate", "text": {"en": "[General Awareness/History] Sample exam-style question #3196: Choose the correct option."}, "options": {"en": ["Option A3196", "Option B3196", "Option C3196", "Option D3196"]}, "answerIndex": 0}, {"id": "GE_3197", "section": "General Awareness", "topic": "Economy", "difficulty": "moderate", "text": {"en": "[General Awareness/Economy] Sample exam-style question #3197: Choose the correct option."}, "options": {"en": ["Option A3197", "Option B3197", "Option C3197", "Option D3197"]}, "answerIndex": 1}, {"id": "GE_3188", "section": "General Awareness", "topic": "Economy", "difficulty": "moderate", "text": {"en": "[General Awareness/Economy] Sample exam-style question #3188: Choose the correct option."}, "options": {"en": ["Option A3188", "Option B3188", "Option C3188", "Option D3188"]}, "answerIndex": 0}, {"id": "MA_3118", "section": "Mathematics", "topic": "Percentage", "difficulty": "moderate", "text": {"en": "[Mathematics/Percentage] Sample exam-style question #3118: Choose the correct option."}, "options": {"en": ["Option A3118", "Option B3118", "Option C3118", "Option D3118"]}, "answerIndex": 2}, {"id": "GE_3183", "section": "General Awareness", "topic": "Current Affairs", "difficulty": "moderate", "text": {"en": "[General Awareness/Current Affairs] Sample exam-style question #3183: Choose the correct option."}, "options": {"en": ["Option A3183", "Option B3183", "Option C3183", "Option D3183"]}, "answerIndex": 3}, {"id": "RE_3151", "section": "Reasoning", "topic": "Puzzle", "difficulty": "moderate", "text": {"en": "[Reasoning/Puzzle] Sample exam-style question #3151: Choose the correct option."}, "options": {"en": ["Option A3151", "Option B3151", "Option C3151", "Option D3151"]}, "answerIndex": 3}, {"id": "MA_3130", "section": "Mathematics", "topic": "Time&Work", "difficulty": "moderate", "text": {"en": "[Mathematics/Time&Work] Sample exam-style question #3130: Choose the correct option."}, "options": {"en": ["Option A3130", "Option B3130", "Option C3130", "Option D3130"]}, "answerIndex": 2}, {"id": "GE_3177", "section": "General Awareness", "topic": "Geography", "difficulty": "moderate", "text": {"en": "[General Awareness/Geography] Sample exam-style question #3177: Choose the correct option."}, "options": {"en": ["Option A3177", "Option B3177", "Option C3177", "Option D3177"]}, "answerIndex": 1}, {"id": "RE_3156", "section": "Reasoning", "topic": "Syllogism", "difficulty": "moderate", "text": {"en": "[Reasoning/Syllogism] Sample exam-style question #3156: Choose the correct option."}, "options": {"en": ["Option A3156", "Option B3156", "Option C3156", "Option D3156"]}, "answerIndex": 0}, {"id": "MA_3106", "section": "Mathematics", "topic": "Time&Work", "difficulty": "moderate", "text": {"en": "[Mathematics/Time&Work] Sample exam-style question #3106: Choose the correct option."}, "options": {"en": ["Option A3106", "Option B3106", "Option C3106", "Option D3106"]}, "answerIndex": 2}, {"id": "RE_3146", "section": "Reasoning", "topic": "Coding", "difficulty": "moderate", "text": {"en": "[Reasoning/Coding] Sample exam-style question #3146: Choose the correct option."}, "options": {"en": ["Option A3146", "Option B3146", "Option C3146", "Option D3146"]}, "answerIndex": 2}, {"id": "MA_3110", "section": "Mathematics", "topic": "Ratio", "difficulty": "moderate", "text": {"en": "[Mathematics/Ratio] Sample exam-style question #3110: Choose the correct option."}, "options": {"en": ["Option A3110", "Option B3110", "Option C3110", "Option D3110"]}, "answerIndex": 2}, {"id": "GE_3176", "section": "General Awareness", "topic": "Polity", "difficulty": "moderate", "text": {"en": "[General Awareness/Polity] Sample exam-style question #3176: Choose the correct option."}, "options": {"en": ["Option A3176", "Option B3176", "Option C3176", "Option D3176"]}, "answerIndex": 0}, {"id": "RE_3133", "section": "Reasoning", "topic": "Puzzle", "difficulty": "moderate", "text": {"en": "[Reasoning/Puzzle] Sample exam-style question #3133: Choose the correct option."}, "options": {"en": ["Option A3133", "Option B3133", "Option C3133", "Option D3133"]}, "answerIndex": 1}, {"id": "GE_3180", "section": "General Awareness", "topic": "Economy", "difficulty": "moderate", "text": {"en": "[General Awareness/Economy] Sample exam-style question #3180: Choose the correct option."}, "options": {"en": ["Option A3180", "Option B3180", "Option C3180", "Option D3180"]}, "answerIndex": 0}, {"id": "GE_3174", "section": "General Awareness", "topic": "Science", "difficulty": "moderate", "text": {"en": "[General Awareness/Science] Sample exam-style question #3174: Choose the correct option."}, "options": {"en": ["Option A3174", "Option B3174", "Option C3174", "Option D3174"]}, "answerIndex": 2}, {"id": "MA_3105", "section": "Mathematics", "topic": "CI", "difficulty": "moderate", "text": {"en": "[Mathematics/CI] Sample exam-style question #3105: Choose the correct option."}, "options": {"en": ["Option A3105", "Option B3105", "Option C3105", "Option D3105"]}, "answerIndex": 1}, {"id": "MA_3104", "section": "Mathematics", "topic": "Time&Work", "difficulty": "moderate", "text": {"en": "[Mathematics/Time&Work] Sample exam-style question #3104: Choose the correct option."}, "options": {"en": ["Option A3104", "Option B3104", "Option C3104", "Option D3104"]}, "answerIndex": 0}, {"id": "GE_3167", "section": "General Awareness", "topic": "Science", "difficulty": "moderate", "text": {"en": "[General Awareness/Science] Sample exam-style question #3167: Choose the correct option."}, "options": {"en": ["Option A3167", "Option B3167", "Option C3167", "Option D3167"]}, "answerIndex": 3}, {"id": "RE_3134", "section": "Reasoning", "topic": "Analogy", "difficulty": "moderate", "text": {"en": "[Reasoning/Analogy] Sample exam-style question #3134: Choose the correct option."}, "options": {"en": ["Option A3134", "Option B3134", "Option C3134", "Option D3134"]}, "answerIndex": 2}, {"id": "RE_3148", "section": "Reasoning", "topic": "Syllogism", "difficulty": "moderate", "text": {"en": "[Reasoning/Syllogism] Sample exam-style question #3148: Choose the correct option."}, "options": {"en": ["Option A3148", "Option B3148", "Option C3148", "Option D3148"]}, "answerIndex": 0}, {"id": "GE_3171", "section": "General Awareness", "topic": "Current Affairs", "difficulty": "moderate", "text": {"en": "[General Awareness/Current Affairs] Sample exam-style question #3171: Choose the correct option."}, "options": {"en": ["Option A3171", "Option B3171", "Option C3171", "Option D3171"]}, "answerIndex": 3}, {"id": "MA_3117", "section": "Mathematics", "topic": "DI", "difficulty": "moderate", "text": {"en": "[Mathematics/DI] Sample exam-style question #3117: Choose the correct option."}, "options": {"en": ["Option A3117", "Option B3117", "Option C3117", "Option D3117"]}, "answerIndex": 1}, {"id": "RE_3153", "section": "Reasoning", "topic": "Puzzle", "difficulty": "moderate", "text": {"en": "[Reasoning/Puzzle] Sample exam-style question #3153: Choose the correct option."}, "options": {"en": ["Option A3153", "Option B3153", "Option C3153", "Option D3153"]}, "answerIndex": 1}, {"id": "RE_3149", "section": "Reasoning", "topic": "Coding", "difficulty": "moderate", "text": {"en": "[Reasoning/Coding] Sample exam-style question #3149: Choose the correct option."}, "options": {"en": ["Option A3149", "Option B3149", "Option C3149", "Option D3149"]}, "answerIndex": 1}, {"id": "RE_3140", "section": "Reasoning", "topic": "Direction", "difficulty": "moderate", "text": {"en": "[Reasoning/Direction] Sample exam-style question #3140: Choose the correct option."}, "options": {"en": ["Option A3140", "Option B3140", "Option C3140", "Option D3140"]}, "answerIndex": 0}, {"id": "MA_3125", "section": "Mathematics", "topic": "Percentage", "difficulty": "moderate", "text": {"en": "[Mathematics/Percentage] Sample exam-style question #3125: Choose the correct option."}, "options": {"en": ["Option A3125", "Option B3125", "Option C3125", "Option D3125"]}, "answerIndex": 1}, {"id": "MA_3103", "section": "Mathematics", "topic": "Speed", "difficulty": "moderate", "text": {"en": "[Mathematics/Speed] Sample exam-style question #3103: Choose the correct option."}, "options": {"en": ["Option A3103", "Option B3103", "Option C3103", "Option D3103"]}, "answerIndex": 3}, {"id": "RE_3147", "section": "Reasoning", "topic": "Puzzle", "difficulty": "moderate", "text": {"en": "[Reasoning/Puzzle] Sample exam-style question #3147: Choose the correct option."}, "options": {"en": ["Option A3147", "Option B3147", "Option C3147", "Option D3147"]}, "answerIndex": 3}, {"id": "MA_3108", "section": "Mathematics", "topic": "DI", "difficulty": "moderate", "text": {"en": "[Mathematics/DI] Sample exam-style question #3108: Choose the correct option."}, "options": {"en": ["Option A3108", "Option B3108", "Option C3108", "Option D3108"]}, "answerIndex": 0}, {"id": "GE_3194", "section": "General Awareness", "topic": "Geography", "difficulty": "moderate", "text": {"en": "[General Awareness/Geography] Sample exam-style question #3194: Choose the correct option."}, "options": {"en": ["Option A3194", "Option B3194", "Option C3194", "Option D3194"]}, "answerIndex": 2}, {"id": "RE_3137", "section": "Reasoning", "topic": "Coding", "difficulty": "moderate", "text": {"en": "[Reasoning/Coding] Sample exam-style question #3137: Choose the correct option."}, "options": {"en": ["Option A3137", "Option B3137", "Option C3137", "Option D3137"]}, "answerIndex": 1}, {"id": "RE_3159", "section": "Reasoning", "topic": "Coding", "difficulty": "moderate", "text": {"en": "[Reasoning/Coding] Sample exam-style question #3159: Choose the correct option."}, "options": {"en": ["Option A3159", "Option B3159", "Option C3159", "Option D3159"]}, "answerIndex": 3}, {"id": "MA_3128", "section": "Mathematics", "topic": "Percentage", "difficulty": "moderate", "text": {"en": "[Mathematics/Percentage] Sample exam-style question #3128: Choose the correct option."}, "options": {"en": ["Option A3128", "Option B3128", "Option C3128", "Option D3128"]}, "answerIndex": 0}, {"id": "RE_3144", "section": "Reasoning", "topic": "Coding", "difficulty": "moderate", "text": {"en": "[Reasoning/Coding] Sample exam-style question #3144: Choose the correct option."}, "options": {"en": ["Option A3144", "Option B3144", "Option C3144", "Option D3144"]}, "answerIndex": 0}, {"id": "MA_3121", "section": "Mathematics", "topic": "Speed", "difficulty": "moderate", "text": {"en": "[Mathematics/Speed] Sample exam-style question #3121: Choose the correct option."}, "options": {"en": ["Option A3121", "Option B3121", "Option C3121", "Option D3121"]}, "answerIndex": 1}, {"id": "RE_3155", "section": "Reasoning", "topic": "Analogy", "difficulty": "moderate", "text": {"en": "[Reasoning/Analogy] Sample exam-style question #3155: Choose the correct option."}, "options": {"en": ["Option A3155", "Option B3155", "Option C3155", "Option D3155"]}, "answerIndex": 3}, {"id": "GE_3170", "section": "General Awareness", "topic": "History", "difficulty": "moderate", "text": {"en": "[General Awareness/History] Sample exam-style question #3170: Choose the correct option."}, "options": {"en": ["Option A3170", "Option B3170", "Option C3170", "Option D3170"]}, "answerIndex": 2}, {"id": "GE_3184", "section": "General Awareness", "topic": "Economy", "difficulty": "moderate", "text": {"en": "[General Awareness/Economy] Sample exam-style question #3184: Choose the correct option."}, "options": {"en": ["Option A3184", "Option B3184", "Option C3184", "Option D3184"]}, "answerIndex": 0}, {"id": "RE_3150", "section": "Reasoning", "topic": "Analogy", "difficulty": "moderate", "text": {"en": "[Reasoning/Analogy] Sample exam-style question #3150: Choose the correct option."}, "options": {"en": ["Option A3150", "Option B3150", "Option C3150", "Option D3150"]}, "answerIndex": 2}]}