{"testId": "012", "questions": [{"id": "MA_1128", "section": "Mathematics", "topic": "SI", "difficulty": "moderate", "text": {"en": "[Mathematics/SI] Sample exam-style question #1128: Choose the correct option."}, "options": {"en": ["Option A1128", "Option B1128", "Option C1128", "Option D1128"]}, "answerIndex": 0}, {"id": "MA_1103", "section": "Mathematics", "topic": "CI", "difficulty": "moderate", "text": {"en": "[Mathematics/CI] Sample exam-style question #1103: Choose the correct option."}, "options": {"en": ["Option A1103", "Option B1103", "Option C1103", "Option D1103"]}, "answerIndex": 3}, {"id": "GE_1199", "section": "General Awareness", "topic": "Economy", "difficulty": "moderate", "text": {"en": "[General Awareness/Economy] Sample exam-style question #1199: Choose the correct option."}, "options": {"en": ["Option A1199", "Option B1199", "Option C1199", "Option D1199"]}, "answerIndex": 3}, {"id": "GE_1193", "section": "General Awareness", "topic": "Economy", "difficulty": "moderate", "text": {"en": "[General Awareness/Economy] Sample exam-style question #1193: Choose the correct option."}, "options": {"en": ["Option A1193", "Option B1193", "Option C1193", "Option D1193"]}, "answerIndex": 1}, {"id": "RE_1148", "section": "Reasoning", "topic": "Direction", "difficulty": "moderate", "text": {"en": "[Reasoning/Direction] Sample exam-style question #1148: Choose the correct option."}, "options": {"en": ["Option A1148", "Option B1148", "Option C1148", "Option D1148"]}, "answerIndex": 0}, {"id": "GE_1161", "section": "General Awareness", "topic": "Geography", "difficulty": "moderate", "text": {"en": "[General Awareness/Geography] Sample exam-style question #1161: Choose the correct option."}, "options": {"en": ["Option A1161", "Option B1161", "Option C1161", "Option D1161"]}, "answerIndex": 1}, {"id": "MA_1111", "section": "Mathematics", "topic": "Time&Work", "difficulty": "moderate", "text": {"en": "[Mathematics/Time&Work] Sample exam-style question #1111: Choose the correct option."}, "options": {"en": ["Option A1111", "Option B1111", "Option C1111", "Option D1111"]}, "answerIndex": 3}, {"id": "RE_1151", "section": "Reasoning", "topic": "Puzzle", "difficulty": "moderate", "text": {"en": "[Reasoning/Puzzle] Sample exam-style question #1151: Choose the correct option."}, "options": {"en": ["Option A1151", "Option B1151", "Option C1151", "Option D1151"]}, "answerIndex": 3}, {"id": "MA_1110", "section": "Mathematics", "topic": "Speed", "difficulty": "moderate", "text": {"en": "[Mathematics/Speed] Sample exam-style question #1110: Choose the correct option."}, "options": {"en": ["Option A1110", "Option B1110", "Option C1110", "Option D1110"]}, "answerIndex": 2}, {"id": "MA_1109", "section": "Mathematics", "topic": "DI", "difficulty": "moderate", "text": {"en": "[Mathematics/DI] Sample exam-style question #1109: Choose the correct option."}, "options": {"en": ["Option A1109", "Option B1109", "Option C1109", "Option D1109"]}, "answerIndex": 1}, {"id": "RE_1131", "section": "Reasoning", "topic": "Puzzle", "difficulty": "moderate", "text": {"en": "[Reasoning/Puzzle] Sample exam-style question #1131: Choose the correct option."}, "options": {"en": ["Option A1131", "Option B1131", "Option C1131", "Option D1131"]}, "answerIndex": 3}, {"id": "GE_1198", "section": "General Awareness", "topic": "Polity", "difficulty": "moderate", "text": {"en": "[General Awareness/Polity] Sample exam-style question #1198: Choose the correct option."}, "options": {"en": ["Option A1198", "Option B1198", "Option C1198", "Option D1198"]}, "answerIndex": 2}, {"id": "MA_1130", "section": "Mathematics", "topic": "Speed", "difficulty": "moderate", "text": {"en": "[Mathematics/Speed] Sample exam-style question #1130: Choose the correct option."}, "options": {"en": ["Option A1130", "Option B1130", "Option C1130", "Option D1130"]}, "answerIndex": 2}, {"id": "RE_1149", "section": "Reasoning", "topic": "Analogy", "difficulty": "moderate", "text": {"en": "[Reasoning/Analogy] Sample exam-style question #1149: Choose the correct option."}, "options": {"en": ["Option A1149", "Option B1149", "Option C1149", "Option D1149"]}, "answerIndex": 1}, {"id": "GE_1166", "section": "General Awareness", "topic": "Science", "difficulty": "moderate", "text": {"en": "[General Awareness/Science] Sample exam-style question #1166: Choose the correct option."}, "options": {"en": ["Option A1166", "Option B1166", "Option C1166", "Option D1166"]}, "answerIndex": 2}, {"id": "GE_1174", "section": "General Awareness", "topic": "Economy", "difficulty": "moderate", "text": {"en": "[General Awareness/Economy] Sample exam-style question #1174: Choose the correct option."}, "options": {"en": ["Option A1174", "Option B1174", "Option C1174", "Option D1174"]}, "answerIndex": 2}, {"id": "MA_1125", "section": "Mathematics", "topic": "Percentage", "difficulty": "moderate", "text": {"en": "[Mathematics/Percentage] Sample exam-style question #1125: Choose the correct option."}, "options": {"en": ["Option A1125", "Option B1125", "Option C1125", "Option D1125"]}, "answerIndex": 1}, {"id": "GE_1167", "section": "General Awareness", "topic": "Current Affairs", "difficulty": "moderate", "text": {"en": "[General Awareness/Current Affairs] Sample exam-style question #1167: Choose the correct option."}, "options": {"en": ["Option A1167", "Option B1167", "Option C1167", "Option D1167"]}, "answerIndex": 3}, {"id": "GE_1172", "section": "General Awareness", "topic": "Economy", "difficulty": "moderate", "text": {"en": "[General Awareness/Economy] Sample exam-style question #1172: Choose the correct option."}, "options": {"en": ["Option A1172", "Option B1172", "Option C1172", "Option D1172"]}, "answerIndex": 0}, {"id": "MA_1108", "section": "Mathematics", "topic": "DI", "difficulty": "moderate", "text": {"en": "[Mathematics/DI] Sample exam-style question #1108: Choose the correct option."}, "options": {"en": ["Option A1108", "Option B1108", "Option C1108", "Option D1108"]}, "answerIndex": 0}, {"id": "RE_1136", "section": "Reasoning", "topic": "Analogy", "difficulty": "moderate", "text": {"en": "[Reasoning/Analogy] Sample exam-style question #1136: Choose the correct option."}, "options": {"en": ["Option A1136", "Option B1136", "Option C1136", "Option D1136"]}, "answerIndex": 0}, {"id": "GE_1164", "section": "General Awareness", "topic": "History", "difficulty": "moderate", "text": {"en": "[General Awareness/History] Sample exam-style question #1164: Choose the correct option."}, "options": {"en": ["Option A1164", "Option B1164", "Option C1164", "Option D1164"]}, "answerIndex": 0}, {"id": "MA_1106", "section": "Mathematics", "topic": "Ratio", "difficulty": "moderate", "text": {"en": "[Mathematics/Ratio] Sample exam-style question #1106: Choose the correct option."}, "options": {"en": ["Option A1106", "Option B1106", "Option C1106", "Option D1106"]}, "answerIndex": 2}, {"id": "RE_1132", "section": "Reasoning", "topic": "Syllogism", "difficulty": "moderate", "text": {"en": "[Reasoning/Syllogism] Sample exam-style question #1132: Choose the correct option."}, "options": {"en": ["Option A1132", "Option B1132", "Option C1132", "Option D1132"]}, "answerIndex": 0}, {"id": "MA_1102", "section": "Mathematics", "topic": "DI", "difficulty": "moderate", "text": {"en": "[Mathematics/DI] Sample exam-style question #1102: Choose the correct option."}, "options": {"en": ["Option A1102", "Option B1102", "Option C1102", "Option D1102"]}, "answerIndex": 2}, {"id": "GE_1180", "section": "General Awareness", "topic": "Geography", "difficulty": "moderate", "text": {"en": "[General Awareness/Geography] Sample exam-style question #1180: Choose the correct option."}, "options": {"en": ["Option A1180", "Option B1180", "Option C1180", "Option D1180"]}, "answerIndex": 0}, {"id": "RE_1160", "section": "Reasoning", "topic": "Analogy", "difficulty": "moderate", "text": {"en": "[Reasoning/Analogy] Sample exam-style question #1160: Choose the correct option."}, "options": {"en": ["Option A1160", "Option B1160", "Option C1160", "Option D1160"]}, "answerIndex": 0}, {"id": "GE_1170", "section": "General Awareness", "topic": "History", "difficulty": "moderate", "text": {"en": "[General Awareness/History] Sample exam-style question #1170: Choose the correct option."}, "options": {"en": ["Option A1170", "Option B1170", "Option C1170", "Option D1170"]}, "answerIndex": 2}, {"id": "GE_1185", "section": "General Awareness", "topic": "Economy", "difficulty": "moderate", "text": {"en": "[General Awareness/Economy] Sample exam-style question #1185: Choose the correct option."}, "options": {"en": ["Option A1185", "Option B1185", "Option C1185", "Option D1185"]}, "answerIndex": 1}, {"id": "RE_1138", "section": "Reasoning", "topic": "Analogy", "difficulty": "moderate", "text": {"en": "[Reasoning/Analogy] Sample exam-style question #1138: Choose the correct option."}, "options": {"en": ["Option A1138", "Option B1138", "Option C1138", "Option D1138"]}, "answerIndex": 2}, {"id": "RE_1141", "section": "Reasoning", "topic": "Puzzle", "difficulty": "moderate", "text": {"en": "[Reasoning/Puzzle] Sample exam-style question #1141: Choose the correct option."}, "options": {"en": ["Option A1141", "Option B1141", "Option C1141", "Option D1141"]}, "answerIndex": 1}, {"id": "GE_1165", "section": "General Awareness", "topic": "Economy", "difficulty": "moderate", "text": {"en": "[General Awareness/Economy] Sample exam-style question #1165: Choose the correct option."}, "options": {"en": ["Option A1165", "Option B1165", "Option C1165", "Option D1165"]}, "answerIndex": 1}, {"id": "MA_1107", "section": "Mathematics", "topic": "SI", "difficulty": "moderate", "text": {"en": "[Mathematics/SI] Sample exam-style question #1107: Choose the correct option."}, "options": {"en": ["Option A1107", "Option B1107", "Option C1107", "Option D1107"]}, "answerIndex": 3}, {"id": "GE_1187", "section": "General Awareness", "topic": "Economy", "difficulty": "moderate", "text": {"en": "[General Awareness/Economy] Sample exam-style question #1187: Choose the correct option."}, "options": {"en": ["Option A1187", "Option B1187", "Option C1187", "Option D1187"]}, "answerIndex": 3}, {"id": "GE_1168", "section": "General Awareness", "topic": "Economy", "difficulty": "moderate", "text": {"en": "[General Awareness/Economy] Sample exam-style question #1168: Choose the correct option."}, "options": {"en": ["Option A1168", "Option B1168", "Option C1168", "Option D1168"]}, "answerIndex": 0}, {"id": "RE_1140", "section": "Reasoning", "topic": "Syllogism", "difficulty": "moderate", "text": {"en": "[Reasoning/Syllogism] Sample exam-style question #1140: Choose the correct option."}, "options": {"en": ["Option A1140", "Option B1140", "Option C1140", "Option D1140"]}, "answerIndex": 0}, {"id": "RE_1143", "section": "Reasoning", "topic": "Direction", "difficulty": "moderate", "text": {"en": "[Reasoning/Direction] Sample exam-style question #1143: Choose the correct option."}, "options": {"en": ["Option A1143", "Option B1143", "Option C1143", "Option D1143"]}, "answerIndex": 3}, {"id": "GE_1173", "section": "General Awareness", "topic": "Current Affairs", "difficulty": "moderate", "text": {"en": "[General Awareness/Current Affairs] Sample exam-style question #1173: Choose the correct option."}, "options": {"en": ["Option A1173", "Option B1173", "Option C1173", "Option D1173"]}, "answerIndex": 1}, {"id": "RE_1135", "section": "Reasoning", "topic": "Direction", "difficulty": "moderate", "text": {"en": "[Reasoning/Direction] Sample exam-style question #1135: Choose the correct option."}, "options": {"en": ["Option A1135", "Option B1135", "Option C1135", "Option D1135"]}, "answerIndex": 3}, {"id": "GE_1200", "section": "General Awareness", "topic": "Science", "difficulty": "moderate", "text": {"en": "[General Awareness/Science] Sample exam-style question #1200: Choose the correct option."}, "options": {"en": ["Option A1200", "Option B1200", "Option C1200", "Option D1200"]}, "answerIndex": 0}, {"id": "RE_1134", "section": "Reasoning", "topic": "Series", "difficulty": "moderate", "text": {"en": "[Reasoning/Series] Sample exam-style question #1134: Choose the correct option."}, "options": {"en": ["Option A1134", "Option B1134", "Option C1134", "Option D1134"]}, "answerIndex": 2}, {"id": "MA_1116", "section": "Mathematics", "topic": "Percentage", "difficulty": "moderate", "text": {"en": "[Mathematics/Percentage] Sample exam-style question #1116: Choose the correct option."}, "options": {"en": ["Option A1116", "Option B1116", "Option C1116", "Option D1116"]}, "answerIndex": 0}, {"id": "RE_1139", "section": "Reasoning", "topic": "Direction", "difficulty": "moderate", "text": {"en": "[Reasoning/Direction] Sample exam-style question #1139: Choose the correct option."}, "options": {"en": ["Option A1139", "Option B1139", "Option C1139", "Option D1139"]}, "answerIndex": 3}, {"id": "RE_1153", "section": "Reasoning", "topic": "Series", "difficulty": "moderate", "text": {"en": "[Reasoning/Series] Sample exam-style question #1153: Choose the correct option."}, "options": {"en": ["Option A1153", "Option B1153", "Option C1153", "Option D1153"]}, "answerIndex": 1}, {"id": "RE_1142", "section": "Reasoning", "topic": "Puzzle", "difficulty": "moderate", "text": {"en": "[Reasoning/Puzzle] Sample exam-style question #1142: Choose the correct option."}, "options": {"en": ["Option A1142", "Option B1142", "Option C1142", "Option D1142"]}, "answerIndex": 2}, {"id": "GE_1186", "section": "General Awareness", "topic": "Current Affairs", "difficulty": "moderate", "text": {"en": "[General Awareness/Current Affairs] Sample exam-style question #1186: Choose the correct option."}, "options": {"en": ["Option A1186", "Option B1186", "Option C1186", "Option D1186"]}, "answerIndex": 2}, {"id": "GE_1190", "section": "General Awareness", "topic": "Economy", "difficulty": "moderate", "text": {"en": "[General Awareness/Economy] Sample exam-style question #1190: Choose the correct option."}, "options": {"en": ["Option A1190", "Option B1190", "Option C1190", "Option D1190"]}, "answerIndex": 2}, {"id": "GE_1163", "section": "General Awareness", "topic": "Polity", "difficulty": "moderate", "text": {"en": "[General Awareness/Polity] Sample exam-style question #1163: Choose the correct option."}, "options": {"en": ["Option A1163", "Option B1163", "Option C1163", "Option D1163"]}, "answerIndex": 3}, {"id": "MA_1113", "section": "Mathematics", "topic": "DI", "difficulty": "moderate", "text": {"en": "[Mathematics/DI] Sample exam-style question #1113: Choose the correct option."}, "options": {"en": ["Option A1113", "Option B1113", "Option C1113", "Option D1113"]}, "answerIndex": 1}, {"id": "GE_1171", "section": "General Awareness", "topic": "Science", "difficulty": "moderate", "text": {"en": "[General Awareness/Science] Sample exam-style question #1171: Choose the correct option."}, "options": {"en": ["Option A1171", "Option B1171", "Option C1171", "Option D1171"]}, "answerIndex": 3}, {"id": "MA_1124", "section": "Mathematics", "topic": "Percentage", "difficulty": "moderate", "text": {"en": "[Mathematics/Percentage] Sample exam-style question #1124: Choose the correct option."}, "options": {"en": ["Option A1124", "Option B1124", "Option C1124", "Option D1124"]}, "answerIndex": 0}, {"id": "MA_1112", "section": "Mathematics", "topic": "Speed", "difficulty": "moderate", "text": {"en": "[Mathematics/Speed] Sample exam-style question #1112: Choose the correct option."}, "options": {"en": ["Option A1112", "Option B1112", "Option C1112", "Option D1112"]}, "answerIndex": 0}, {"id": "GE_1189", "section": "General Awareness", "topic": "Current Affairs", "difficulty": "moderate", "text": {"en": "[General Awareness/Current Affairs] Sample exam-style question #1189: Choose the correct option."}, "options": {"en": ["Option A1189", "Option B1189", "Option C1189", "Option D1189"]}, "answerIndex": 1}, {"id": "GE_1181", "section": "General Awareness", "topic": "Current Affairs", "difficulty": "moderate", "text": {"en": "[General Awareness/Current Affairs] Sample exam-style question #1181: Choose the correct option."}, "options": {"en": ["Option A1181", "Option B1181", "Option C1181", "Option D1181"]}, "answerIndex": 1}, {"id": "MA_1115", "section": "Mathematics", "topic": "CI", "difficulty": "moderate", "text": {"en": "[Mathematics/CI] Sample exam-style question #1115: Choose the correct option."}, "options": {"en": ["Option A1115", "Option B1115", "Option C1115", "Option D1115"]}, "answerIndex": 3}, {"id": "GE_1194", "section": "General Awareness", "topic": "Polity", "difficulty": "moderate", "text": {"en": "[General Awareness/Polity] Sample exam-style question #1194: Choose the correct option."}, "options": {"en": ["Option A1194", "Option B1194", "Option C1194", "Option D1194"]}, "answerIndex": 2}, {"id": "GE_1192", "section": "General Awareness", "topic": "Polity", "difficulty": "moderate", "text": {"en": "[General Awareness/Polity] Sample exam-style question #1192: Choose the correct option."}, "options": {"en": ["Option A1192", "Option B1192", "Option C1192", "Option D1192"]}, "answerIndex": 0}, {"id": "MA_1105", "section": "Mathematics", "topic": "Speed", "difficulty": "moderate", "text": {"en": "[Mathematics/Speed] Sample exam-style question #1105: Choose the correct option."}, "options": {"en": ["Option A1105", "Option B1105", "Option C1105", "Option D1105"]}, "answerIndex": 1}, {"id": "RE_1146", "section": "Reasoning", "topic": "Puzzle", "difficulty": "moderate", "text": {"en": "[Reasoning/Puzzle] Sample exam-style question #1146: Choose the correct option."}, "options": {"en": ["Option A1146", "Option B1146", "Option C1146", "Option D1146"]}, "answerIndex": 2}, {"id": "RE_1158", "section": "Reasoning", "topic": "Puzzle", "difficulty": "moderate", "text": {"en": "[Reasoning/Puzzle] Sample exam-style question #1158: Choose the correct option."}, "options": {"en": ["Option A1158", "Option B1158", "Option C1158", "Option D1158"]}, "answerIndex": 2}, {"id": "MA_1118", "section": "Mathematics", "topic": "Ratio", "difficulty": "moderate", "text": {"en": "[Mathematics/Ratio] Sample exam-style question #1118: Choose the correct option."}, "options": {"en": ["Option A1118", "Option B1118", "Option C1118", "Option D1118"]}, "answerIndex": 2}, {"id": "GE_1191", "section": "General Awareness", "topic": "Science", "difficulty": "moderate", "text": {"en": "[General Awareness/Science] Sample exam-style question #1191: Choose the correct option."}, "options": {"en": ["Option A1191", "Option B1191", "Option C1191", "Option D1191"]}, "answerIndex": 3}, {"id": "RE_1155", "section": "Reasoning", "topic": "Coding", "difficulty": "moderate", "text": {"en": "[Reasoning/Coding] Sample exam-style question #1155: Choose the correct option."}, "options": {"en": ["Option A1155", "Option B1155", "Option C1155", "Option D1155"]}, "answerIndex": 3}, {"id": "GE_1182", "section": "General Awareness", "topic": "Polity", "difficulty": "moderate", "text": {"en": "[General Awareness/Polity] Sample exam-style question #1182: Choose the correct option."}, "options": {"en": ["Option A1182", "Option B1182", "Option C1182", "Option D1182"]}, "answerIndex": 2}, {"id": "MA_1123", "section": "Mathematics", "topic": "Ratio", "difficulty": "moderate", "text": {"en": "[Mathematics/Ratio] Sample exam-style question #1123: Choose the correct option."}, "options": {"en": ["Option A1123", "Option B1123", "Option C1123", "Option D1123"]}, "answerIndex": 3}, {"id": "GE_1179", "section": "General Awareness", "topic": "Geography", "difficulty": "moderate", "text": {"en": "[General Awareness/Geography] Sample exam-style question #1179: Choose the correct option."}, "options": {"en": ["Option A1179", "Option B1179", "Option C1179", "Option D1179"]}, "answerIndex": 3}, {"id": "GE_1177", "section": "General Awareness", "topic": "Geography", "difficulty": "moderate", "text": {"en": "[General Awareness/Geography] Sample exam-style question #1177: Choose the correct option."}, "options": {"en": ["Option A1177", "Option B1177", "Option C1177", "Option D1177"]}, "answerIndex": 1}, {"id": "RE_1137", "section": "Reasoning", "topic": "Syllogism", "difficulty": "moderate", "text": {"en": "[Reasoning/Syllogism] Sample exam-style question #1137: Choose the correct option."}, "options": {"en": ["Option A1137", "Option B1137", "Option C1137", "Option D1137"]}, "answerIndex": 1}, {"id": "GE_1175", "section": "General Awareness", "topic": "Polity", "difficulty": "moderate", "text": {"en": "[General Awareness/Polity] Sample exam-style question #1175: Choose the correct option."}, "options": {"en": ["Option A1175", "Option B1175", "Option C1175", "Option D1175"]}, "answerIndex": 3}, {"id": "MA_1117", "section": "Mathematics", "topic": "Time&Work", "difficulty": "moderate", "text": {"en": "[Mathematics/Time&Work] Sample exam-style question #1117: Choose the correct option."}, "options": {"en": ["Option A1117", "Option B1117", "Option C1117", "Option D1117"]}, "answerIndex": 1}, {"id": "GE_1188", "section": "General Awareness", "topic": "Geography", "difficulty": "moderate", "text": {"en": "[General Awareness/Geography] Sample exam-style question #1188: Choose the correct option."}, "options": {"en": ["Option A1188", "Option B1188", "Option C1188", "Option D1188"]}, "answerIndex": 0}, {"id": "GE_1196", "section": "General Awareness", "topic": "Geography", "difficulty": "moderate", "text": {"en": "[General Awareness/Geography] Sample exam-style question #1196: Choose the correct option."}, "options": {"en": ["Option A1196", "Option B1196", "Option C1196", "Option D1196"]}, "answerIndex": 0}, {"id": "MA_1122", "section": "Mathematics", "topic": "DI", "difficulty": "moderate", "text": {"en": "[Mathematics/DI] Sample exam-style question #1122: Choose the correct option."}, "options": {"en": ["Option A1122", "Option B1122", "Option C1122", "Option D1122"]}, "answerIndex": 2}, {"id": "RE_1147", "section": "Reasoning", "topic": "Series", "difficulty": "moderate", "text": {"en": "[Reasoning/Series] Sample exam-style question #1147: Choose the correct option."}, "options": {"en": ["Option A1147", "Option B1147", "Option C1147", "Option D1147"]}, "answerIndex": 3}, {"id": "GE_1195", "section": "General Awareness", "topic": "Geography", "difficulty": "moderate", "text": {"en": "[General Awareness/Geography] Sample exam-style question #1195: Choose the correct option."}, "options": {"en": ["Option A1195", "Option B1195", "Option C1195", "Option D1195"]}, "answerIndex": 3}, {"id": "RE_1150", "section": "Reasoning", "topic": "Syllogism", "difficulty": "moderate", "text": {"en": "[Reasoning/Syllogism] Sample exam-style question #1150: Choose the correct option."}, "options": {"en": ["Option A1150", "Option B1150", "Option C1150", "Option D1150"]}, "answerIndex": 2}, {"id": "MA_1129", "section": "Mathematics", "topic": "Time&Work", "difficulty": "moderate", "text": {"en": "[Mathematics/Time&Work] Sample exam-style question #1129: Choose the correct option."}, "options": {"en": ["Option A1129", "Option B1129", "Option C1129", "Option D1129"]}, "answerIndex": 1}, {"id": "GE_1162", "section": "General Awareness", "topic": "Science", "difficulty": "moderate", "text": {"en": "[General Awareness/Science] Sample exam-style question #1162: Choose the correct option."}, "options": {"en": ["Option A1162", "Option B1162", "Option C1162", "Option D1162"]}, "answerIndex": 2}, {"id": "MA_1114", "section": "Mathematics", "topic": "Ratio", "difficulty": "moderate", "text": {"en": "[Mathematics/Ratio] Sample exam-style question #1114: Choose the correct option."}, "options": {"en": ["Option A1114", "Option B1114", "Option C1114", "Option D1114"]}, "answerIndex": 2}, {"id": "RE_1159", "section": "Reasoning", "topic": "Series", "difficulty": "moderate", "text": {"en": "[Reasoning/Series] Sample exam-style question #1159: Choose the correct option."}, "options": {"en": ["Option A1159", "Option B1159", "Option C1159", "Option D1159"]}, "answerIndex": 3}, {"id": "GE_1197", "section": "General Awareness", "topic": "Geography", "difficulty": "moderate", "text": {"en": "[General Awareness/Geography] Sample exam-style question #1197: Choose the correct option."}, "options": {"en": ["Option A1197", "Option B1197", "Option C1197", "Option D1197"]}, "answerIndex": 1}, {"id": "MA_1101", "section": "Mathematics", "topic": "Speed", "difficulty": "moderate", "text": {"en": "[Mathematics/Speed] Sample exam-style question #1101: Choose the correct option."}, "options": {"en": ["Option A1101", "Option B1101", "Option C1101", "Option D1101"]}, "answerIndex": 1}, {"id": "RE_1154", "section": "Reasoning", "topic": "Series", "difficulty": "moderate", "text": {"en": "[Reasoning/Series] Sample exam-style question #1154: Choose the correct option."}, "options": {"en": ["Option A1154", "Option B1154", "Option C1154", "Option D1154"]}, "answerIndex": 2}, {"id": "RE_1157", "section": "Reasoning", "topic": "Puzzle", "difficulty": "moderate", "text": {"en": "[Reasoning/Puzzle] Sample exam-style question #1157: Choose the correct option."}, "options": {"en": ["Option A1157", "Option B1157", "Option C1157", "Option D1157"]}, "answerIndex": 1}, {"id": "MA_1120", "section": "Mathematics", "topic": "Ratio", "difficulty": "moderate", "text": {"en": "[Mathematics/Ratio] Sample exam-style question #1120: Choose the correct option."}, "options": {"en": ["Option A1120", "Option B1120", "Option C1120", "Option D1120"]}, "answerIndex": 0}, {"id": "GE_1183", "section": "General Awareness", "topic": "History", "difficulty": "moderate", "text": {"en": "[General Awareness/History] Sample exam-style question #1183: Choose the correct option."}, "options": {"en": ["Option A1183", "Option B1183", "Option C1183", "Option D1183"]}, "answerIndex": 3}, {"id": "MA_1126", "section": "Mathematics", "topic": "Ratio", "difficulty": "moderate", "text": {"en": "[Mathematics/Ratio] Sample exam-style question #1126: Choose the correct option."}, "options": {"en": ["Option A1126", "Option B1126", "Option C1126", "Option D1126"]}, "answerIndex": 2}, {"id": "GE_1176", "section": "General Awareness", "topic": "Economy", "difficulty": "moderate", "text": {"en": "[General Awareness/Economy] Sample exam-style question #1176: Choose the correct option."}, "options": {"en": ["Option A1176", "Option B1176", "Option C1176", "Option D1176"]}, "answerIndex": 0}, {"id": "GE_1169", "section": "General Awareness", "topic": "Geography", "difficulty": "moderate", "text": {"en": "[General Awareness/Geography] Sample exam-style question #1169: Choose the correct option."}, "options": {"en": ["Option A1169", "Option B1169", "Option C1169", "Option D1169"]}, "answerIndex": 1}, {"id": "RE_1156", "section": "Reasoning", "topic": "Analogy", "difficulty": "moderate", "text": {"en": "[Reasoning/Analogy] Sample exam-style question #1156: Choose the correct option."}, "options": {"en": ["Option A1156", "Option B1156", "Option C1156", "Option D1156"]}, "answerIndex": 0}, {"id": "GE_1184", "section": "General Awareness", "topic": "Geography", "difficulty": "moderate", "text": {"en": "[General Awareness/Geography] Sample exam-style question #1184: Choose the correct option."}, "options": {"en": ["Option A1184", "Option B1184", "Option C1184", "Option D1184"]}, "answerIndex": 0}, {"id": "RE_1133", "section": "Reasoning", "topic": "Direction", "difficulty": "moderate", "text": {"en": "[Reasoning/Direction] Sample exam-style question #1133: Choose the correct option."}, "options": {"en": ["Option A1133", "Option B1133", "Option C1133", "Option D1133"]}, "answerIndex": 1}, {"id": "RE_1145", "section": "Reasoning", "topic": "Series", "difficulty": "moderate", "text": {"en": "[Reasoning/Series] Sample exam-style question #1145: Choose the correct option."}, "options": {"en": ["Option A1145", "Option B1145", "Option C1145", "Option D1145"]}, "answerIndex": 1}, {"id": "MA_1104", "section": "Mathematics", "topic": "Percentage", "difficulty": "moderate", "text": {"en": "[Mathematics/Percentage] Sample exam-style question #1104: Choose the correct option."}, "options": {"en": ["Option A1104", "Option B1104", "Option C1104", "Option D1104"]}, "answerIndex": 0}, {"id": "GE_1178", "section": "General Awareness", "topic": "Economy", "difficulty": "moderate", "text": {"en": "[General Awareness/Economy] Sample exam-style question #1178: Choose the correct option."}, "options": {"en": ["Option A1178", "Option B1178", "Option C1178", "Option D1178"]}, "answerIndex": 2}, {"id": "MA_1127", "section": "Mathematics", "topic": "DI", "difficulty": "moderate", "text": {"en": "[Mathematics/DI] Sample exam-style question #1127: Choose the correct option."}, "options": {"en": ["Option A1127", "Option B1127", "Option C1127", "Option D1127"]}, "answerIndex": 3}, {"id": "RE_1152", "section": "Reasoning", "topic": "Syllogism", "difficulty": "moderate", "text": {"en": "[Reasoning/Syllogism] Sample exam-style question #1152: Choose the correct option."}, "options": {"en": ["Option A1152", "Option B1152", "Option C1152", "Option D1152"]}, "answerIndex": 0}, {"id": "MA_1119", "section": "Mathematics", "topic": "Speed", "difficulty": "moderate", "text": {"en": "[Mathematics/Speed] Sample exam-style question #1119: Choose the correct option."}, "options": {"en": ["Option A1119", "Option B1119", "Option C1119", "Option D1119"]}, "answerIndex": 3}, {"id": "MA_1121", "section": "Mathematics", "topic": "SI", "difficulty": "moderate", "text": {"en": "[Mathematics/SI] Sample exam-style question #1121: Choose the correct option."}, "options": {"en": ["Option A1121", "Option B1121", "Option C1121", "Option D1121"]}, "answerIndex": 1}, {"id": "RE_1144", "section": "Reasoning", "topic": "Direction", "difficulty": "moderate", "text": {"en": "[Reasoning/Direction] Sample exam-style question #1144: Choose the correct option."}, "options": {"en": ["Option A1144", "Option B1144", "Option C1144", "Option D1144"]}, "answerIndex": 0}]}