{"testId": "030", "questions": [{"id": "RE_2952", "section": "Reasoning", "topic": "Syllogism", "difficulty": "moderate", "text": {"en": "[Reasoning/Syllogism] Sample exam-style question #2952: Choose the correct option."}, "options": {"en": ["Option A2952", "Option B2952", "Option C2952", "Option D2952"]}, "answerIndex": 0}, {"id": "GE_2981", "section": "General Awareness", "topic": "Current Affairs", "difficulty": "moderate", "text": {"en": "[General Awareness/Current Affairs] Sample exam-style question #2981: Choose the correct option."}, "options": {"en": ["Option A2981", "Option B2981", "Option C2981", "Option D2981"]}, "answerIndex": 1}, {"id": "MA_2926", "section": "Mathematics", "topic": "Ratio", "difficulty": "moderate", "text": {"en": "[Mathematics/Ratio] Sample exam-style question #2926: Choose the correct option."}, "options": {"en": ["Option A2926", "Option B2926", "Option C2926", "Option D2926"]}, "answerIndex": 2}, {"id": "GE_2971", "section": "General Awareness", "topic": "Economy", "difficulty": "moderate", "text": {"en": "[General Awareness/Economy] Sample exam-style question #2971: Choose the correct option."}, "options": {"en": ["Option A2971", "Option B2971", "Option C2971", "Option D2971"]}, "answerIndex": 3}, {"id": "MA_2905", "section": "Mathematics", "topic": "SI", "difficulty": "moderate", "text": {"en": "[Mathematics/SI] Sample exam-style question #2905: Choose the correct option."}, "options": {"en": ["Option A2905", "Option B2905", "Option C2905", "Option D2905"]}, "answerIndex": 1}, {"id": "GE_2976", "section": "General Awareness", "topic": "Science", "difficulty": "moderate", "text": {"en": "[General Awareness/Science] Sample exam-style question #2976: Choose the correct option."}, "options": {"en": ["Option A2976", "Option B2976", "Option C2976", "Option D2976"]}, "answerIndex": 0}, {"id": "RE_2943", "section": "Reasoning", "topic": "Direction", "difficulty": "moderate", "text": {"en": "[Reasoning/Direction] Sample exam-style question #2943: Choose the correct option."}, "options": {"en": ["Option A2943", "Option B2943", "Option C2943", "Option D2943"]}, "answerIndex": 3}, {"id": "GE_2998", "section": "General Awareness", "topic": "Science", "difficulty": "moderate", "text": {"en": "[General Awareness/Science] Sample exam-style question #2998: Choose the correct option."}, "options": {"en": ["Option A2998", "Option B2998", "Option C2998", "Option D2998"]}, "answerIndex": 2}, {"id": "RE_2934", "section": "Reasoning", "topic": "Coding", "difficulty": "moderate", "text": {"en": "[Reasoning/Coding] Sample exam-style question #2934: Choose the correct option."}, "options": {"en": ["Option A2934", "Option B2934", "Option C2934", "Option D2934"]}, "answerIndex": 2}, {"id": "GE_2979", "section": "General Awareness", "topic": "Current Affairs", "difficulty": "moderate", "text": {"en": "[General Awareness/Current Affairs] Sample exam-style question #2979: Choose the correct option."}, "options": {"en": ["Option A2979", "Option B2979", "Option C2979", "Option D2979"]}, "answerIndex": 3}, {"id": "GE_2965", "section": "General Awareness", "topic": "Geography", "difficulty": "moderate", "text": {"en": "[General Awareness/Geography] Sample exam-style question #2965: Choose the correct option."}, "options": {"en": ["Option A2965", "Option B2965", "Option C2965", "Option D2965"]}, "answerIndex": 1}, {"id": "RE_2953", "section": "Reasoning", "topic": "Direction", "difficulty": "moderate", "text": {"en": "[Reasoning/Direction] Sample exam-style question #2953: Choose the correct option."}, "options": {"en": ["Option A2953", "Option B2953", "Option C2953", "Option D2953"]}, "answerIndex": 1}, {"id": "RE_2942", "section": "Reasoning", "topic": "Series", "difficulty": "moderate", "text": {"en": "[Reasoning/Series] Sample exam-style question #2942: Choose the correct option."}, "options": {"en": ["Option A2942", "Option B2942", "Option C2942", "Option D2942"]}, "answerIndex": 2}, {"id": "MA_2928", "section": "Mathematics", "topic": "Speed", "difficulty": "moderate", "text": {"en": "[Mathematics/Speed] Sample exam-style question #2928: Choose the correct option."}, "options": {"en": ["Option A2928", "Option B2928", "Option C2928", "Option D2928"]}, "answerIndex": 0}, {"id": "GE_2961", "section": "General Awareness", "topic": "Science", "difficulty": "moderate", "text": {"en": "[General Awareness/Science] Sample exam-style question #2961: Choose the correct option."}, "options": {"en": ["Option A2961", "Option B2961", "Option C2961", "Option D2961"]}, "answerIndex": 1}, {"id": "MA_2913", "section": "Mathematics", "topic": "Time&Work", "difficulty": "moderate", "text": {"en": "[Mathematics/Time&Work] Sample exam-style question #2913: Choose the correct option."}, "options": {"en": ["Option A2913", "Option B2913", "Option C2913", "Option D2913"]}, "answerIndex": 1}, {"id": "MA_2909", "section": "Mathematics", "topic": "Time&Work", "difficulty": "moderate", "text": {"en": "[Mathematics/Time&Work] Sample exam-style question #2909: Choose the correct option."}, "options": {"en": ["Option A2909", "Option B2909", "Option C2909", "Option D2909"]}, "answerIndex": 1}, {"id": "RE_2945", "section": "Reasoning", "topic": "Series", "difficulty": "moderate", "text": {"en": "[Reasoning/Series] Sample exam-style question #2945: Choose the correct option."}, "options": {"en": ["Option A2945", "Option B2945", "Option C2945", "Option D2945"]}, "answerIndex": 1}, {"id": "MA_2914", "section": "Mathematics", "topic": "CI", "difficulty": "moderate", "text": {"en": "[Mathematics/CI] Sample exam-style question #2914: Choose the correct option."}, "options": {"en": ["Option A2914", "Option B2914", "Option C2914", "Option D2914"]}, "answerIndex": 2}, {"id": "MA_2929", "section": "Mathematics", "topic": "SI", "difficulty": "moderate", "text": {"en": "[Mathematics/SI] Sample exam-style question #2929: Choose the correct option."}, "options": {"en": ["Option A2929", "Option B2929", "Option C2929", "Option D2929"]}, "answerIndex": 1}, {"id": "GE_2980", "section": "General Awareness", "topic": "Polity", "difficulty": "moderate", "text": {"en": "[General Awareness/Polity] Sample exam-style question #2980: Choose the correct option."}, "options": {"en": ["Option A2980", "Option B2980", "Option C2980", "Option D2980"]}, "answerIndex": 0}, {"id": "RE_2938", "section": "Reasoning", "topic": "Direction", "difficulty": "moderate", "text": {"en": "[Reasoning/Direction] Sample exam-style question #2938: Choose the correct option."}, "options": {"en": ["Option A2938", "Option B2938", "Option C2938", "Option D2938"]}, "answerIndex": 2}, {"id": "MA_2915", "section": "Mathematics", "topic": "SI", "difficulty": "moderate", "text": {"en": "[Mathematics/SI] Sample exam-style question #2915: Choose the correct option."}, "options": {"en": ["Option A2915", "Option B2915", "Option C2915", "Option D2915"]}, "answerIndex": 3}, {"id": "GE_2968", "section": "General Awareness", "topic": "Polity", "difficulty": "moderate", "text": {"en": "[General Awareness/Polity] Sample exam-style question #2968: Choose the correct option."}, "options": {"en": ["Option A2968", "Option B2968", "Option C2968", "Option D2968"]}, "answerIndex": 0}, {"id": "RE_2936", "section": "Reasoning", "topic": "Puzzle", "difficulty": "moderate", "text": {"en": "[Reasoning/Puzzle] Sample exam-style question #2936: Choose the correct option."}, "options": {"en": ["Option A2936", "Option B2936", "Option C2936", "Option D2936"]}, "answerIndex": 0}, {"id": "GE_2982", "section": "General Awareness", "topic": "Geography", "difficulty": "moderate", "text": {"en": "[General Awareness/Geography] Sample exam-style question #2982: Choose the correct option."}, "options": {"en": ["Option A2982", "Option B2982", "Option C2982", "Option D2982"]}, "answerIndex": 2}, {"id": "RE_2935", "section": "Reasoning", "topic": "Coding", "difficulty": "moderate", "text": {"en": "[Reasoning/Coding] Sample exam-style question #2935: Choose the correct option."}, "options": {"en": ["Option A2935", "Option B2935", "Option C2935", "Option D2935"]}, "answerIndex": 3}, {"id": "GE_3000", "section": "General Awareness", "topic": "History", "difficulty": "moderate", "text": {"en": "[General Awareness/History] Sample exam-style question #3000: Choose the correct option."}, "options": {"en": ["Option A3000", "Option B3000", "Option C3000", "Option D3000"]}, "answerIndex": 0}, {"id": "MA_2922", "section": "Mathematics", "topic": "CI", "difficulty": "moderate", "text": {"en": "[Mathematics/CI] Sample exam-style question #2922: Choose the correct option."}, "options": {"en": ["Option A2922", "Option B2922", "Option C2922", "Option D2922"]}, "answerIndex": 2}, {"id": "GE_2970", "section": "General Awareness", "topic": "Polity", "difficulty": "moderate", "text": {"en": "[General Awareness/Polity] Sample exam-style question #2970: Choose the correct option."}, "options": {"en": ["Option A2970", "Option B2970", "Option C2970", "Option D2970"]}, "answerIndex": 2}, {"id": "GE_2967", "section": "General Awareness", "topic": "History", "difficulty": "moderate", "text": {"en": "[General Awareness/History] Sample exam-style question #2967: Choose the correct option."}, "options": {"en": ["Option A2967", "Option B2967", "Option C2967", "Option D2967"]}, "answerIndex": 3}, {"id": "RE_2931", "section": "Reasoning", "topic": "Syllogism", "difficulty": "moderate", "text": {"en": "[Reasoning/Syllogism] Sample exam-style question #2931: Choose the correct option."}, "options": {"en": ["Option A2931", "Option B2931", "Option C2931", "Option D2931"]}, "answerIndex": 3}, {"id": "MA_2904", "section": "Mathematics", "topic": "SI", "difficulty": "moderate", "text": {"en": "[Mathematics/SI] Sample exam-style question #2904: Choose the correct option."}, "options": {"en": ["Option A2904", "Option B2904", "Option C2904", "Option D2904"]}, "answerIndex": 0}, {"id": "RE_2933", "section": "Reasoning", "topic": "Analogy", "difficulty": "moderate", "text": {"en": "[Reasoning/Analogy] Sample exam-style question #2933: Choose the correct option."}, "options": {"en": ["Option A2933", "Option B2933", "Option C2933", "Option D2933"]}, "answerIndex": 1}, {"id": "RE_2954", "section": "Reasoning", "topic": "Coding", "difficulty": "moderate", "text": {"en": "[Reasoning/Coding] Sample exam-style question #2954: Choose the correct option."}, "options": {"en": ["Option A2954", "Option B2954", "Option C2954", "Option D2954"]}, "answerIndex": 2}, {"id": "GE_2991", "section": "General Awareness", "topic": "Current Affairs", "difficulty": "moderate", "text": {"en": "[General Awareness/Current Affairs] Sample exam-style question #2991: Choose the correct option."}, "options": {"en": ["Option A2991", "Option B2991", "Option C2991", "Option D2991"]}, "answerIndex": 3}, {"id": "MA_2930", "section": "Mathematics", "topic": "DI", "difficulty": "moderate", "text": {"en": "[Mathematics/DI] Sample exam-style question #2930: Choose the correct option."}, "options": {"en": ["Option A2930", "Option B2930", "Option C2930", "Option D2930"]}, "answerIndex": 2}, {"id": "GE_2978", "section": "General Awareness", "topic": "Geography", "difficulty": "moderate", "text": {"en": "[General Awareness/Geography] Sample exam-style question #2978: Choose the correct option."}, "options": {"en": ["Option A2978", "Option B2978", "Option C2978", "Option D2978"]}, "answerIndex": 2}, {"id": "MA_2920", "section": "Mathematics", "topic": "Ratio", "difficulty": "moderate", "text": {"en": "[Mathematics/Ratio] Sample exam-style question #2920: Choose the correct option."}, "options": {"en": ["Option A2920", "Option B2920", "Option C2920", "Option D2920"]}, "answerIndex": 0}, {"id": "MA_2923", "section": "Mathematics", "topic": "Speed", "difficulty": "moderate", "text": {"en": "[Mathematics/Speed] Sample exam-style question #2923: Choose the correct option."}, "options": {"en": ["Option A2923", "Option B2923", "Option C2923", "Option D2923"]}, "answerIndex": 3}, {"id": "GE_2989", "section": "General Awareness", "topic": "History", "difficulty": "moderate", "text": {"en": "[General Awareness/History] Sample exam-style question #2989: Choose the correct option."}, "options": {"en": ["Option A2989", "Option B2989", "Option C2989", "Option D2989"]}, "answerIndex": 1}, {"id": "MA_2918", "section": "Mathematics", "topic": "Percentage", "difficulty": "moderate", "text": {"en": "[Mathematics/Percentage] Sample exam-style question #2918: Choose the correct option."}, "options": {"en": ["Option A2918", "Option B2918", "Option C2918", "Option D2918"]}, "answerIndex": 2}, {"id": "MA_2927", "section": "Mathematics", "topic": "Percentage", "difficulty": "moderate", "text": {"en": "[Mathematics/Percentage] Sample exam-style question #2927: Choose the correct option."}, "options": {"en": ["Option A2927", "Option B2927", "Option C2927", "Option D2927"]}, "answerIndex": 3}, {"id": "GE_2986", "section": "General Awareness", "topic": "History", "difficulty": "moderate", "text": {"en": "[General Awareness/History] Sample exam-style question #2986: Choose the correct option."}, "options": {"en": ["Option A2986", "Option B2986", "Option C2986", "Option D2986"]}, "answerIndex": 2}, {"id": "GE_2983", "section": "General Awareness", "topic": "Geography", "difficulty": "moderate", "text": {"en": "[General Awareness/Geography] Sample exam-style question #2983: Choose the correct option."}, "options": {"en": ["Option A2983", "Option B2983", "Option C2983", "Option D2983"]}, "answerIndex": 3}, {"id": "RE_2959", "section": "Reasoning", "topic": "Puzzle", "difficulty": "moderate", "text": {"en": "[Reasoning/Puzzle] Sample exam-style question #2959: Choose the correct option."}, "options": {"en": ["Option A2959", "Option B2959", "Option C2959", "Option D2959"]}, "answerIndex": 3}, {"id": "MA_2912", "section": "Mathematics", "topic": "DI", "difficulty": "moderate", "text": {"en": "[Mathematics/DI] Sample exam-style question #2912: Choose the correct option."}, "options": {"en": ["Option A2912", "Option B2912", "Option C2912", "Option D2912"]}, "answerIndex": 0}, {"id": "GE_2973", "section": "General Awareness", "topic": "History", "difficulty": "moderate", "text": {"en": "[General Awareness/History] Sample exam-style question #2973: Choose the correct option."}, "options": {"en": ["Option A2973", "Option B2973", "Option C2973", "Option D2973"]}, "answerIndex": 1}, {"id": "GE_2964", "section": "General Awareness", "topic": "Current Affairs", "difficulty": "moderate", "text": {"en": "[General Awareness/Current Affairs] Sample exam-style question #2964: Choose the correct option."}, "options": {"en": ["Option A2964", "Option B2964", "Option C2964", "Option D2964"]}, "answerIndex": 0}, {"id": "RE_2940", "section": "Reasoning", "topic": "Puzzle", "difficulty": "moderate", "text": {"en": "[Reasoning/Puzzle] Sample exam-style question #2940: Choose the correct option."}, "options": {"en": ["Option A2940", "Option B2940", "Option C2940", "Option D2940"]}, "answerIndex": 0}, {"id": "GE_2972", "section": "General Awareness", "topic": "Geography", "difficulty": "moderate", "text": {"en": "[General Awareness/Geography] Sample exam-style question #2972: Choose the correct option."}, "options": {"en": ["Option A2972", "Option B2972", "Option C2972", "Option D2972"]}, "answerIndex": 0}, {"id": "MA_2924", "section": "Mathematics", "topic": "SI", "difficulty": "moderate", "text": {"en": "[Mathematics/SI] Sample exam-style question #2924: Choose the correct option."}, "options": {"en": ["Option A2924", "Option B2924", "Option C2924", "Option D2924"]}, "answerIndex": 0}, {"id": "MA_2916", "section": "Mathematics", "topic": "Ratio", "difficulty": "moderate", "text": {"en": "[Mathematics/Ratio] Sample exam-style question #2916: Choose the correct option."}, "options": {"en": ["Option A2916", "Option B2916", "Option C2916", "Option D2916"]}, "answerIndex": 0}, {"id": "GE_2987", "section": "General Awareness", "topic": "History", "difficulty": "moderate", "text": {"en": "[General Awareness/History] Sample exam-style question #2987: Choose the correct option."}, "options": {"en": ["Option A2987", "Option B2987", "Option C2987", "Option D2987"]}, "answerIndex": 3}, {"id": "GE_2990", "section": "General Awareness", "topic": "Economy", "difficulty": "moderate", "text": {"en": "[General Awareness/Economy] Sample exam-style question #2990: Choose the correct option."}, "options": {"en": ["Option A2990", "Option B2990", "Option C2990", "Option D2990"]}, "answerIndex": 2}, {"id": "GE_2963", "section": "General Awareness", "topic": "Geography", "difficulty": "moderate", "text": {"en": "[General Awareness/Geography] Sample exam-style question #2963: Choose the correct option."}, "options": {"en": ["Option A2963", "Option B2963", "Option C2963", "Option D2963"]}, "answerIndex": 3}, {"id": "RE_2960", "section": "Reasoning", "topic": "Analogy", "difficulty": "moderate", "text": {"en": "[Reasoning/Analogy] Sample exam-style question #2960: Choose the correct option."}, "options": {"en": ["Option A2960", "Option B2960", "Option C2960", "Option D2960"]}, "answerIndex": 0}, {"id": "GE_2962", "section": "General Awareness", "topic": "Polity", "difficulty": "moderate", "text": {"en": "[General Awareness/Polity] Sample exam-style question #2962: Choose the correct option."}, "options": {"en": ["Option A2962", "Option B2962", "Option C2962", "Option D2962"]}, "answerIndex": 2}, {"id": "MA_2903", "section": "Mathematics", "topic": "Percentage", "difficulty": "moderate", "text": {"en": "[Mathematics/Percentage] Sample exam-style question #2903: Choose the correct option."}, "options": {"en": ["Option A2903", "Option B2903", "Option C2903", "Option D2903"]}, "answerIndex": 3}, {"id": "RE_2944", "section": "Reasoning", "topic": "Analogy", "difficulty": "moderate", "text": {"en": "[Reasoning/Analogy] Sample exam-style question #2944: Choose the correct option."}, "options": {"en": ["Option A2944", "Option B2944", "Option C2944", "Option D2944"]}, "answerIndex": 0}, {"id": "GE_2993", "section": "General Awareness", "topic": "Geography", "difficulty": "moderate", "text": {"en": "[General Awareness/Geography] Sample exam-style question #2993: Choose the correct option."}, "options": {"en": ["Option A2993", "Option B2993", "Option C2993", "Option D2993"]}, "answerIndex": 1}, {"id": "GE_2969", "section": "General Awareness", "topic": "Current Affairs", "difficulty": "moderate", "text": {"en": "[General Awareness/Current Affairs] Sample exam-style question #2969: Choose the correct option."}, "options": {"en": ["Option A2969", "Option B2969", "Option C2969", "Option D2969"]}, "answerIndex": 1}, {"id": "MA_2911", "section": "Mathematics", "topic": "Ratio", "difficulty": "moderate", "text": {"en": "[Mathematics/Ratio] Sample exam-style question #2911: Choose the correct option."}, "options": {"en": ["Option A2911", "Option B2911", "Option C2911", "Option D2911"]}, "answerIndex": 3}, {"id": "RE_2950", "section": "Reasoning", "topic": "Coding", "difficulty": "moderate", "text": {"en": "[Reasoning/Coding] Sample exam-style question #2950: Choose the correct option."}, "options": {"en": ["Option A2950", "Option B2950", "Option C2950", "Option D2950"]}, "answerIndex": 2}, {"id": "RE_2946", "section": "Reasoning", "topic": "Coding", "difficulty": "moderate", "text": {"en": "[Reasoning/Coding] Sample exam-style question #2946: Choose the correct option."}, "options": {"en": ["Option A2946", "Option B2946", "Option C2946", "Option D2946"]}, "answerIndex": 2}, {"id": "GE_2974", "section": "General Awareness", "topic": "Economy", "difficulty": "moderate", "text": {"en": "[General Awareness/Economy] Sample exam-style question #2974: Choose the correct option."}, "options": {"en": ["Option A2974", "Option B2974", "Option C2974", "Option D2974"]}, "answerIndex": 2}, {"id": "RE_2957", "section": "Reasoning", "topic": "Syllogism", "difficulty": "moderate", "text": {"en": "[Reasoning/Syllogism] Sample exam-style question #2957: Choose the correct option."}, "options": {"en": ["Option A2957", "Option B2957", "Option C2957", "Option D2957"]}, "answerIndex": 1}, {"id": "RE_2941", "section": "Reasoning", "topic": "Syllogism", "difficulty": "moderate", "text": {"en": "[Reasoning/Syllogism] Sample exam-style question #2941: Choose the correct option."}, "options": {"en": ["Option A2941", "Option B2941", "Option C2941", "Option D2941"]}, "answerIndex": 1}, {"id": "RE_2949", "section": "Reasoning", "topic": "Syllogism", "difficulty": "moderate", "text": {"en": "[Reasoning/Syllogism] Sample exam-style question #2949: Choose the correct option."}, "options": {"en": ["Option A2949", "Option B2949", "Option C2949", "Option D2949"]}, "answerIndex": 1}, {"id": "GE_2996", "section": "General Awareness", "topic": "Science", "difficulty": "moderate", "text": {"en": "[General Awareness/Science] Sample exam-style question #2996: Choose the correct option."}, "options": {"en": ["Option A2996", "Option B2996", "Option C2996", "Option D2996"]}, "answerIndex": 0}, {"id": "MA_2917", "section": "Mathematics", "topic": "DI", "difficulty": "moderate", "text": {"en": "[Mathematics/DI] Sample exam-style question #2917: Choose the correct option."}, "options": {"en": ["Option A2917", "Option B2917", "Option C2917", "Option D2917"]}, "answerIndex": 1}, {"id": "MA_2906", "section": "Mathematics", "topic": "CI", "difficulty": "moderate", "text": {"en": "[Mathematics/CI] Sample exam-style question #2906: Choose the correct option."}, "options": {"en": ["Option A2906", "Option B2906", "Option C2906", "Option D2906"]}, "answerIndex": 2}, {"id": "RE_2932", "section": "Reasoning", "topic": "Puzzle", "difficulty": "moderate", "text": {"en": "[Reasoning/Puzzle] Sample exam-style question #2932: Choose the correct option."}, "options": {"en": ["Option A2932", "Option B2932", "Option C2932", "Option D2932"]}, "answerIndex": 0}, {"id": "GE_2992", "section": "General Awareness", "topic": "Science", "difficulty": "moderate", "text": {"en": "[General Awareness/Science] Sample exam-style question #2992: Choose the correct option."}, "options": {"en": ["Option A2992", "Option B2992", "Option C2992", "Option D2992"]}, "answerIndex": 0}, {"id": "RE_2948", "section": "Reasoning", "topic": "Direction", "difficulty": "moderate", "text": {"en": "[Reasoning/Direction] Sample exam-style question #2948: Choose the correct option."}, "options": {"en": ["Option A2948", "Option B2948", "Option C2948", "Option D2948"]}, "answerIndex": 0}, {"id": "MA_2907", "section": "Mathematics", "topic": "Speed", "difficulty": "moderate", "text": {"en": "[Mathematics/Speed] Sample exam-style question #2907: Choose the correct option."}, "options": {"en": ["Option A2907", "Option B2907", "Option C2907", "Option D2907"]}, "answerIndex": 3}, {"id": "RE_2956", "section": "Reasoning", "topic": "Syllogism", "difficulty": "moderate", "text": {"en": "[Reasoning/Syllogism] Sample exam-style question #2956: Choose the correct option."}, "options": {"en": ["Option A2956", "Option B2956", "Option C2956", "Option D2956"]}, "answerIndex": 0}, {"id": "RE_2937", "section": "Reasoning", "topic": "Analogy", "difficulty": "moderate", "text": {"en": "[Reasoning/Analogy] Sample exam-style question #2937: Choose the correct option."}, "options": {"en": ["Option A2937", "Option B2937", "Option C2937", "Option D2937"]}, "answerIndex": 1}, {"id": "GE_2999", "section": "General Awareness", "topic": "Current Affairs", "difficulty": "moderate", "text": {"en": "[General Awareness/Current Affairs] Sample exam-style question #2999: Choose the correct option."}, "options": {"en": ["Option A2999", "Option B2999", "Option C2999", "Option D2999"]}, "answerIndex": 3}, {"id": "RE_2947", "section": "Reasoning", "topic": "Coding", "difficulty": "moderate", "text": {"en": "[Reasoning/Coding] Sample exam-style question #2947: Choose the correct option."}, "options": {"en": ["Option A2947", "Option B2947", "Option C2947", "Option D2947"]}, "answerIndex": 3}, {"id": "RE_2939", "section": "Reasoning", "topic": "Direction", "difficulty": "moderate", "text": {"en": "[Reasoning/Direction] Sample exam-style question #2939: Choose the correct option."}, "options": {"en": ["Option A2939", "Option B2939", "Option C2939", "Option D2939"]}, "answerIndex": 3}, {"id": "MA_2902", "section": "Mathematics", "topic": "Time&Work", "difficulty": "moderate", "text": {"en": "[Mathematics/Time&Work] Sample exam-style question #2902: Choose the correct option."}, "options": {"en": ["Option A2902", "Option B2902", "Option C2902", "Option D2902"]}, "answerIndex": 2}, {"id": "GE_2997", "section": "General Awareness", "topic": "Economy", "difficulty": "moderate", "text": {"en": "[General Awareness/Economy] Sample exam-style question #2997: Choose the correct option."}, "options": {"en": ["Option A2997", "Option B2997", "Option C2997", "Option D2997"]}, "answerIndex": 1}, {"id": "GE_2988", "section": "General Awareness", "topic": "Economy", "difficulty": "moderate", "text": {"en": "[General Awareness/Economy] Sample exam-style question #2988: Choose the correct option."}, "options": {"en": ["Option A2988", "Option B2988", "Option C2988", "Option D2988"]}, "answerIndex": 0}, {"id": "GE_2975", "section": "General Awareness", "topic": "Current Affairs", "difficulty": "moderate", "text": {"en": "[General Awareness/Current Affairs] Sample exam-style question #2975: Choose the correct option."}, "options": {"en": ["Option A2975", "Option B2975", "Option C2975", "Option D2975"]}, "answerIndex": 3}, {"id": "MA_2901", "section": "Mathematics", "topic": "Time&Work", "difficulty": "moderate", "text": {"en": "[Mathematics/Time&Work] Sample exam-style question #2901: Choose the correct option."}, "options": {"en": ["Option A2901", "Option B2901", "Option C2901", "Option D2901"]}, "answerIndex": 1}, {"id": "GE_2995", "section": "General Awareness", "topic": "Current Affairs", "difficulty": "moderate", "text": {"en": "[General Awareness/Current Affairs] Sample exam-style question #2995: Choose the correct option."}, "options": {"en": ["Option A2995", "Option B2995", "Option C2995", "Option D2995"]}, "answerIndex": 3}, {"id": "MA_2919", "section": "Mathematics", "topic": "SI", "difficulty": "moderate", "text": {"en": "[Mathematics/SI] Sample exam-style question #2919: Choose the correct option."}, "options": {"en": ["Option A2919", "Option B2919", "Option C2919", "Option D2919"]}, "answerIndex": 3}, {"id": "GE_2985", "section": "General Awareness", "topic": "History", "difficulty": "moderate", "text": {"en": "[General Awareness/History] Sample exam-style question #2985: Choose the correct option."}, "options": {"en": ["Option A2985", "Option B2985", "Option C2985", "Option D2985"]}, "answerIndex": 1}, {"id": "GE_2994", "section": "General Awareness", "topic": "Economy", "difficulty": "moderate", "text": {"en": "[General Awareness/Economy] Sample exam-style question #2994: Choose the correct option."}, "options": {"en": ["Option A2994", "Option B2994", "Option C2994", "Option D2994"]}, "answerIndex": 2}, {"id": "MA_2910", "section": "Mathematics", "topic": "CI", "difficulty": "moderate", "text": {"en": "[Mathematics/CI] Sample exam-style question #2910: Choose the correct option."}, "options": {"en": ["Option A2910", "Option B2910", "Option C2910", "Option D2910"]}, "answerIndex": 2}, {"id": "RE_2951", "section": "Reasoning", "topic": "Series", "difficulty": "moderate", "text": {"en": "[Reasoning/Series] Sample exam-style question #2951: Choose the correct option."}, "options": {"en": ["Option A2951", "Option B2951", "Option C2951", "Option D2951"]}, "answerIndex": 3}, {"id": "GE_2966", "section": "General Awareness", "topic": "Current Affairs", "difficulty": "moderate", "text": {"en": "[General Awareness/Current Affairs] Sample exam-style question #2966: Choose the correct option."}, "options": {"en": ["Option A2966", "Option B2966", "Option C2966", "Option D2966"]}, "answerIndex": 2}, {"id": "RE_2958", "section": "Reasoning", "topic": "Syllogism", "difficulty": "moderate", "text": {"en": "[Reasoning/Syllogism] Sample exam-style question #2958: Choose the correct option."}, "options": {"en": ["Option A2958", "Option B2958", "Option C2958", "Option D2958"]}, "answerIndex": 2}, {"id": "MA_2925", "section": "Mathematics", "topic": "Speed", "difficulty": "moderate", "text": {"en": "[Mathematics/Speed] Sample exam-style question #2925: Choose the correct option."}, "options": {"en": ["Option A2925", "Option B2925", "Option C2925", "Option D2925"]}, "answerIndex": 1}, {"id": "GE_2984", "section": "General Awareness", "topic": "Science", "difficulty": "moderate", "text": {"en": "[General Awareness/Science] Sample exam-style question #2984: Choose the correct option."}, "options": {"en": ["Option A2984", "Option B2984", "Option C2984", "Option D2984"]}, "answerIndex": 0}, {"id": "MA_2921", "section": "Mathematics", "topic": "Speed", "difficulty": "moderate", "text": {"en": "[Mathematics/Speed] Sample exam-style question #2921: Choose the correct option."}, "options": {"en": ["Option A2921", "Option B2921", "Option C2921", "Option D2921"]}, "answerIndex": 1}, {"id": "GE_2977", "section": "General Awareness", "topic": "Current Affairs", "difficulty": "moderate", "text": {"en": "[General Awareness/Current Affairs] Sample exam-style question #2977: Choose the correct option."}, "options": {"en": ["Option A2977", "Option B2977", "Option C2977", "Option D2977"]}, "answerIndex": 1}, {"id": "RE_2955", "section": "Reasoning", "topic": "Direction", "difficulty": "moderate", "text": {"en": "[Reasoning/Direction] Sample exam-style question #2955: Choose the correct option."}, "options": {"en": ["Option A2955", "Option B2955", "Option C2955", "Option D2955"]}, "answerIndex": 3}, {"id": "MA_2908", "section": "Mathematics", "topic": "Time&Work", "difficulty": "moderate", "text": {"en": "[Mathematics/Time&Work] Sample exam-style question #2908: Choose the correct option."}, "options": {"en": ["Option A2908", "Option B2908", "Option C2908", "Option D2908"]}, "answerIndex": 0}]}