{"testId": "019", "questions": [{"id": "MA_1818", "section": "Mathematics", "topic": "DI", "difficulty": "moderate", "text": {"en": "[Mathematics/DI] Sample exam-style question #1818: Choose the correct option."}, "options": {"en": ["Option A1818", "Option B1818", "Option C1818", "Option D1818"]}, "answerIndex": 2}, {"id": "GE_1889", "section": "General Awareness", "topic": "Economy", "difficulty": "moderate", "text": {"en": "[General Awareness/Economy] Sample exam-style question #1889: Choose the correct option."}, "options": {"en": ["Option A1889", "Option B1889", "Option C1889", "Option D1889"]}, "answerIndex": 1}, {"id": "RE_1859", "section": "Reasoning", "topic": "Series", "difficulty": "moderate", "text": {"en": "[Reasoning/Series] Sample exam-style question #1859: Choose the correct option."}, "options": {"en": ["Option A1859", "Option B1859", "Option C1859", "Option D1859"]}, "answerIndex": 3}, {"id": "RE_1832", "section": "Reasoning", "topic": "Coding", "difficulty": "moderate", "text": {"en": "[Reasoning/Coding] Sample exam-style question #1832: Choose the correct option."}, "options": {"en": ["Option A1832", "Option B1832", "Option C1832", "Option D1832"]}, "answerIndex": 0}, {"id": "GE_1898", "section": "General Awareness", "topic": "Current Affairs", "difficulty": "moderate", "text": {"en": "[General Awareness/Current Affairs] Sample exam-style question #1898: Choose the correct option."}, "options": {"en": ["Option A1898", "Option B1898", "Option C1898", "Option D1898"]}, "answerIndex": 2}, {"id": "RE_1835", "section": "Reasoning", "topic": "Syllogism", "difficulty": "moderate", "text": {"en": "[Reasoning/Syllogism] Sample exam-style question #1835: Choose the correct option."}, "options": {"en": ["Option A1835", "Option B1835", "Option C1835", "Option D1835"]}, "answerIndex": 3}, {"id": "RE_1848", "section": "Reasoning", "topic": "Direction", "difficulty": "moderate", "text": {"en": "[Reasoning/Direction] Sample exam-style question #1848: Choose the correct option."}, "options": {"en": ["Option A1848", "Option B1848", "Option C1848", "Option D1848"]}, "answerIndex": 0}, {"id": "RE_1841", "section": "Reasoning", "topic": "Puzzle", "difficulty": "moderate", "text": {"en": "[Reasoning/Puzzle] Sample exam-style question #1841: Choose the correct option."}, "options": {"en": ["Option A1841", "Option B1841", "Option C1841", "Option D1841"]}, "answerIndex": 1}, {"id": "GE_1863", "section": "General Awareness", "topic": "Economy", "difficulty": "moderate", "text": {"en": "[General Awareness/Economy] Sample exam-style question #1863: Choose the correct option."}, "options": {"en": ["Option A1863", "Option B1863", "Option C1863", "Option D1863"]}, "answerIndex": 3}, {"id": "GE_1894", "section": "General Awareness", "topic": "Geography", "difficulty": "moderate", "text": {"en": "[General Awareness/Geography] Sample exam-style question #1894: Choose the correct option."}, "options": {"en": ["Option A1894", "Option B1894", "Option C1894", "Option D1894"]}, "answerIndex": 2}, {"id": "MA_1811", "section": "Mathematics", "topic": "DI", "difficulty": "moderate", "text": {"en": "[Mathematics/DI] Sample exam-style question #1811: Choose the correct option."}, "options": {"en": ["Option A1811", "Option B1811", "Option C1811", "Option D1811"]}, "answerIndex": 3}, {"id": "GE_1884", "section": "General Awareness", "topic": "Economy", "difficulty": "moderate", "text": {"en": "[General Awareness/Economy] Sample exam-style question #1884: Choose the correct option."}, "options": {"en": ["Option A1884", "Option B1884", "Option C1884", "Option D1884"]}, "answerIndex": 0}, {"id": "MA_1810", "section": "Mathematics", "topic": "SI", "difficulty": "moderate", "text": {"en": "[Mathematics/SI] Sample exam-style question #1810: Choose the correct option."}, "options": {"en": ["Option A1810", "Option B1810", "Option C1810", "Option D1810"]}, "answerIndex": 2}, {"id": "RE_1839", "section": "Reasoning", "topic": "Analogy", "difficulty": "moderate", "text": {"en": "[Reasoning/Analogy] Sample exam-style question #1839: Choose the correct option."}, "options": {"en": ["Option A1839", "Option B1839", "Option C1839", "Option D1839"]}, "answerIndex": 3}, {"id": "GE_1874", "section": "General Awareness", "topic": "Polity", "difficulty": "moderate", "text": {"en": "[General Awareness/Polity] Sample exam-style question #1874: Choose the correct option."}, "options": {"en": ["Option A1874", "Option B1874", "Option C1874", "Option D1874"]}, "answerIndex": 2}, {"id": "MA_1809", "section": "Mathematics", "topic": "Speed", "difficulty": "moderate", "text": {"en": "[Mathematics/Speed] Sample exam-style question #1809: Choose the correct option."}, "options": {"en": ["Option A1809", "Option B1809", "Option C1809", "Option D1809"]}, "answerIndex": 1}, {"id": "GE_1865", "section": "General Awareness", "topic": "History", "difficulty": "moderate", "text": {"en": "[General Awareness/History] Sample exam-style question #1865: Choose the correct option."}, "options": {"en": ["Option A1865", "Option B1865", "Option C1865", "Option D1865"]}, "answerIndex": 1}, {"id": "RE_1836", "section": "Reasoning", "topic": "Direction", "difficulty": "moderate", "text": {"en": "[Reasoning/Direction] Sample exam-style question #1836: Choose the correct option."}, "options": {"en": ["Option A1836", "Option B1836", "Option C1836", "Option D1836"]}, "answerIndex": 0}, {"id": "MA_1826", "section": "Mathematics", "topic": "CI", "difficulty": "moderate", "text": {"en": "[Mathematics/CI] Sample exam-style question #1826: Choose the correct option."}, "options": {"en": ["Option A1826", "Option B1826", "Option C1826", "Option D1826"]}, "answerIndex": 2}, {"id": "GE_1896", "section": "General Awareness", "topic": "Science", "difficulty": "moderate", "text": {"en": "[General Awareness/Science] Sample exam-style question #1896: Choose the correct option."}, "options": {"en": ["Option A1896", "Option B1896", "Option C1896", "Option D1896"]}, "answerIndex": 0}, {"id": "RE_1840", "section": "Reasoning", "topic": "Analogy", "difficulty": "moderate", "text": {"en": "[Reasoning/Analogy] Sample exam-style question #1840: Choose the correct option."}, "options": {"en": ["Option A1840", "Option B1840", "Option C1840", "Option D1840"]}, "answerIndex": 0}, {"id": "GE_1871", "section": "General Awareness", "topic": "Science", "difficulty": "moderate", "text": {"en": "[General Awareness/Science] Sample exam-style question #1871: Choose the correct option."}, "options": {"en": ["Option A1871", "Option B1871", "Option C1871", "Option D1871"]}, "answerIndex": 3}, {"id": "MA_1817", "section": "Mathematics", "topic": "Ratio", "difficulty": "moderate", "text": {"en": "[Mathematics/Ratio] Sample exam-style question #1817: Choose the correct option."}, "options": {"en": ["Option A1817", "Option B1817", "Option C1817", "Option D1817"]}, "answerIndex": 1}, {"id": "MA_1803", "section": "Mathematics", "topic": "CI", "difficulty": "moderate", "text": {"en": "[Mathematics/CI] Sample exam-style question #1803: Choose the correct option."}, "options": {"en": ["Option A1803", "Option B1803", "Option C1803", "Option D1803"]}, "answerIndex": 3}, {"id": "MA_1802", "section": "Mathematics", "topic": "CI", "difficulty": "moderate", "text": {"en": "[Mathematics/CI] Sample exam-style question #1802: Choose the correct option."}, "options": {"en": ["Option A1802", "Option B1802", "Option C1802", "Option D1802"]}, "answerIndex": 2}, {"id": "MA_1820", "section": "Mathematics", "topic": "Percentage", "difficulty": "moderate", "text": {"en": "[Mathematics/Percentage] Sample exam-style question #1820: Choose the correct option."}, "options": {"en": ["Option A1820", "Option B1820", "Option C1820", "Option D1820"]}, "answerIndex": 0}, {"id": "GE_1873", "section": "General Awareness", "topic": "Geography", "difficulty": "moderate", "text": {"en": "[General Awareness/Geography] Sample exam-style question #1873: Choose the correct option."}, "options": {"en": ["Option A1873", "Option B1873", "Option C1873", "Option D1873"]}, "answerIndex": 1}, {"id": "GE_1875", "section": "General Awareness", "topic": "Economy", "difficulty": "moderate", "text": {"en": "[General Awareness/Economy] Sample exam-style question #1875: Choose the correct option."}, "options": {"en": ["Option A1875", "Option B1875", "Option C1875", "Option D1875"]}, "answerIndex": 3}, {"id": "GE_1900", "section": "General Awareness", "topic": "Polity", "difficulty": "moderate", "text": {"en": "[General Awareness/Polity] Sample exam-style question #1900: Choose the correct option."}, "options": {"en": ["Option A1900", "Option B1900", "Option C1900", "Option D1900"]}, "answerIndex": 0}, {"id": "MA_1801", "section": "Mathematics", "topic": "Ratio", "difficulty": "moderate", "text": {"en": "[Mathematics/Ratio] Sample exam-style question #1801: Choose the correct option."}, "options": {"en": ["Option A1801", "Option B1801", "Option C1801", "Option D1801"]}, "answerIndex": 1}, {"id": "RE_1854", "section": "Reasoning", "topic": "Coding", "difficulty": "moderate", "text": {"en": "[Reasoning/Coding] Sample exam-style question #1854: Choose the correct option."}, "options": {"en": ["Option A1854", "Option B1854", "Option C1854", "Option D1854"]}, "answerIndex": 2}, {"id": "MA_1823", "section": "Mathematics", "topic": "SI", "difficulty": "moderate", "text": {"en": "[Mathematics/SI] Sample exam-style question #1823: Choose the correct option."}, "options": {"en": ["Option A1823", "Option B1823", "Option C1823", "Option D1823"]}, "answerIndex": 3}, {"id": "MA_1808", "section": "Mathematics", "topic": "SI", "difficulty": "moderate", "text": {"en": "[Mathematics/SI] Sample exam-style question #1808: Choose the correct option."}, "options": {"en": ["Option A1808", "Option B1808", "Option C1808", "Option D1808"]}, "answerIndex": 0}, {"id": "RE_1851", "section": "Reasoning", "topic": "Series", "difficulty": "moderate", "text": {"en": "[Reasoning/Series] Sample exam-style question #1851: Choose the correct option."}, "options": {"en": ["Option A1851", "Option B1851", "Option C1851", "Option D1851"]}, "answerIndex": 3}, {"id": "MA_1815", "section": "Mathematics", "topic": "Percentage", "difficulty": "moderate", "text": {"en": "[Mathematics/Percentage] Sample exam-style question #1815: Choose the correct option."}, "options": {"en": ["Option A1815", "Option B1815", "Option C1815", "Option D1815"]}, "answerIndex": 3}, {"id": "GE_1890", "section": "General Awareness", "topic": "Geography", "difficulty": "moderate", "text": {"en": "[General Awareness/Geography] Sample exam-style question #1890: Choose the correct option."}, "options": {"en": ["Option A1890", "Option B1890", "Option C1890", "Option D1890"]}, "answerIndex": 2}, {"id": "GE_1867", "section": "General Awareness", "topic": "Science", "difficulty": "moderate", "text": {"en": "[General Awareness/Science] Sample exam-style question #1867: Choose the correct option."}, "options": {"en": ["Option A1867", "Option B1867", "Option C1867", "Option D1867"]}, "answerIndex": 3}, {"id": "GE_1897", "section": "General Awareness", "topic": "Economy", "difficulty": "moderate", "text": {"en": "[General Awareness/Economy] Sample exam-style question #1897: Choose the correct option."}, "options": {"en": ["Option A1897", "Option B1897", "Option C1897", "Option D1897"]}, "answerIndex": 1}, {"id": "RE_1855", "section": "Reasoning", "topic": "Coding", "difficulty": "moderate", "text": {"en": "[Reasoning/Coding] Sample exam-style question #1855: Choose the correct option."}, "options": {"en": ["Option A1855", "Option B1855", "Option C1855", "Option D1855"]}, "answerIndex": 3}, {"id": "GE_1899", "section": "General Awareness", "topic": "Geography", "difficulty": "moderate", "text": {"en": "[General Awareness/Geography] Sample exam-style question #1899: Choose the correct option."}, "options": {"en": ["Option A1899", "Option B1899", "Option C1899", "Option D1899"]}, "answerIndex": 3}, {"id": "GE_1891", "section": "General Awareness", "topic": "Polity", "difficulty": "moderate", "text": {"en": "[General Awareness/Polity] Sample exam-style question #1891: Choose the correct option."}, "options": {"en": ["Option A1891", "Option B1891", "Option C1891", "Option D1891"]}, "answerIndex": 3}, {"id": "RE_1847", "section": "Reasoning", "topic": "Coding", "difficulty": "moderate", "text": {"en": "[Reasoning/Coding] Sample exam-style question #1847: Choose the correct option."}, "options": {"en": ["Option A1847", "Option B1847", "Option C1847", "Option D1847"]}, "answerIndex": 3}, {"id": "GE_1883", "section": "General Awareness", "topic": "Science", "difficulty": "moderate", "text": {"en": "[General Awareness/Science] Sample exam-style question #1883: Choose the correct option."}, "options": {"en": ["Option A1883", "Option B1883", "Option C1883", "Option D1883"]}, "answerIndex": 3}, {"id": "MA_1827", "section": "Mathematics", "topic": "CI", "difficulty": "moderate", "text": {"en": "[Mathematics/CI] Sample exam-style question #1827: Choose the correct option."}, "options": {"en": ["Option A1827", "Option B1827", "Option C1827", "Option D1827"]}, "answerIndex": 3}, {"id": "MA_1812", "section": "Mathematics", "topic": "Time&Work", "difficulty": "moderate", "text": {"en": "[Mathematics/Time&Work] Sample exam-style question #1812: Choose the correct option."}, "options": {"en": ["Option A1812", "Option B1812", "Option C1812", "Option D1812"]}, "answerIndex": 0}, {"id": "GE_1895", "section": "General Awareness", "topic": "History", "difficulty": "moderate", "text": {"en": "[General Awareness/History] Sample exam-style question #1895: Choose the correct option."}, "options": {"en": ["Option A1895", "Option B1895", "Option C1895", "Option D1895"]}, "answerIndex": 3}, {"id": "RE_1846", "section": "Reasoning", "topic": "Series", "difficulty": "moderate", "text": {"en": "[Reasoning/Series] Sample exam-style question #1846: Choose the correct option."}, "options": {"en": ["Option A1846", "Option B1846", "Option C1846", "Option D1846"]}, "answerIndex": 2}, {"id": "GE_1866", "section": "General Awareness", "topic": "Economy", "difficulty": "moderate", "text": {"en": "[General Awareness/Economy] Sample exam-style question #1866: Choose the correct option."}, "options": {"en": ["Option A1866", "Option B1866", "Option C1866", "Option D1866"]}, "answerIndex": 2}, {"id": "RE_1844", "section": "Reasoning", "topic": "Analogy", "difficulty": "moderate", "text": {"en": "[Reasoning/Analogy] Sample exam-style question #1844: Choose the correct option."}, "options": {"en": ["Option A1844", "Option B1844", "Option C1844", "Option D1844"]}, "answerIndex": 0}, {"id": "GE_1888", "section": "General Awareness", "topic": "Current Affairs", "difficulty": "moderate", "text": {"en": "[General Awareness/Current Affairs] Sample exam-style question #1888: Choose the correct option."}, "options": {"en": ["Option A1888", "Option B1888", "Option C1888", "Option D1888"]}, "answerIndex": 0}, {"id": "RE_1833", "section": "Reasoning", "topic": "Puzzle", "difficulty": "moderate", "text": {"en": "[Reasoning/Puzzle] Sample exam-style question #1833: Choose the correct option."}, "options": {"en": ["Option A1833", "Option B1833", "Option C1833", "Option D1833"]}, "answerIndex": 1}, {"id": "GE_1869", "section": "General Awareness", "topic": "History", "difficulty": "moderate", "text": {"en": "[General Awareness/History] Sample exam-style question #1869: Choose the correct option."}, "options": {"en": ["Option A1869", "Option B1869", "Option C1869", "Option D1869"]}, "answerIndex": 1}, {"id": "GE_1877", "section": "General Awareness", "topic": "Polity", "difficulty": "moderate", "text": {"en": "[General Awareness/Polity] Sample exam-style question #1877: Choose the correct option."}, "options": {"en": ["Option A1877", "Option B1877", "Option C1877", "Option D1877"]}, "answerIndex": 1}, {"id": "GE_1893", "section": "General Awareness", "topic": "Polity", "difficulty": "moderate", "text": {"en": "[General Awareness/Polity] Sample exam-style question #1893: Choose the correct option."}, "options": {"en": ["Option A1893", "Option B1893", "Option C1893", "Option D1893"]}, "answerIndex": 1}, {"id": "GE_1885", "section": "General Awareness", "topic": "Science", "difficulty": "moderate", "text": {"en": "[General Awareness/Science] Sample exam-style question #1885: Choose the correct option."}, "options": {"en": ["Option A1885", "Option B1885", "Option C1885", "Option D1885"]}, "answerIndex": 1}, {"id": "RE_1860", "section": "Reasoning", "topic": "Series", "difficulty": "moderate", "text": {"en": "[Reasoning/Series] Sample exam-style question #1860: Choose the correct option."}, "options": {"en": ["Option A1860", "Option B1860", "Option C1860", "Option D1860"]}, "answerIndex": 0}, {"id": "GE_1862", "section": "General Awareness", "topic": "Current Affairs", "difficulty": "moderate", "text": {"en": "[General Awareness/Current Affairs] Sample exam-style question #1862: Choose the correct option."}, "options": {"en": ["Option A1862", "Option B1862", "Option C1862", "Option D1862"]}, "answerIndex": 2}, {"id": "MA_1819", "section": "Mathematics", "topic": "Time&Work", "difficulty": "moderate", "text": {"en": "[Mathematics/Time&Work] Sample exam-style question #1819: Choose the correct option."}, "options": {"en": ["Option A1819", "Option B1819", "Option C1819", "Option D1819"]}, "answerIndex": 3}, {"id": "RE_1842", "section": "Reasoning", "topic": "Direction", "difficulty": "moderate", "text": {"en": "[Reasoning/Direction] Sample exam-style question #1842: Choose the correct option."}, "options": {"en": ["Option A1842", "Option B1842", "Option C1842", "Option D1842"]}, "answerIndex": 2}, {"id": "GE_1880", "section": "General Awareness", "topic": "Economy", "difficulty": "moderate", "text": {"en": "[General Awareness/Economy] Sample exam-style question #1880: Choose the correct option."}, "options": {"en": ["Option A1880", "Option B1880", "Option C1880", "Option D1880"]}, "answerIndex": 0}, {"id": "MA_1804", "section": "Mathematics", "topic": "CI", "difficulty": "moderate", "text": {"en": "[Mathematics/CI] Sample exam-style question #1804: Choose the correct option."}, "options": {"en": ["Option A1804", "Option B1804", "Option C1804", "Option D1804"]}, "answerIndex": 0}, {"id": "GE_1878", "section": "General Awareness", "topic": "Economy", "difficulty": "moderate", "text": {"en": "[General Awareness/Economy] Sample exam-style question #1878: Choose the correct option."}, "options": {"en": ["Option A1878", "Option B1878", "Option C1878", "Option D1878"]}, "answerIndex": 2}, {"id": "GE_1882", "section": "General Awareness", "topic": "Geography", "difficulty": "moderate", "text": {"en": "[General Awareness/Geography] Sample exam-style question #1882: Choose the correct option."}, "options": {"en": ["Option A1882", "Option B1882", "Option C1882", "Option D1882"]}, "answerIndex": 2}, {"id": "RE_1856", "section": "Reasoning", "topic": "Syllogism", "difficulty": "moderate", "text": {"en": "[Reasoning/Syllogism] Sample exam-style question #1856: Choose the correct option."}, "options": {"en": ["Option A1856", "Option B1856", "Option C1856", "Option D1856"]}, "answerIndex": 0}, {"id": "MA_1822", "section": "Mathematics", "topic": "Percentage", "difficulty": "moderate", "text": {"en": "[Mathematics/Percentage] Sample exam-style question #1822: Choose the correct option."}, "options": {"en": ["Option A1822", "Option B1822", "Option C1822", "Option D1822"]}, "answerIndex": 2}, {"id": "GE_1872", "section": "General Awareness", "topic": "Current Affairs", "difficulty": "moderate", "text": {"en": "[General Awareness/Current Affairs] Sample exam-style question #1872: Choose the correct option."}, "options": {"en": ["Option A1872", "Option B1872", "Option C1872", "Option D1872"]}, "answerIndex": 0}, {"id": "GE_1881", "section": "General Awareness", "topic": "Polity", "difficulty": "moderate", "text": {"en": "[General Awareness/Polity] Sample exam-style question #1881: Choose the correct option."}, "options": {"en": ["Option A1881", "Option B1881", "Option C1881", "Option D1881"]}, "answerIndex": 1}, {"id": "RE_1852", "section": "Reasoning", "topic": "Coding", "difficulty": "moderate", "text": {"en": "[Reasoning/Coding] Sample exam-style question #1852: Choose the correct option."}, "options": {"en": ["Option A1852", "Option B1852", "Option C1852", "Option D1852"]}, "answerIndex": 0}, {"id": "GE_1868", "section": "General Awareness", "topic": "Current Affairs", "difficulty": "moderate", "text": {"en": "[General Awareness/Current Affairs] Sample exam-style question #1868: Choose the correct option."}, "options": {"en": ["Option A1868", "Option B1868", "Option C1868", "Option D1868"]}, "answerIndex": 0}, {"id": "MA_1825", "section": "Mathematics", "topic": "Speed", "difficulty": "moderate", "text": {"en": "[Mathematics/Speed] Sample exam-style question #1825: Choose the correct option."}, "options": {"en": ["Option A1825", "Option B1825", "Option C1825", "Option D1825"]}, "answerIndex": 1}, {"id": "MA_1821", "section": "Mathematics", "topic": "Speed", "difficulty": "moderate", "text": {"en": "[Mathematics/Speed] Sample exam-style question #1821: Choose the correct option."}, "options": {"en": ["Option A1821", "Option B1821", "Option C1821", "Option D1821"]}, "answerIndex": 1}, {"id": "GE_1864", "section": "General Awareness", "topic": "History", "difficulty": "moderate", "text": {"en": "[General Awareness/History] Sample exam-style question #1864: Choose the correct option."}, "options": {"en": ["Option A1864", "Option B1864", "Option C1864", "Option D1864"]}, "answerIndex": 0}, {"id": "MA_1816", "section": "Mathematics", "topic": "Ratio", "difficulty": "moderate", "text": {"en": "[Mathematics/Ratio] Sample exam-style question #1816: Choose the correct option."}, "options": {"en": ["Option A1816", "Option B1816", "Option C1816", "Option D1816"]}, "answerIndex": 0}, {"id": "MA_1806", "section": "Mathematics", "topic": "Ratio", "difficulty": "moderate", "text": {"en": "[Mathematics/Ratio] Sample exam-style question #1806: Choose the correct option."}, "options": {"en": ["Option A1806", "Option B1806", "Option C1806", "Option D1806"]}, "answerIndex": 2}, {"id": "GE_1876", "section": "General Awareness", "topic": "Current Affairs", "difficulty": "moderate", "text": {"en": "[General Awareness/Current Affairs] Sample exam-style question #1876: Choose the correct option."}, "options": {"en": ["Option A1876", "Option B1876", "Option C1876", "Option D1876"]}, "answerIndex": 0}, {"id": "GE_1861", "section": "General Awareness", "topic": "Economy", "difficulty": "moderate", "text": {"en": "[General Awareness/Economy] Sample exam-style question #1861: Choose the correct option."}, "options": {"en": ["Option A1861", "Option B1861", "Option C1861", "Option D1861"]}, "answerIndex": 1}, {"id": "GE_1892", "section": "General Awareness", "topic": "Economy", "difficulty": "moderate", "text": {"en": "[General Awareness/Economy] Sample exam-style question #1892: Choose the correct option."}, "options": {"en": ["Option A1892", "Option B1892", "Option C1892", "Option D1892"]}, "answerIndex": 0}, {"id": "RE_1857", "section": "Reasoning", "topic": "Syllogism", "difficulty": "moderate", "text": {"en": "[Reasoning/Syllogism] Sample exam-style question #1857: Choose the correct option."}, "options": {"en": ["Option A1857", "Option B1857", "Option C1857", "Option D1857"]}, "answerIndex": 1}, {"id": "MA_1824", "section": "Mathematics", "topic": "CI", "difficulty": "moderate", "text": {"en": "[Mathematics/CI] Sample exam-style question #1824: Choose the correct option."}, "options": {"en": ["Option A1824", "Option B1824", "Option C1824", "Option D1824"]}, "answerIndex": 0}, {"id": "MA_1807", "section": "Mathematics", "topic": "SI", "difficulty": "moderate", "text": {"en": "[Mathematics/SI] Sample exam-style question #1807: Choose the correct option."}, "options": {"en": ["Option A1807", "Option B1807", "Option C1807", "Option D1807"]}, "answerIndex": 3}, {"id": "RE_1853", "section": "Reasoning", "topic": "Syllogism", "difficulty": "moderate", "text": {"en": "[Reasoning/Syllogism] Sample exam-style question #1853: Choose the correct option."}, "options": {"en": ["Option A1853", "Option B1853", "Option C1853", "Option D1853"]}, "answerIndex": 1}, {"id": "RE_1845", "section": "Reasoning", "topic": "Syllogism", "difficulty": "moderate", "text": {"en": "[Reasoning/Syllogism] Sample exam-style question #1845: Choose the correct option."}, "options": {"en": ["Option A1845", "Option B1845", "Option C1845", "Option D1845"]}, "answerIndex": 1}, {"id": "MA_1814", "section": "Mathematics", "topic": "Percentage", "difficulty": "moderate", "text": {"en": "[Mathematics/Percentage] Sample exam-style question #1814: Choose the correct option."}, "options": {"en": ["Option A1814", "Option B1814", "Option C1814", "Option D1814"]}, "answerIndex": 2}, {"id": "GE_1886", "section": "General Awareness", "topic": "Economy", "difficulty": "moderate", "text": {"en": "[General Awareness/Economy] Sample exam-style question #1886: Choose the correct option."}, "options": {"en": ["Option A1886", "Option B1886", "Option C1886", "Option D1886"]}, "answerIndex": 2}, {"id": "MA_1829", "section": "Mathematics", "topic": "CI", "difficulty": "moderate", "text": {"en": "[Mathematics/CI] Sample exam-style question #1829: Choose the correct option."}, "options": {"en": ["Option A1829", "Option B1829", "Option C1829", "Option D1829"]}, "answerIndex": 1}, {"id": "RE_1834", "section": "Reasoning", "topic": "Series", "difficulty": "moderate", "text": {"en": "[Reasoning/Series] Sample exam-style question #1834: Choose the correct option."}, "options": {"en": ["Option A1834", "Option B1834", "Option C1834", "Option D1834"]}, "answerIndex": 2}, {"id": "RE_1837", "section": "Reasoning", "topic": "Series", "difficulty": "moderate", "text": {"en": "[Reasoning/Series] Sample exam-style question #1837: Choose the correct option."}, "options": {"en": ["Option A1837", "Option B1837", "Option C1837", "Option D1837"]}, "answerIndex": 1}, {"id": "RE_1850", "section": "Reasoning", "topic": "Series", "difficulty": "moderate", "text": {"en": "[Reasoning/Series] Sample exam-style question #1850: Choose the correct option."}, "options": {"en": ["Option A1850", "Option B1850", "Option C1850", "Option D1850"]}, "answerIndex": 2}, {"id": "RE_1849", "section": "Reasoning", "topic": "Puzzle", "difficulty": "moderate", "text": {"en": "[Reasoning/Puzzle] Sample exam-style question #1849: Choose the correct option."}, "options": {"en": ["Option A1849", "Option B1849", "Option C1849", "Option D1849"]}, "answerIndex": 1}, {"id": "RE_1838", "section": "Reasoning", "topic": "Syllogism", "difficulty": "moderate", "text": {"en": "[Reasoning/Syllogism] Sample exam-style question #1838: Choose the correct option."}, "options": {"en": ["Option A1838", "Option B1838", "Option C1838", "Option D1838"]}, "answerIndex": 2}, {"id": "MA_1830", "section": "Mathematics", "topic": "CI", "difficulty": "moderate", "text": {"en": "[Mathematics/CI] Sample exam-style question #1830: Choose the correct option."}, "options": {"en": ["Option A1830", "Option B1830", "Option C1830", "Option D1830"]}, "answerIndex": 2}, {"id": "GE_1887", "section": "General Awareness", "topic": "Current Affairs", "difficulty": "moderate", "text": {"en": "[General Awareness/Current Affairs] Sample exam-style question #1887: Choose the correct option."}, "options": {"en": ["Option A1887", "Option B1887", "Option C1887", "Option D1887"]}, "answerIndex": 3}, {"id": "GE_1870", "section": "General Awareness", "topic": "Science", "difficulty": "moderate", "text": {"en": "[General Awareness/Science] Sample exam-style question #1870: Choose the correct option."}, "options": {"en": ["Option A1870", "Option B1870", "Option C1870", "Option D1870"]}, "answerIndex": 2}, {"id": "GE_1879", "section": "General Awareness", "topic": "Polity", "difficulty": "moderate", "text": {"en": "[General Awareness/Polity] Sample exam-style question #1879: Choose the correct option."}, "options": {"en": ["Option A1879", "Option B1879", "Option C1879", "Option D1879"]}, "answerIndex": 3}, {"id": "RE_1858", "section": "Reasoning", "topic": "Syllogism", "difficulty": "moderate", "text": {"en": "[Reasoning/Syllogism] Sample exam-style question #1858: Choose the correct option."}, "options": {"en": ["Option A1858", "Option B1858", "Option C1858", "Option D1858"]}, "answerIndex": 2}, {"id": "RE_1831", "section": "Reasoning", "topic": "Syllogism", "difficulty": "moderate", "text": {"en": "[Reasoning/Syllogism] Sample exam-style question #1831: Choose the correct option."}, "options": {"en": ["Option A1831", "Option B1831", "Option C1831", "Option D1831"]}, "answerIndex": 3}, {"id": "MA_1813", "section": "Mathematics", "topic": "Time&Work", "difficulty": "moderate", "text": {"en": "[Mathematics/Time&Work] Sample exam-style question #1813: Choose the correct option."}, "options": {"en": ["Option A1813", "Option B1813", "Option C1813", "Option D1813"]}, "answerIndex": 1}, {"id": "MA_1828", "section": "Mathematics", "topic": "Time&Work", "difficulty": "moderate", "text": {"en": "[Mathematics/Time&Work] Sample exam-style question #1828: Choose the correct option."}, "options": {"en": ["Option A1828", "Option B1828", "Option C1828", "Option D1828"]}, "answerIndex": 0}, {"id": "RE_1843", "section": "Reasoning", "topic": "Puzzle", "difficulty": "moderate", "text": {"en": "[Reasoning/Puzzle] Sample exam-style question #1843: Choose the correct option."}, "options": {"en": ["Option A1843", "Option B1843", "Option C1843", "Option D1843"]}, "answerIndex": 3}, {"id": "MA_1805", "section": "Mathematics", "topic": "SI", "difficulty": "moderate", "text": {"en": "[Mathematics/SI] Sample exam-style question #1805: Choose the correct option."}, "options": {"en": ["Option A1805", "Option B1805", "Option C1805", "Option D1805"]}, "answerIndex": 1}]}