{"testId": "001", "questions": [{"id": "GE_0066", "section": "General Awareness", "topic": "History", "difficulty": "moderate", "text": {"en": "[General Awareness/History] Sample exam-style question #66: Choose the correct option."}, "options": {"en": ["Option A66", "Option B66", "Option C66", "Option D66"]}, "answerIndex": 2}, {"id": "RE_0036", "section": "Reasoning", "topic": "Series", "difficulty": "moderate", "text": {"en": "[Reasoning/Series] Sample exam-style question #36: Choose the correct option."}, "options": {"en": ["Option A36", "Option B36", "Option C36", "Option D36"]}, "answerIndex": 0}, {"id": "MA_0011", "section": "Mathematics", "topic": "Speed", "difficulty": "moderate", "text": {"en": "[Mathematics/Speed] Sample exam-style question #11: Choose the correct option."}, "options": {"en": ["Option A11", "Option B11", "Option C11", "Option D11"]}, "answerIndex": 3}, {"id": "GE_0091", "section": "General Awareness", "topic": "Science", "difficulty": "moderate", "text": {"en": "[General Awareness/Science] Sample exam-style question #91: Choose the correct option."}, "options": {"en": ["Option A91", "Option B91", "Option C91", "Option D91"]}, "answerIndex": 3}, {"id": "RE_0041", "section": "Reasoning", "topic": "Syllogism", "difficulty": "moderate", "text": {"en": "[Reasoning/Syllogism] Sample exam-style question #41: Choose the correct option."}, "options": {"en": ["Option A41", "Option B41", "Option C41", "Option D41"]}, "answerIndex": 1}, {"id": "RE_0059", "section": "Reasoning", "topic": "Series", "difficulty": "moderate", "text": {"en": "[Reasoning/Series] Sample exam-style question #59: Choose the correct option."}, "options": {"en": ["Option A59", "Option B59", "Option C59", "Option D59"]}, "answerIndex": 3}, {"id": "GE_0085", "section": "General Awareness", "topic": "Current Affairs", "difficulty": "moderate", "text": {"en": "[General Awareness/Current Affairs] Sample exam-style question #85: Choose the correct option."}, "options": {"en": ["Option A85", "Option B85", "Option C85", "Option D85"]}, "answerIndex": 1}, {"id": "GE_0081", "section": "General Awareness", "topic": "History", "difficulty": "moderate", "text": {"en": "[General Awareness/History] Sample exam-style question #81: Choose the correct option."}, "options": {"en": ["Option A81", "Option B81", "Option C81", "Option D81"]}, "answerIndex": 1}, {"id": "GE_0061", "section": "General Awareness", "topic": "Geography", "difficulty": "moderate", "text": {"en": "[General Awareness/Geography] Sample exam-style question #61: Choose the correct option."}, "options": {"en": ["Option A61", "Option B61", "Option C61", "Option D61"]}, "answerIndex": 1}, {"id": "MA_0018", "section": "Mathematics", "topic": "Percentage", "difficulty": "moderate", "text": {"en": "[Mathematics/Percentage] Sample exam-style question #18: Choose the correct option."}, "options": {"en": ["Option A18", "Option B18", "Option C18", "Option D18"]}, "answerIndex": 2}, {"id": "GE_0063", "section": "General Awareness", "topic": "Science", "difficulty": "moderate", "text": {"en": "[General Awareness/Science] Sample exam-style question #63: Choose the correct option."}, "options": {"en": ["Option A63", "Option B63", "Option C63", "Option D63"]}, "answerIndex": 3}, {"id": "RE_0058", "section": "Reasoning", "topic": "Direction", "difficulty": "moderate", "text": {"en": "[Reasoning/Direction] Sample exam-style question #58: Choose the correct option."}, "options": {"en": ["Option A58", "Option B58", "Option C58", "Option D58"]}, "answerIndex": 2}, {"id": "MA_0027", "section": "Mathematics", "topic": "Speed", "difficulty": "moderate", "text": {"en": "[Mathematics/Speed] Sample exam-style question #27: Choose the correct option."}, "options": {"en": ["Option A27", "Option B27", "Option C27", "Option D27"]}, "answerIndex": 3}, {"id": "GE_0068", "section": "General Awareness", "topic": "Polity", "difficulty": "moderate", "text": {"en": "[General Awareness/Polity] Sample exam-style question #68: Choose the correct option."}, "options": {"en": ["Option A68", "Option B68", "Option C68", "Option D68"]}, "answerIndex": 0}, {"id": "GE_0076", "section": "General Awareness", "topic": "Economy", "difficulty": "moderate", "text": {"en": "[General Awareness/Economy] Sample exam-style question #76: Choose the correct option."}, "options": {"en": ["Option A76", "Option B76", "Option C76", "Option D76"]}, "answerIndex": 0}, {"id": "MA_0030", "section": "Mathematics", "topic": "Time&Work", "difficulty": "moderate", "text": {"en": "[Mathematics/Time&Work] Sample exam-style question #30: Choose the correct option."}, "options": {"en": ["Option A30", "Option B30", "Option C30", "Option D30"]}, "answerIndex": 2}, {"id": "RE_0047", "section": "Reasoning", "topic": "Direction", "difficulty": "moderate", "text": {"en": "[Reasoning/Direction] Sample exam-style question #47: Choose the correct option."}, "options": {"en": ["Option A47", "Option B47", "Option C47", "Option D47"]}, "answerIndex": 3}, {"id": "MA_0019", "section": "Mathematics", "topic": "Percentage", "difficulty": "moderate", "text": {"en": "[Mathematics/Percentage] Sample exam-style question #19: Choose the correct option."}, "options": {"en": ["Option A19", "Option B19", "Option C19", "Option D19"]}, "answerIndex": 3}, {"id": "GE_0094", "section": "General Awareness", "topic": "Science", "difficulty": "moderate", "text": {"en": "[General Awareness/Science] Sample exam-style question #94: Choose the correct option."}, "options": {"en": ["Option A94", "Option B94", "Option C94", "Option D94"]}, "answerIndex": 2}, {"id": "RE_0031", "section": "Reasoning", "topic": "Direction", "difficulty": "moderate", "text": {"en": "[Reasoning/Direction] Sample exam-style question #31: Choose the correct option."}, "options": {"en": ["Option A31", "Option B31", "Option C31", "Option D31"]}, "answerIndex": 3}, {"id": "RE_0043", "section": "Reasoning", "topic": "Coding", "difficulty": "moderate", "text": {"en": "[Reasoning/Coding] Sample exam-style question #43: Choose the correct option."}, "options": {"en": ["Option A43", "Option B43", "Option C43", "Option D43"]}, "answerIndex": 3}, {"id": "RE_0054", "section": "Reasoning", "topic": "Analogy", "difficulty": "moderate", "text": {"en": "[Reasoning/Analogy] Sample exam-style question #54: Choose the correct option."}, "options": {"en": ["Option A54", "Option B54", "Option C54", "Option D54"]}, "answerIndex": 2}, {"id": "MA_0005", "section": "Mathematics", "topic": "SI", "difficulty": "moderate", "text": {"en": "[Mathematics/SI] Sample exam-style question #5: Choose the correct option."}, "options": {"en": ["Option A5", "Option B5", "Option C5", "Option D5"]}, "answerIndex": 1}, {"id": "GE_0093", "section": "General Awareness", "topic": "History", "difficulty": "moderate", "text": {"en": "[General Awareness/History] Sample exam-style question #93: Choose the correct option."}, "options": {"en": ["Option A93", "Option B93", "Option C93", "Option D93"]}, "answerIndex": 1}, {"id": "MA_0002", "section": "Mathematics", "topic": "Percentage", "difficulty": "moderate", "text": {"en": "[Mathematics/Percentage] Sample exam-style question #2: Choose the correct option."}, "options": {"en": ["Option A2", "Option B2", "Option C2", "Option D2"]}, "answerIndex": 2}, {"id": "GE_0071", "section": "General Awareness", "topic": "History", "difficulty": "moderate", "text": {"en": "[General Awareness/History] Sample exam-style question #71: Choose the correct option."}, "options": {"en": ["Option A71", "Option B71", "Option C71", "Option D71"]}, "answerIndex": 3}, {"id": "GE_0080", "section": "General Awareness", "topic": "Geography", "difficulty": "moderate", "text": {"en": "[General Awareness/Geography] Sample exam-style question #80: Choose the correct option."}, "options": {"en": ["Option A80", "Option B80", "Option C80", "Option D80"]}, "answerIndex": 0}, {"id": "GE_0088", "section": "General Awareness", "topic": "Current Affairs", "difficulty": "moderate", "text": {"en": "[General Awareness/Current Affairs] Sample exam-style question #88: Choose the correct option."}, "options": {"en": ["Option A88", "Option B88", "Option C88", "Option D88"]}, "answerIndex": 0}, {"id": "RE_0032", "section": "Reasoning", "topic": "Coding", "difficulty": "moderate", "text": {"en": "[Reasoning/Coding] Sample exam-style question #32: Choose the correct option."}, "options": {"en": ["Option A32", "Option B32", "Option C32", "Option D32"]}, "answerIndex": 0}, {"id": "RE_0060", "section": "Reasoning", "topic": "Puzzle", "difficulty": "moderate", "text": {"en": "[Reasoning/Puzzle] Sample exam-style question #60: Choose the correct option."}, "options": {"en": ["Option A60", "Option B60", "Option C60", "Option D60"]}, "answerIndex": 0}, {"id": "MA_0016", "section": "Mathematics", "topic": "CI", "difficulty": "moderate", "text": {"en": "[Mathematics/CI] Sample exam-style question #16: Choose the correct option."}, "options": {"en": ["Option A16", "Option B16", "Option C16", "Option D16"]}, "answerIndex": 0}, {"id": "RE_0042", "section": "Reasoning", "topic": "Coding", "difficulty": "moderate", "text": {"en": "[Reasoning/Coding] Sample exam-style question #42: Choose the correct option."}, "options": {"en": ["Option A42", "Option B42", "Option C42", "Option D42"]}, "answerIndex": 2}, {"id": "MA_0015", "section": "Mathematics", "topic": "Time&Work", "difficulty": "moderate", "text": {"en": "[Mathematics/Time&Work] Sample exam-style question #15: Choose the correct option."}, "options": {"en": ["Option A15", "Option B15", "Option C15", "Option D15"]}, "answerIndex": 3}, {"id": "MA_0006", "section": "Mathematics", "topic": "Ratio", "difficulty": "moderate", "text": {"en": "[Mathematics/Ratio] Sample exam-style question #6: Choose the correct option."}, "options": {"en": ["Option A6", "Option B6", "Option C6", "Option D6"]}, "answerIndex": 2}, {"id": "RE_0044", "section": "Reasoning", "topic": "Syllogism", "difficulty": "moderate", "text": {"en": "[Reasoning/Syllogism] Sample exam-style question #44: Choose the correct option."}, "options": {"en": ["Option A44", "Option B44", "Option C44", "Option D44"]}, "answerIndex": 0}, {"id": "RE_0046", "section": "Reasoning", "topic": "Series", "difficulty": "moderate", "text": {"en": "[Reasoning/Series] Sample exam-style question #46: Choose the correct option."}, "options": {"en": ["Option A46", "Option B46", "Option C46", "Option D46"]}, "answerIndex": 2}, {"id": "RE_0034", "section": "Reasoning", "topic": "Puzzle", "difficulty": "moderate", "text": {"en": "[Reasoning/Puzzle] Sample exam-style question #34: Choose the correct option."}, "options": {"en": ["Option A34", "Option B34", "Option C34", "Option D34"]}, "answerIndex": 2}, {"id": "MA_0023", "section": "Mathematics", "topic": "Time&Work", "difficulty": "moderate", "text": {"en": "[Mathematics/Time&Work] Sample exam-style question #23: Choose the correct option."}, "options": {"en": ["Option A23", "Option B23", "Option C23", "Option D23"]}, "answerIndex": 3}, {"id": "GE_0100", "section": "General Awareness", "topic": "Geography", "difficulty": "moderate", "text": {"en": "[General Awareness/Geography] Sample exam-style question #100: Choose the correct option."}, "options": {"en": ["Option A100", "Option B100", "Option C100", "Option D100"]}, "answerIndex": 0}, {"id": "GE_0067", "section": "General Awareness", "topic": "Current Affairs", "difficulty": "moderate", "text": {"en": "[General Awareness/Current Affairs] Sample exam-style question #67: Choose the correct option."}, "options": {"en": ["Option A67", "Option B67", "Option C67", "Option D67"]}, "answerIndex": 3}, {"id": "RE_0055", "section": "Reasoning", "topic": "Direction", "difficulty": "moderate", "text": {"en": "[Reasoning/Direction] Sample exam-style question #55: Choose the correct option."}, "options": {"en": ["Option A55", "Option B55", "Option C55", "Option D55"]}, "answerIndex": 3}, {"id": "MA_0024", "section": "Mathematics", "topic": "Percentage", "difficulty": "moderate", "text": {"en": "[Mathematics/Percentage] Sample exam-style question #24: Choose the correct option."}, "options": {"en": ["Option A24", "Option B24", "Option C24", "Option D24"]}, "answerIndex": 0}, {"id": "GE_0083", "section": "General Awareness", "topic": "Geography", "difficulty": "moderate", "text": {"en": "[General Awareness/Geography] Sample exam-style question #83: Choose the correct option."}, "options": {"en": ["Option A83", "Option B83", "Option C83", "Option D83"]}, "answerIndex": 3}, {"id": "GE_0062", "section": "General Awareness", "topic": "Current Affairs", "difficulty": "moderate", "text": {"en": "[General Awareness/Current Affairs] Sample exam-style question #62: Choose the correct option."}, "options": {"en": ["Option A62", "Option B62", "Option C62", "Option D62"]}, "answerIndex": 2}, {"id": "RE_0037", "section": "Reasoning", "topic": "Coding", "difficulty": "moderate", "text": {"en": "[Reasoning/Coding] Sample exam-style question #37: Choose the correct option."}, "options": {"en": ["Option A37", "Option B37", "Option C37", "Option D37"]}, "answerIndex": 1}, {"id": "RE_0057", "section": "Reasoning", "topic": "Series", "difficulty": "moderate", "text": {"en": "[Reasoning/Series] Sample exam-style question #57: Choose the correct option."}, "options": {"en": ["Option A57", "Option B57", "Option C57", "Option D57"]}, "answerIndex": 1}, {"id": "MA_0029", "section": "Mathematics", "topic": "Speed", "difficulty": "moderate", "text": {"en": "[Mathematics/Speed] Sample exam-style question #29: Choose the correct option."}, "options": {"en": ["Option A29", "Option B29", "Option C29", "Option D29"]}, "answerIndex": 1}, {"id": "RE_0035", "section": "Reasoning", "topic": "Syllogism", "difficulty": "moderate", "text": {"en": "[Reasoning/Syllogism] Sample exam-style question #35: Choose the correct option."}, "options": {"en": ["Option A35", "Option B35", "Option C35", "Option D35"]}, "answerIndex": 3}, {"id": "MA_0009", "section": "Mathematics", "topic": "Speed", "difficulty": "moderate", "text": {"en": "[Mathematics/Speed] Sample exam-style question #9: Choose the correct option."}, "options": {"en": ["Option A9", "Option B9", "Option C9", "Option D9"]}, "answerIndex": 1}, {"id": "GE_0087", "section": "General Awareness", "topic": "Current Affairs", "difficulty": "moderate", "text": {"en": "[General Awareness/Current Affairs] Sample exam-style question #87: Choose the correct option."}, "options": {"en": ["Option A87", "Option B87", "Option C87", "Option D87"]}, "answerIndex": 3}, {"id": "GE_0095", "section": "General Awareness", "topic": "Current Affairs", "difficulty": "moderate", "text": {"en": "[General Awareness/Current Affairs] Sample exam-style question #95: Choose the correct option."}, "options": {"en": ["Option A95", "Option B95", "Option C95", "Option D95"]}, "answerIndex": 3}, {"id": "GE_0082", "section": "General Awareness", "topic": "Geography", "difficulty": "moderate", "text": {"en": "[General Awareness/Geography] Sample exam-style question #82: Choose the correct option."}, "options": {"en": ["Option A82", "Option B82", "Option C82", "Option D82"]}, "answerIndex": 2}, {"id": "RE_0050", "section": "Reasoning", "topic": "Syllogism", "difficulty": "moderate", "text": {"en": "[Reasoning/Syllogism] Sample exam-style question #50: Choose the correct option."}, "options": {"en": ["Option A50", "Option B50", "Option C50", "Option D50"]}, "answerIndex": 2}, {"id": "RE_0038", "section": "Reasoning", "topic": "Analogy", "difficulty": "moderate", "text": {"en": "[Reasoning/Analogy] Sample exam-style question #38: Choose the correct option."}, "options": {"en": ["Option A38", "Option B38", "Option C38", "Option D38"]}, "answerIndex": 2}, {"id": "MA_0028", "section": "Mathematics", "topic": "Speed", "difficulty": "moderate", "text": {"en": "[Mathematics/Speed] Sample exam-style question #28: Choose the correct option."}, "options": {"en": ["Option A28", "Option B28", "Option C28", "Option D28"]}, "answerIndex": 0}, {"id": "MA_0001", "section": "Mathematics", "topic": "Speed", "difficulty": "moderate", "text": {"en": "[Mathematics/Speed] Sample exam-style question #1: Choose the correct option."}, "options": {"en": ["Option A1", "Option B1", "Option C1", "Option D1"]}, "answerIndex": 1}, {"id": "MA_0014", "section": "Mathematics", "topic": "Percentage", "difficulty": "moderate", "text": {"en": "[Mathematics/Percentage] Sample exam-style question #14: Choose the correct option."}, "options": {"en": ["Option A14", "Option B14", "Option C14", "Option D14"]}, "answerIndex": 2}, {"id": "RE_0039", "section": "Reasoning", "topic": "Direction", "difficulty": "moderate", "text": {"en": "[Reasoning/Direction] Sample exam-style question #39: Choose the correct option."}, "options": {"en": ["Option A39", "Option B39", "Option C39", "Option D39"]}, "answerIndex": 3}, {"id": "GE_0089", "section": "General Awareness", "topic": "Current Affairs", "difficulty": "moderate", "text": {"en": "[General Awareness/Current Affairs] Sample exam-style question #89: Choose the correct option."}, "options": {"en": ["Option A89", "Option B89", "Option C89", "Option D89"]}, "answerIndex": 1}, {"id": "GE_0070", "section": "General Awareness", "topic": "Current Affairs", "difficulty": "moderate", "text": {"en": "[General Awareness/Current Affairs] Sample exam-style question #70: Choose the correct option."}, "options": {"en": ["Option A70", "Option B70", "Option C70", "Option D70"]}, "answerIndex": 2}, {"id": "GE_0069", "section": "General Awareness", "topic": "Polity", "difficulty": "moderate", "text": {"en": "[General Awareness/Polity] Sample exam-style question #69: Choose the correct option."}, "options": {"en": ["Option A69", "Option B69", "Option C69", "Option D69"]}, "answerIndex": 1}, {"id": "GE_0077", "section": "General Awareness", "topic": "Geography", "difficulty": "moderate", "text": {"en": "[General Awareness/Geography] Sample exam-style question #77: Choose the correct option."}, "options": {"en": ["Option A77", "Option B77", "Option C77", "Option D77"]}, "answerIndex": 1}, {"id": "GE_0086", "section": "General Awareness", "topic": "Geography", "difficulty": "moderate", "text": {"en": "[General Awareness/Geography] Sample exam-style question #86: Choose the correct option."}, "options": {"en": ["Option A86", "Option B86", "Option C86", "Option D86"]}, "answerIndex": 2}, {"id": "MA_0022", "section": "Mathematics", "topic": "Time&Work", "difficulty": "moderate", "text": {"en": "[Mathematics/Time&Work] Sample exam-style question #22: Choose the correct option."}, "options": {"en": ["Option A22", "Option B22", "Option C22", "Option D22"]}, "answerIndex": 2}, {"id": "RE_0045", "section": "Reasoning", "topic": "Series", "difficulty": "moderate", "text": {"en": "[Reasoning/Series] Sample exam-style question #45: Choose the correct option."}, "options": {"en": ["Option A45", "Option B45", "Option C45", "Option D45"]}, "answerIndex": 1}, {"id": "RE_0040", "section": "Reasoning", "topic": "Syllogism", "difficulty": "moderate", "text": {"en": "[Reasoning/Syllogism] Sample exam-style question #40: Choose the correct option."}, "options": {"en": ["Option A40", "Option B40", "Option C40", "Option D40"]}, "answerIndex": 0}, {"id": "GE_0096", "section": "General Awareness", "topic": "History", "difficulty": "moderate", "text": {"en": "[General Awareness/History] Sample exam-style question #96: Choose the correct option."}, "options": {"en": ["Option A96", "Option B96", "Option C96", "Option D96"]}, "answerIndex": 0}, {"id": "RE_0051", "section": "Reasoning", "topic": "Puzzle", "difficulty": "moderate", "text": {"en": "[Reasoning/Puzzle] Sample exam-style question #51: Choose the correct option."}, "options": {"en": ["Option A51", "Option B51", "Option C51", "Option D51"]}, "answerIndex": 3}, {"id": "MA_0010", "section": "Mathematics", "topic": "Percentage", "difficulty": "moderate", "text": {"en": "[Mathematics/Percentage] Sample exam-style question #10: Choose the correct option."}, "options": {"en": ["Option A10", "Option B10", "Option C10", "Option D10"]}, "answerIndex": 2}, {"id": "RE_0056", "section": "Reasoning", "topic": "Puzzle", "difficulty": "moderate", "text": {"en": "[Reasoning/Puzzle] Sample exam-style question #56: Choose the correct option."}, "options": {"en": ["Option A56", "Option B56", "Option C56", "Option D56"]}, "answerIndex": 0}, {"id": "RE_0033", "section": "Reasoning", "topic": "Direction", "difficulty": "moderate", "text": {"en": "[Reasoning/Direction] Sample exam-style question #33: Choose the correct option."}, "options": {"en": ["Option A33", "Option B33", "Option C33", "Option D33"]}, "answerIndex": 1}, {"id": "GE_0075", "section": "General Awareness", "topic": "Polity", "difficulty": "moderate", "text": {"en": "[General Awareness/Polity] Sample exam-style question #75: Choose the correct option."}, "options": {"en": ["Option A75", "Option B75", "Option C75", "Option D75"]}, "answerIndex": 3}, {"id": "MA_0017", "section": "Mathematics", "topic": "Percentage", "difficulty": "moderate", "text": {"en": "[Mathematics/Percentage] Sample exam-style question #17: Choose the correct option."}, "options": {"en": ["Option A17", "Option B17", "Option C17", "Option D17"]}, "answerIndex": 1}, {"id": "GE_0092", "section": "General Awareness", "topic": "Current Affairs", "difficulty": "moderate", "text": {"en": "[General Awareness/Current Affairs] Sample exam-style question #92: Choose the correct option."}, "options": {"en": ["Option A92", "Option B92", "Option C92", "Option D92"]}, "answerIndex": 0}, {"id": "MA_0013", "section": "Mathematics", "topic": "Time&Work", "difficulty": "moderate", "text": {"en": "[Mathematics/Time&Work] Sample exam-style question #13: Choose the correct option."}, "options": {"en": ["Option A13", "Option B13", "Option C13", "Option D13"]}, "answerIndex": 1}, {"id": "GE_0090", "section": "General Awareness", "topic": "Polity", "difficulty": "moderate", "text": {"en": "[General Awareness/Polity] Sample exam-style question #90: Choose the correct option."}, "options": {"en": ["Option A90", "Option B90", "Option C90", "Option D90"]}, "answerIndex": 2}, {"id": "MA_0003", "section": "Mathematics", "topic": "Percentage", "difficulty": "moderate", "text": {"en": "[Mathematics/Percentage] Sample exam-style question #3: Choose the correct option."}, "options": {"en": ["Option A3", "Option B3", "Option C3", "Option D3"]}, "answerIndex": 3}, {"id": "MA_0020", "section": "Mathematics", "topic": "Ratio", "difficulty": "moderate", "text": {"en": "[Mathematics/Ratio] Sample exam-style question #20: Choose the correct option."}, "options": {"en": ["Option A20", "Option B20", "Option C20", "Option D20"]}, "answerIndex": 0}, {"id": "GE_0065", "section": "General Awareness", "topic": "Science", "difficulty": "moderate", "text": {"en": "[General Awareness/Science] Sample exam-style question #65: Choose the correct option."}, "options": {"en": ["Option A65", "Option B65", "Option C65", "Option D65"]}, "answerIndex": 1}, {"id": "MA_0025", "section": "Mathematics", "topic": "Time&Work", "difficulty": "moderate", "text": {"en": "[Mathematics/Time&Work] Sample exam-style question #25: Choose the correct option."}, "options": {"en": ["Option A25", "Option B25", "Option C25", "Option D25"]}, "answerIndex": 1}, {"id": "GE_0079", "section": "General Awareness", "topic": "Current Affairs", "difficulty": "moderate", "text": {"en": "[General Awareness/Current Affairs] Sample exam-style question #79: Choose the correct option."}, "options": {"en": ["Option A79", "Option B79", "Option C79", "Option D79"]}, "answerIndex": 3}, {"id": "GE_0064", "section": "General Awareness", "topic": "Geography", "difficulty": "moderate", "text": {"en": "[General Awareness/Geography] Sample exam-style question #64: Choose the correct option."}, "options": {"en": ["Option A64", "Option B64", "Option C64", "Option D64"]}, "answerIndex": 0}, {"id": "MA_0004", "section": "Mathematics", "topic": "Speed", "difficulty": "moderate", "text": {"en": "[Mathematics/Speed] Sample exam-style question #4: Choose the correct option."}, "options": {"en": ["Option A4", "Option B4", "Option C4", "Option D4"]}, "answerIndex": 0}, {"id": "MA_0007", "section": "Mathematics", "topic": "Ratio", "difficulty": "moderate", "text": {"en": "[Mathematics/Ratio] Sample exam-style question #7: Choose the correct option."}, "options": {"en": ["Option A7", "Option B7", "Option C7", "Option D7"]}, "answerIndex": 3}, {"id": "GE_0078", "section": "General Awareness", "topic": "Economy", "difficulty": "moderate", "text": {"en": "[General Awareness/Economy] Sample exam-style question #78: Choose the correct option."}, "options": {"en": ["Option A78", "Option B78", "Option C78", "Option D78"]}, "answerIndex": 2}, {"id": "GE_0097", "section": "General Awareness", "topic": "History", "difficulty": "moderate", "text": {"en": "[General Awareness/History] Sample exam-style question #97: Choose the correct option."}, "options": {"en": ["Option A97", "Option B97", "Option C97", "Option D97"]}, "answerIndex": 1}, {"id": "GE_0074", "section": "General Awareness", "topic": "History", "difficulty": "moderate", "text": {"en": "[General Awareness/History] Sample exam-style question #74: Choose the correct option."}, "options": {"en": ["Option A74", "Option B74", "Option C74", "Option D74"]}, "answerIndex": 2}, {"id": "RE_0052", "section": "Reasoning", "topic": "Syllogism", "difficulty": "moderate", "text": {"en": "[Reasoning/Syllogism] Sample exam-style question #52: Choose the correct option."}, "options": {"en": ["Option A52", "Option B52", "Option C52", "Option D52"]}, "answerIndex": 0}, {"id": "GE_0084", "section": "General Awareness", "topic": "History", "difficulty": "moderate", "text": {"en": "[General Awareness/History] Sample exam-style question #84: Choose the correct option."}, "options": {"en": ["Option A84", "Option B84", "Option C84", "Option D84"]}, "answerIndex": 0}, {"id": "GE_0073", "section": "General Awareness", "topic": "Polity", "difficulty": "moderate", "text": {"en": "[General Awareness/Polity] Sample exam-style question #73: Choose the correct option."}, "options": {"en": ["Option A73", "Option B73", "Option C73", "Option D73"]}, "answerIndex": 1}, {"id": "RE_0048", "section": "Reasoning", "topic": "Series", "difficulty": "moderate", "text": {"en": "[Reasoning/Series] Sample exam-style question #48: Choose the correct option."}, "options": {"en": ["Option A48", "Option B48", "Option C48", "Option D48"]}, "answerIndex": 0}, {"id": "RE_0053", "section": "Reasoning", "topic": "Series", "difficulty": "moderate", "text": {"en": "[Reasoning/Series] Sample exam-style question #53: Choose the correct option."}, "options": {"en": ["Option A53", "Option B53", "Option C53", "Option D53"]}, "answerIndex": 1}, {"id": "MA_0021", "section": "Mathematics", "topic": "Ratio", "difficulty": "moderate", "text": {"en": "[Mathematics/Ratio] Sample exam-style question #21: Choose the correct option."}, "options": {"en": ["Option A21", "Option B21", "Option C21", "Option D21"]}, "answerIndex": 1}, {"id": "RE_0049", "section": "Reasoning", "topic": "Syllogism", "difficulty": "moderate", "text": {"en": "[Reasoning/Syllogism] Sample exam-style question #49: Choose the correct option."}, "options": {"en": ["Option A49", "Option B49", "Option C49", "Option D49"]}, "answerIndex": 1}, {"id": "GE_0072", "section": "General Awareness", "topic": "Geography", "difficulty": "moderate", "text": {"en": "[General Awareness/Geography] Sample exam-style question #72: Choose the correct option."}, "options": {"en": ["Option A72", "Option B72", "Option C72", "Option D72"]}, "answerIndex": 0}, {"id": "MA_0012", "section": "Mathematics", "topic": "Speed", "difficulty": "moderate", "text": {"en": "[Mathematics/Speed] Sample exam-style question #12: Choose the correct option."}, "options": {"en": ["Option A12", "Option B12", "Option C12", "Option D12"]}, "answerIndex": 0}, {"id": "MA_0026", "section": "Mathematics", "topic": "Ratio", "difficulty": "moderate", "text": {"en": "[Mathematics/Ratio] Sample exam-style question #26: Choose the correct option."}, "options": {"en": ["Option A26", "Option B26", "Option C26", "Option D26"]}, "answerIndex": 2}, {"id": "GE_0099", "section": "General Awareness", "topic": "Economy", "difficulty": "moderate", "text": {"en": "[General Awareness/Economy] Sample exam-style question #99: Choose the correct option."}, "options": {"en": ["Option A99", "Option B99", "Option C99", "Option D99"]}, "answerIndex": 3}, {"id": "GE_0098", "section": "General Awareness", "topic": "Economy", "difficulty": "moderate", "text": {"en": "[General Awareness/Economy] Sample exam-style question #98: Choose the correct option."}, "options": {"en": ["Option A98", "Option B98", "Option C98", "Option D98"]}, "answerIndex": 2}, {"id": "MA_0008", "section": "Mathematics", "topic": "Ratio", "difficulty": "moderate", "text": {"en": "[Mathematics/Ratio] Sample exam-style question #8: Choose the correct option."}, "options": {"en": ["Option A8", "Option B8", "Option C8", "Option D8"]}, "answerIndex": 0}]}