{"testId": "009", "questions": [{"id": "MA_0808", "section": "Mathematics", "topic": "CI", "difficulty": "moderate", "text": {"en": "[Mathematics/CI] Sample exam-style question #808: Choose the correct option."}, "options": {"en": ["Option A808", "Option B808", "Option C808", "Option D808"]}, "answerIndex": 0}, {"id": "GE_0891", "section": "General Awareness", "topic": "Geography", "difficulty": "moderate", "text": {"en": "[General Awareness/Geography] Sample exam-style question #891: Choose the correct option."}, "options": {"en": ["Option A891", "Option B891", "Option C891", "Option D891"]}, "answerIndex": 3}, {"id": "RE_0833", "section": "Reasoning", "topic": "Puzzle", "difficulty": "moderate", "text": {"en": "[Reasoning/Puzzle] Sample exam-style question #833: Choose the correct option."}, "options": {"en": ["Option A833", "Option B833", "Option C833", "Option D833"]}, "answerIndex": 1}, {"id": "MA_0817", "section": "Mathematics", "topic": "Percentage", "difficulty": "moderate", "text": {"en": "[Mathematics/Percentage] Sample exam-style question #817: Choose the correct option."}, "options": {"en": ["Option A817", "Option B817", "Option C817", "Option D817"]}, "answerIndex": 1}, {"id": "MA_0825", "section": "Mathematics", "topic": "DI", "difficulty": "moderate", "text": {"en": "[Mathematics/DI] Sample exam-style question #825: Choose the correct option."}, "options": {"en": ["Option A825", "Option B825", "Option C825", "Option D825"]}, "answerIndex": 1}, {"id": "GE_0885", "section": "General Awareness", "topic": "Geography", "difficulty": "moderate", "text": {"en": "[General Awareness/Geography] Sample exam-style question #885: Choose the correct option."}, "options": {"en": ["Option A885", "Option B885", "Option C885", "Option D885"]}, "answerIndex": 1}, {"id": "RE_0832", "section": "Reasoning", "topic": "Series", "difficulty": "moderate", "text": {"en": "[Reasoning/Series] Sample exam-style question #832: Choose the correct option."}, "options": {"en": ["Option A832", "Option B832", "Option C832", "Option D832"]}, "answerIndex": 0}, {"id": "RE_0854", "section": "Reasoning", "topic": "Series", "difficulty": "moderate", "text": {"en": "[Reasoning/Series] Sample exam-style question #854: Choose the correct option."}, "options": {"en": ["Option A854", "Option B854", "Option C854", "Option D854"]}, "answerIndex": 2}, {"id": "GE_0884", "section": "General Awareness", "topic": "Current Affairs", "difficulty": "moderate", "text": {"en": "[General Awareness/Current Affairs] Sample exam-style question #884: Choose the correct option."}, "options": {"en": ["Option A884", "Option B884", "Option C884", "Option D884"]}, "answerIndex": 0}, {"id": "GE_0888", "section": "General Awareness", "topic": "Economy", "difficulty": "moderate", "text": {"en": "[General Awareness/Economy] Sample exam-style question #888: Choose the correct option."}, "options": {"en": ["Option A888", "Option B888", "Option C888", "Option D888"]}, "answerIndex": 0}, {"id": "MA_0819", "section": "Mathematics", "topic": "Time&Work", "difficulty": "moderate", "text": {"en": "[Mathematics/Time&Work] Sample exam-style question #819: Choose the correct option."}, "options": {"en": ["Option A819", "Option B819", "Option C819", "Option D819"]}, "answerIndex": 3}, {"id": "RE_0837", "section": "Reasoning", "topic": "Direction", "difficulty": "moderate", "text": {"en": "[Reasoning/Direction] Sample exam-style question #837: Choose the correct option."}, "options": {"en": ["Option A837", "Option B837", "Option C837", "Option D837"]}, "answerIndex": 1}, {"id": "RE_0848", "section": "Reasoning", "topic": "Puzzle", "difficulty": "moderate", "text": {"en": "[Reasoning/Puzzle] Sample exam-style question #848: Choose the correct option."}, "options": {"en": ["Option A848", "Option B848", "Option C848", "Option D848"]}, "answerIndex": 0}, {"id": "RE_0840", "section": "Reasoning", "topic": "Puzzle", "difficulty": "moderate", "text": {"en": "[Reasoning/Puzzle] Sample exam-style question #840: Choose the correct option."}, "options": {"en": ["Option A840", "Option B840", "Option C840", "Option D840"]}, "answerIndex": 0}, {"id": "MA_0804", "section": "Mathematics", "topic": "CI", "difficulty": "moderate", "text": {"en": "[Mathematics/CI] Sample exam-style question #804: Choose the correct option."}, "options": {"en": ["Option A804", "Option B804", "Option C804", "Option D804"]}, "answerIndex": 0}, {"id": "RE_0838", "section": "Reasoning", "topic": "Analogy", "difficulty": "moderate", "text": {"en": "[Reasoning/Analogy] Sample exam-style question #838: Choose the correct option."}, "options": {"en": ["Option A838", "Option B838", "Option C838", "Option D838"]}, "answerIndex": 2}, {"id": "MA_0823", "section": "Mathematics", "topic": "Speed", "difficulty": "moderate", "text": {"en": "[Mathematics/Speed] Sample exam-style question #823: Choose the correct option."}, "options": {"en": ["Option A823", "Option B823", "Option C823", "Option D823"]}, "answerIndex": 3}, {"id": "RE_0839", "section": "Reasoning", "topic": "Series", "difficulty": "moderate", "text": {"en": "[Reasoning/Series] Sample exam-style question #839: Choose the correct option."}, "options": {"en": ["Option A839", "Option B839", "Option C839", "Option D839"]}, "answerIndex": 3}, {"id": "MA_0806", "section": "Mathematics", "topic": "SI", "difficulty": "moderate", "text": {"en": "[Mathematics/SI] Sample exam-style question #806: Choose the correct option."}, "options": {"en": ["Option A806", "Option B806", "Option C806", "Option D806"]}, "answerIndex": 2}, {"id": "RE_0843", "section": "Reasoning", "topic": "Analogy", "difficulty": "moderate", "text": {"en": "[Reasoning/Analogy] Sample exam-style question #843: Choose the correct option."}, "options": {"en": ["Option A843", "Option B843", "Option C843", "Option D843"]}, "answerIndex": 3}, {"id": "GE_0898", "section": "General Awareness", "topic": "Current Affairs", "difficulty": "moderate", "text": {"en": "[General Awareness/Current Affairs] Sample exam-style question #898: Choose the correct option."}, "options": {"en": ["Option A898", "Option B898", "Option C898", "Option D898"]}, "answerIndex": 2}, {"id": "MA_0815", "section": "Mathematics", "topic": "Percentage", "difficulty": "moderate", "text": {"en": "[Mathematics/Percentage] Sample exam-style question #815: Choose the correct option."}, "options": {"en": ["Option A815", "Option B815", "Option C815", "Option D815"]}, "answerIndex": 3}, {"id": "MA_0811", "section": "Mathematics", "topic": "DI", "difficulty": "moderate", "text": {"en": "[Mathematics/DI] Sample exam-style question #811: Choose the correct option."}, "options": {"en": ["Option A811", "Option B811", "Option C811", "Option D811"]}, "answerIndex": 3}, {"id": "GE_0883", "section": "General Awareness", "topic": "Science", "difficulty": "moderate", "text": {"en": "[General Awareness/Science] Sample exam-style question #883: Choose the correct option."}, "options": {"en": ["Option A883", "Option B883", "Option C883", "Option D883"]}, "answerIndex": 3}, {"id": "GE_0882", "section": "General Awareness", "topic": "Polity", "difficulty": "moderate", "text": {"en": "[General Awareness/Polity] Sample exam-style question #882: Choose the correct option."}, "options": {"en": ["Option A882", "Option B882", "Option C882", "Option D882"]}, "answerIndex": 2}, {"id": "RE_0841", "section": "Reasoning", "topic": "Coding", "difficulty": "moderate", "text": {"en": "[Reasoning/Coding] Sample exam-style question #841: Choose the correct option."}, "options": {"en": ["Option A841", "Option B841", "Option C841", "Option D841"]}, "answerIndex": 1}, {"id": "RE_0834", "section": "Reasoning", "topic": "Coding", "difficulty": "moderate", "text": {"en": "[Reasoning/Coding] Sample exam-style question #834: Choose the correct option."}, "options": {"en": ["Option A834", "Option B834", "Option C834", "Option D834"]}, "answerIndex": 2}, {"id": "RE_0858", "section": "Reasoning", "topic": "Puzzle", "difficulty": "moderate", "text": {"en": "[Reasoning/Puzzle] Sample exam-style question #858: Choose the correct option."}, "options": {"en": ["Option A858", "Option B858", "Option C858", "Option D858"]}, "answerIndex": 2}, {"id": "RE_0845", "section": "Reasoning", "topic": "Syllogism", "difficulty": "moderate", "text": {"en": "[Reasoning/Syllogism] Sample exam-style question #845: Choose the correct option."}, "options": {"en": ["Option A845", "Option B845", "Option C845", "Option D845"]}, "answerIndex": 1}, {"id": "RE_0842", "section": "Reasoning", "topic": "Direction", "difficulty": "moderate", "text": {"en": "[Reasoning/Direction] Sample exam-style question #842: Choose the correct option."}, "options": {"en": ["Option A842", "Option B842", "Option C842", "Option D842"]}, "answerIndex": 2}, {"id": "GE_0872", "section": "General Awareness", "topic": "Current Affairs", "difficulty": "moderate", "text": {"en": "[General Awareness/Current Affairs] Sample exam-style question #872: Choose the correct option."}, "options": {"en": ["Option A872", "Option B872", "Option C872", "Option D872"]}, "answerIndex": 0}, {"id": "RE_0857", "section": "Reasoning", "topic": "Syllogism", "difficulty": "moderate", "text": {"en": "[Reasoning/Syllogism] Sample exam-style question #857: Choose the correct option."}, "options": {"en": ["Option A857", "Option B857", "Option C857", "Option D857"]}, "answerIndex": 1}, {"id": "MA_0807", "section": "Mathematics", "topic": "DI", "difficulty": "moderate", "text": {"en": "[Mathematics/DI] Sample exam-style question #807: Choose the correct option."}, "options": {"en": ["Option A807", "Option B807", "Option C807", "Option D807"]}, "answerIndex": 3}, {"id": "RE_0851", "section": "Reasoning", "topic": "Series", "difficulty": "moderate", "text": {"en": "[Reasoning/Series] Sample exam-style question #851: Choose the correct option."}, "options": {"en": ["Option A851", "Option B851", "Option C851", "Option D851"]}, "answerIndex": 3}, {"id": "GE_0889", "section": "General Awareness", "topic": "Polity", "difficulty": "moderate", "text": {"en": "[General Awareness/Polity] Sample exam-style question #889: Choose the correct option."}, "options": {"en": ["Option A889", "Option B889", "Option C889", "Option D889"]}, "answerIndex": 1}, {"id": "RE_0849", "section": "Reasoning", "topic": "Analogy", "difficulty": "moderate", "text": {"en": "[Reasoning/Analogy] Sample exam-style question #849: Choose the correct option."}, "options": {"en": ["Option A849", "Option B849", "Option C849", "Option D849"]}, "answerIndex": 1}, {"id": "GE_0861", "section": "General Awareness", "topic": "Economy", "difficulty": "moderate", "text": {"en": "[General Awareness/Economy] Sample exam-style question #861: Choose the correct option."}, "options": {"en": ["Option A861", "Option B861", "Option C861", "Option D861"]}, "answerIndex": 1}, {"id": "GE_0868", "section": "General Awareness", "topic": "History", "difficulty": "moderate", "text": {"en": "[General Awareness/History] Sample exam-style question #868: Choose the correct option."}, "options": {"en": ["Option A868", "Option B868", "Option C868", "Option D868"]}, "answerIndex": 0}, {"id": "RE_0853", "section": "Reasoning", "topic": "Syllogism", "difficulty": "moderate", "text": {"en": "[Reasoning/Syllogism] Sample exam-style question #853: Choose the correct option."}, "options": {"en": ["Option A853", "Option B853", "Option C853", "Option D853"]}, "answerIndex": 1}, {"id": "MA_0816", "section": "Mathematics", "topic": "CI", "difficulty": "moderate", "text": {"en": "[Mathematics/CI] Sample exam-style question #816: Choose the correct option."}, "options": {"en": ["Option A816", "Option B816", "Option C816", "Option D816"]}, "answerIndex": 0}, {"id": "MA_0801", "section": "Mathematics", "topic": "CI", "difficulty": "moderate", "text": {"en": "[Mathematics/CI] Sample exam-style question #801: Choose the correct option."}, "options": {"en": ["Option A801", "Option B801", "Option C801", "Option D801"]}, "answerIndex": 1}, {"id": "GE_0887", "section": "General Awareness", "topic": "Economy", "difficulty": "moderate", "text": {"en": "[General Awareness/Economy] Sample exam-style question #887: Choose the correct option."}, "options": {"en": ["Option A887", "Option B887", "Option C887", "Option D887"]}, "answerIndex": 3}, {"id": "RE_0850", "section": "Reasoning", "topic": "Analogy", "difficulty": "moderate", "text": {"en": "[Reasoning/Analogy] Sample exam-style question #850: Choose the correct option."}, "options": {"en": ["Option A850", "Option B850", "Option C850", "Option D850"]}, "answerIndex": 2}, {"id": "GE_0896", "section": "General Awareness", "topic": "Economy", "difficulty": "moderate", "text": {"en": "[General Awareness/Economy] Sample exam-style question #896: Choose the correct option."}, "options": {"en": ["Option A896", "Option B896", "Option C896", "Option D896"]}, "answerIndex": 0}, {"id": "RE_0852", "section": "Reasoning", "topic": "Coding", "difficulty": "moderate", "text": {"en": "[Reasoning/Coding] Sample exam-style question #852: Choose the correct option."}, "options": {"en": ["Option A852", "Option B852", "Option C852", "Option D852"]}, "answerIndex": 0}, {"id": "RE_0847", "section": "Reasoning", "topic": "Puzzle", "difficulty": "moderate", "text": {"en": "[Reasoning/Puzzle] Sample exam-style question #847: Choose the correct option."}, "options": {"en": ["Option A847", "Option B847", "Option C847", "Option D847"]}, "answerIndex": 3}, {"id": "MA_0809", "section": "Mathematics", "topic": "SI", "difficulty": "moderate", "text": {"en": "[Mathematics/SI] Sample exam-style question #809: Choose the correct option."}, "options": {"en": ["Option A809", "Option B809", "Option C809", "Option D809"]}, "answerIndex": 1}, {"id": "GE_0877", "section": "General Awareness", "topic": "Geography", "difficulty": "moderate", "text": {"en": "[General Awareness/Geography] Sample exam-style question #877: Choose the correct option."}, "options": {"en": ["Option A877", "Option B877", "Option C877", "Option D877"]}, "answerIndex": 1}, {"id": "GE_0879", "section": "General Awareness", "topic": "Economy", "difficulty": "moderate", "text": {"en": "[General Awareness/Economy] Sample exam-style question #879: Choose the correct option."}, "options": {"en": ["Option A879", "Option B879", "Option C879", "Option D879"]}, "answerIndex": 3}, {"id": "GE_0881", "section": "General Awareness", "topic": "Geography", "difficulty": "moderate", "text": {"en": "[General Awareness/Geography] Sample exam-style question #881: Choose the correct option."}, "options": {"en": ["Option A881", "Option B881", "Option C881", "Option D881"]}, "answerIndex": 1}, {"id": "GE_0876", "section": "General Awareness", "topic": "Polity", "difficulty": "moderate", "text": {"en": "[General Awareness/Polity] Sample exam-style question #876: Choose the correct option."}, "options": {"en": ["Option A876", "Option B876", "Option C876", "Option D876"]}, "answerIndex": 0}, {"id": "RE_0835", "section": "Reasoning", "topic": "Coding", "difficulty": "moderate", "text": {"en": "[Reasoning/Coding] Sample exam-style question #835: Choose the correct option."}, "options": {"en": ["Option A835", "Option B835", "Option C835", "Option D835"]}, "answerIndex": 3}, {"id": "MA_0829", "section": "Mathematics", "topic": "Percentage", "difficulty": "moderate", "text": {"en": "[Mathematics/Percentage] Sample exam-style question #829: Choose the correct option."}, "options": {"en": ["Option A829", "Option B829", "Option C829", "Option D829"]}, "answerIndex": 1}, {"id": "GE_0878", "section": "General Awareness", "topic": "Science", "difficulty": "moderate", "text": {"en": "[General Awareness/Science] Sample exam-style question #878: Choose the correct option."}, "options": {"en": ["Option A878", "Option B878", "Option C878", "Option D878"]}, "answerIndex": 2}, {"id": "RE_0856", "section": "Reasoning", "topic": "Series", "difficulty": "moderate", "text": {"en": "[Reasoning/Series] Sample exam-style question #856: Choose the correct option."}, "options": {"en": ["Option A856", "Option B856", "Option C856", "Option D856"]}, "answerIndex": 0}, {"id": "GE_0892", "section": "General Awareness", "topic": "Current Affairs", "difficulty": "moderate", "text": {"en": "[General Awareness/Current Affairs] Sample exam-style question #892: Choose the correct option."}, "options": {"en": ["Option A892", "Option B892", "Option C892", "Option D892"]}, "answerIndex": 0}, {"id": "GE_0900", "section": "General Awareness", "topic": "Current Affairs", "difficulty": "moderate", "text": {"en": "[General Awareness/Current Affairs] Sample exam-style question #900: Choose the correct option."}, "options": {"en": ["Option A900", "Option B900", "Option C900", "Option D900"]}, "answerIndex": 0}, {"id": "GE_0886", "section": "General Awareness", "topic": "Polity", "difficulty": "moderate", "text": {"en": "[General Awareness/Polity] Sample exam-style question #886: Choose the correct option."}, "options": {"en": ["Option A886", "Option B886", "Option C886", "Option D886"]}, "answerIndex": 2}, {"id": "MA_0814", "section": "Mathematics", "topic": "DI", "difficulty": "moderate", "text": {"en": "[Mathematics/DI] Sample exam-style question #814: Choose the correct option."}, "options": {"en": ["Option A814", "Option B814", "Option C814", "Option D814"]}, "answerIndex": 2}, {"id": "GE_0870", "section": "General Awareness", "topic": "Current Affairs", "difficulty": "moderate", "text": {"en": "[General Awareness/Current Affairs] Sample exam-style question #870: Choose the correct option."}, "options": {"en": ["Option A870", "Option B870", "Option C870", "Option D870"]}, "answerIndex": 2}, {"id": "GE_0894", "section": "General Awareness", "topic": "Current Affairs", "difficulty": "moderate", "text": {"en": "[General Awareness/Current Affairs] Sample exam-style question #894: Choose the correct option."}, "options": {"en": ["Option A894", "Option B894", "Option C894", "Option D894"]}, "answerIndex": 2}, {"id": "MA_0820", "section": "Mathematics", "topic": "Percentage", "difficulty": "moderate", "text": {"en": "[Mathematics/Percentage] Sample exam-style question #820: Choose the correct option."}, "options": {"en": ["Option A820", "Option B820", "Option C820", "Option D820"]}, "answerIndex": 0}, {"id": "MA_0830", "section": "Mathematics", "topic": "Ratio", "difficulty": "moderate", "text": {"en": "[Mathematics/Ratio] Sample exam-style question #830: Choose the correct option."}, "options": {"en": ["Option A830", "Option B830", "Option C830", "Option D830"]}, "answerIndex": 2}, {"id": "GE_0869", "section": "General Awareness", "topic": "Polity", "difficulty": "moderate", "text": {"en": "[General Awareness/Polity] Sample exam-style question #869: Choose the correct option."}, "options": {"en": ["Option A869", "Option B869", "Option C869", "Option D869"]}, "answerIndex": 1}, {"id": "GE_0893", "section": "General Awareness", "topic": "Economy", "difficulty": "moderate", "text": {"en": "[General Awareness/Economy] Sample exam-style question #893: Choose the correct option."}, "options": {"en": ["Option A893", "Option B893", "Option C893", "Option D893"]}, "answerIndex": 1}, {"id": "MA_0803", "section": "Mathematics", "topic": "Ratio", "difficulty": "moderate", "text": {"en": "[Mathematics/Ratio] Sample exam-style question #803: Choose the correct option."}, "options": {"en": ["Option A803", "Option B803", "Option C803", "Option D803"]}, "answerIndex": 3}, {"id": "RE_0855", "section": "Reasoning", "topic": "Puzzle", "difficulty": "moderate", "text": {"en": "[Reasoning/Puzzle] Sample exam-style question #855: Choose the correct option."}, "options": {"en": ["Option A855", "Option B855", "Option C855", "Option D855"]}, "answerIndex": 3}, {"id": "GE_0890", "section": "General Awareness", "topic": "Economy", "difficulty": "moderate", "text": {"en": "[General Awareness/Economy] Sample exam-style question #890: Choose the correct option."}, "options": {"en": ["Option A890", "Option B890", "Option C890", "Option D890"]}, "answerIndex": 2}, {"id": "RE_0859", "section": "Reasoning", "topic": "Analogy", "difficulty": "moderate", "text": {"en": "[Reasoning/Analogy] Sample exam-style question #859: Choose the correct option."}, "options": {"en": ["Option A859", "Option B859", "Option C859", "Option D859"]}, "answerIndex": 3}, {"id": "GE_0871", "section": "General Awareness", "topic": "Geography", "difficulty": "moderate", "text": {"en": "[General Awareness/Geography] Sample exam-style question #871: Choose the correct option."}, "options": {"en": ["Option A871", "Option B871", "Option C871", "Option D871"]}, "answerIndex": 3}, {"id": "GE_0873", "section": "General Awareness", "topic": "Science", "difficulty": "moderate", "text": {"en": "[General Awareness/Science] Sample exam-style question #873: Choose the correct option."}, "options": {"en": ["Option A873", "Option B873", "Option C873", "Option D873"]}, "answerIndex": 1}, {"id": "RE_0846", "section": "Reasoning", "topic": "Coding", "difficulty": "moderate", "text": {"en": "[Reasoning/Coding] Sample exam-style question #846: Choose the correct option."}, "options": {"en": ["Option A846", "Option B846", "Option C846", "Option D846"]}, "answerIndex": 2}, {"id": "MA_0818", "section": "Mathematics", "topic": "Speed", "difficulty": "moderate", "text": {"en": "[Mathematics/Speed] Sample exam-style question #818: Choose the correct option."}, "options": {"en": ["Option A818", "Option B818", "Option C818", "Option D818"]}, "answerIndex": 2}, {"id": "GE_0880", "section": "General Awareness", "topic": "Current Affairs", "difficulty": "moderate", "text": {"en": "[General Awareness/Current Affairs] Sample exam-style question #880: Choose the correct option."}, "options": {"en": ["Option A880", "Option B880", "Option C880", "Option D880"]}, "answerIndex": 0}, {"id": "GE_0899", "section": "General Awareness", "topic": "Science", "difficulty": "moderate", "text": {"en": "[General Awareness/Science] Sample exam-style question #899: Choose the correct option."}, "options": {"en": ["Option A899", "Option B899", "Option C899", "Option D899"]}, "answerIndex": 3}, {"id": "RE_0860", "section": "Reasoning", "topic": "Direction", "difficulty": "moderate", "text": {"en": "[Reasoning/Direction] Sample exam-style question #860: Choose the correct option."}, "options": {"en": ["Option A860", "Option B860", "Option C860", "Option D860"]}, "answerIndex": 0}, {"id": "RE_0844", "section": "Reasoning", "topic": "Syllogism", "difficulty": "moderate", "text": {"en": "[Reasoning/Syllogism] Sample exam-style question #844: Choose the correct option."}, "options": {"en": ["Option A844", "Option B844", "Option C844", "Option D844"]}, "answerIndex": 0}, {"id": "GE_0874", "section": "General Awareness", "topic": "Polity", "difficulty": "moderate", "text": {"en": "[General Awareness/Polity] Sample exam-style question #874: Choose the correct option."}, "options": {"en": ["Option A874", "Option B874", "Option C874", "Option D874"]}, "answerIndex": 2}, {"id": "MA_0813", "section": "Mathematics", "topic": "SI", "difficulty": "moderate", "text": {"en": "[Mathematics/SI] Sample exam-style question #813: Choose the correct option."}, "options": {"en": ["Option A813", "Option B813", "Option C813", "Option D813"]}, "answerIndex": 1}, {"id": "GE_0866", "section": "General Awareness", "topic": "Current Affairs", "difficulty": "moderate", "text": {"en": "[General Awareness/Current Affairs] Sample exam-style question #866: Choose the correct option."}, "options": {"en": ["Option A866", "Option B866", "Option C866", "Option D866"]}, "answerIndex": 2}, {"id": "MA_0821", "section": "Mathematics", "topic": "SI", "difficulty": "moderate", "text": {"en": "[Mathematics/SI] Sample exam-style question #821: Choose the correct option."}, "options": {"en": ["Option A821", "Option B821", "Option C821", "Option D821"]}, "answerIndex": 1}, {"id": "GE_0864", "section": "General Awareness", "topic": "Polity", "difficulty": "moderate", "text": {"en": "[General Awareness/Polity] Sample exam-style question #864: Choose the correct option."}, "options": {"en": ["Option A864", "Option B864", "Option C864", "Option D864"]}, "answerIndex": 0}, {"id": "GE_0897", "section": "General Awareness", "topic": "History", "difficulty": "moderate", "text": {"en": "[General Awareness/History] Sample exam-style question #897: Choose the correct option."}, "options": {"en": ["Option A897", "Option B897", "Option C897", "Option D897"]}, "answerIndex": 1}, {"id": "GE_0875", "section": "General Awareness", "topic": "Science", "difficulty": "moderate", "text": {"en": "[General Awareness/Science] Sample exam-style question #875: Choose the correct option."}, "options": {"en": ["Option A875", "Option B875", "Option C875", "Option D875"]}, "answerIndex": 3}, {"id": "MA_0826", "section": "Mathematics", "topic": "Speed", "difficulty": "moderate", "text": {"en": "[Mathematics/Speed] Sample exam-style question #826: Choose the correct option."}, "options": {"en": ["Option A826", "Option B826", "Option C826", "Option D826"]}, "answerIndex": 2}, {"id": "MA_0827", "section": "Mathematics", "topic": "Percentage", "difficulty": "moderate", "text": {"en": "[Mathematics/Percentage] Sample exam-style question #827: Choose the correct option."}, "options": {"en": ["Option A827", "Option B827", "Option C827", "Option D827"]}, "answerIndex": 3}, {"id": "MA_0805", "section": "Mathematics", "topic": "SI", "difficulty": "moderate", "text": {"en": "[Mathematics/SI] Sample exam-style question #805: Choose the correct option."}, "options": {"en": ["Option A805", "Option B805", "Option C805", "Option D805"]}, "answerIndex": 1}, {"id": "MA_0812", "section": "Mathematics", "topic": "CI", "difficulty": "moderate", "text": {"en": "[Mathematics/CI] Sample exam-style question #812: Choose the correct option."}, "options": {"en": ["Option A812", "Option B812", "Option C812", "Option D812"]}, "answerIndex": 0}, {"id": "RE_0836", "section": "Reasoning", "topic": "Coding", "difficulty": "moderate", "text": {"en": "[Reasoning/Coding] Sample exam-style question #836: Choose the correct option."}, "options": {"en": ["Option A836", "Option B836", "Option C836", "Option D836"]}, "answerIndex": 0}, {"id": "MA_0828", "section": "Mathematics", "topic": "DI", "difficulty": "moderate", "text": {"en": "[Mathematics/DI] Sample exam-style question #828: Choose the correct option."}, "options": {"en": ["Option A828", "Option B828", "Option C828", "Option D828"]}, "answerIndex": 0}, {"id": "RE_0831", "section": "Reasoning", "topic": "Coding", "difficulty": "moderate", "text": {"en": "[Reasoning/Coding] Sample exam-style question #831: Choose the correct option."}, "options": {"en": ["Option A831", "Option B831", "Option C831", "Option D831"]}, "answerIndex": 3}, {"id": "GE_0865", "section": "General Awareness", "topic": "Science", "difficulty": "moderate", "text": {"en": "[General Awareness/Science] Sample exam-style question #865: Choose the correct option."}, "options": {"en": ["Option A865", "Option B865", "Option C865", "Option D865"]}, "answerIndex": 1}, {"id": "MA_0822", "section": "Mathematics", "topic": "Ratio", "difficulty": "moderate", "text": {"en": "[Mathematics/Ratio] Sample exam-style question #822: Choose the correct option."}, "options": {"en": ["Option A822", "Option B822", "Option C822", "Option D822"]}, "answerIndex": 2}, {"id": "GE_0862", "section": "General Awareness", "topic": "Current Affairs", "difficulty": "moderate", "text": {"en": "[General Awareness/Current Affairs] Sample exam-style question #862: Choose the correct option."}, "options": {"en": ["Option A862", "Option B862", "Option C862", "Option D862"]}, "answerIndex": 2}, {"id": "GE_0867", "section": "General Awareness", "topic": "Current Affairs", "difficulty": "moderate", "text": {"en": "[General Awareness/Current Affairs] Sample exam-style question #867: Choose the correct option."}, "options": {"en": ["Option A867", "Option B867", "Option C867", "Option D867"]}, "answerIndex": 3}, {"id": "GE_0895", "section": "General Awareness", "topic": "History", "difficulty": "moderate", "text": {"en": "[General Awareness/History] Sample exam-style question #895: Choose the correct option."}, "options": {"en": ["Option A895", "Option B895", "Option C895", "Option D895"]}, "answerIndex": 3}, {"id": "MA_0810", "section": "Mathematics", "topic": "DI", "difficulty": "moderate", "text": {"en": "[Mathematics/DI] Sample exam-style question #810: Choose the correct option."}, "options": {"en": ["Option A810", "Option B810", "Option C810", "Option D810"]}, "answerIndex": 2}, {"id": "GE_0863", "section": "General Awareness", "topic": "History", "difficulty": "moderate", "text": {"en": "[General Awareness/History] Sample exam-style question #863: Choose the correct option."}, "options": {"en": ["Option A863", "Option B863", "Option C863", "Option D863"]}, "answerIndex": 3}, {"id": "MA_0802", "section": "Mathematics", "topic": "SI", "difficulty": "moderate", "text": {"en": "[Mathematics/SI] Sample exam-style question #802: Choose the correct option."}, "options": {"en": ["Option A802", "Option B802", "Option C802", "Option D802"]}, "answerIndex": 2}, {"id": "MA_0824", "section": "Mathematics", "topic": "Percentage", "difficulty": "moderate", "text": {"en": "[Mathematics/Percentage] Sample exam-style question #824: Choose the correct option."}, "options": {"en": ["Option A824", "Option B824", "Option C824", "Option D824"]}, "answerIndex": 0}]}