{"testId": "020", "questions": [{"id": "GE_1984", "section": "General Awareness", "topic": "Economy", "difficulty": "moderate", "text": {"en": "[General Awareness/Economy] Sample exam-style question #1984: Choose the correct option."}, "options": {"en": ["Option A1984", "Option B1984", "Option C1984", "Option D1984"]}, "answerIndex": 0}, {"id": "RE_1942", "section": "Reasoning", "topic": "Series", "difficulty": "moderate", "text": {"en": "[Reasoning/Series] Sample exam-style question #1942: Choose the correct option."}, "options": {"en": ["Option A1942", "Option B1942", "Option C1942", "Option D1942"]}, "answerIndex": 2}, {"id": "RE_1959", "section": "Reasoning", "topic": "Direction", "difficulty": "moderate", "text": {"en": "[Reasoning/Direction] Sample exam-style question #1959: Choose the correct option."}, "options": {"en": ["Option A1959", "Option B1959", "Option C1959", "Option D1959"]}, "answerIndex": 3}, {"id": "MA_1902", "section": "Mathematics", "topic": "DI", "difficulty": "moderate", "text": {"en": "[Mathematics/DI] Sample exam-style question #1902: Choose the correct option."}, "options": {"en": ["Option A1902", "Option B1902", "Option C1902", "Option D1902"]}, "answerIndex": 2}, {"id": "MA_1905", "section": "Mathematics", "topic": "CI", "difficulty": "moderate", "text": {"en": "[Mathematics/CI] Sample exam-style question #1905: Choose the correct option."}, "options": {"en": ["Option A1905", "Option B1905", "Option C1905", "Option D1905"]}, "answerIndex": 1}, {"id": "MA_1910", "section": "Mathematics", "topic": "CI", "difficulty": "moderate", "text": {"en": "[Mathematics/CI] Sample exam-style question #1910: Choose the correct option."}, "options": {"en": ["Option A1910", "Option B1910", "Option C1910", "Option D1910"]}, "answerIndex": 2}, {"id": "GE_1993", "section": "General Awareness", "topic": "History", "difficulty": "moderate", "text": {"en": "[General Awareness/History] Sample exam-style question #1993: Choose the correct option."}, "options": {"en": ["Option A1993", "Option B1993", "Option C1993", "Option D1993"]}, "answerIndex": 1}, {"id": "GE_1966", "section": "General Awareness", "topic": "Science", "difficulty": "moderate", "text": {"en": "[General Awareness/Science] Sample exam-style question #1966: Choose the correct option."}, "options": {"en": ["Option A1966", "Option B1966", "Option C1966", "Option D1966"]}, "answerIndex": 2}, {"id": "GE_1961", "section": "General Awareness", "topic": "Economy", "difficulty": "moderate", "text": {"en": "[General Awareness/Economy] Sample exam-style question #1961: Choose the correct option."}, "options": {"en": ["Option A1961", "Option B1961", "Option C1961", "Option D1961"]}, "answerIndex": 1}, {"id": "MA_1914", "section": "Mathematics", "topic": "SI", "difficulty": "moderate", "text": {"en": "[Mathematics/SI] Sample exam-style question #1914: Choose the correct option."}, "options": {"en": ["Option A1914", "Option B1914", "Option C1914", "Option D1914"]}, "answerIndex": 2}, {"id": "GE_1976", "section": "General Awareness", "topic": "Geography", "difficulty": "moderate", "text": {"en": "[General Awareness/Geography] Sample exam-style question #1976: Choose the correct option."}, "options": {"en": ["Option A1976", "Option B1976", "Option C1976", "Option D1976"]}, "answerIndex": 0}, {"id": "GE_1996", "section": "General Awareness", "topic": "Economy", "difficulty": "moderate", "text": {"en": "[General Awareness/Economy] Sample exam-style question #1996: Choose the correct option."}, "options": {"en": ["Option A1996", "Option B1996", "Option C1996", "Option D1996"]}, "answerIndex": 0}, {"id": "RE_1943", "section": "Reasoning", "topic": "Coding", "difficulty": "moderate", "text": {"en": "[Reasoning/Coding] Sample exam-style question #1943: Choose the correct option."}, "options": {"en": ["Option A1943", "Option B1943", "Option C1943", "Option D1943"]}, "answerIndex": 3}, {"id": "MA_1903", "section": "Mathematics", "topic": "Percentage", "difficulty": "moderate", "text": {"en": "[Mathematics/Percentage] Sample exam-style question #1903: Choose the correct option."}, "options": {"en": ["Option A1903", "Option B1903", "Option C1903", "Option D1903"]}, "answerIndex": 3}, {"id": "RE_1946", "section": "Reasoning", "topic": "Direction", "difficulty": "moderate", "text": {"en": "[Reasoning/Direction] Sample exam-style question #1946: Choose the correct option."}, "options": {"en": ["Option A1946", "Option B1946", "Option C1946", "Option D1946"]}, "answerIndex": 2}, {"id": "GE_1979", "section": "General Awareness", "topic": "Current Affairs", "difficulty": "moderate", "text": {"en": "[General Awareness/Current Affairs] Sample exam-style question #1979: Choose the correct option."}, "options": {"en": ["Option A1979", "Option B1979", "Option C1979", "Option D1979"]}, "answerIndex": 3}, {"id": "MA_1928", "section": "Mathematics", "topic": "SI", "difficulty": "moderate", "text": {"en": "[Mathematics/SI] Sample exam-style question #1928: Choose the correct option."}, "options": {"en": ["Option A1928", "Option B1928", "Option C1928", "Option D1928"]}, "answerIndex": 0}, {"id": "GE_1994", "section": "General Awareness", "topic": "Geography", "difficulty": "moderate", "text": {"en": "[General Awareness/Geography] Sample exam-style question #1994: Choose the correct option."}, "options": {"en": ["Option A1994", "Option B1994", "Option C1994", "Option D1994"]}, "answerIndex": 2}, {"id": "RE_1944", "section": "Reasoning", "topic": "Analogy", "difficulty": "moderate", "text": {"en": "[Reasoning/Analogy] Sample exam-style question #1944: Choose the correct option."}, "options": {"en": ["Option A1944", "Option B1944", "Option C1944", "Option D1944"]}, "answerIndex": 0}, {"id": "GE_1986", "section": "General Awareness", "topic": "Science", "difficulty": "moderate", "text": {"en": "[General Awareness/Science] Sample exam-style question #1986: Choose the correct option."}, "options": {"en": ["Option A1986", "Option B1986", "Option C1986", "Option D1986"]}, "answerIndex": 2}, {"id": "GE_1985", "section": "General Awareness", "topic": "Economy", "difficulty": "moderate", "text": {"en": "[General Awareness/Economy] Sample exam-style question #1985: Choose the correct option."}, "options": {"en": ["Option A1985", "Option B1985", "Option C1985", "Option D1985"]}, "answerIndex": 1}, {"id": "RE_1937", "section": "Reasoning", "topic": "Coding", "difficulty": "moderate", "text": {"en": "[Reasoning/Coding] Sample exam-style question #1937: Choose the correct option."}, "options": {"en": ["Option A1937", "Option B1937", "Option C1937", "Option D1937"]}, "answerIndex": 1}, {"id": "RE_1931", "section": "Reasoning", "topic": "Analogy", "difficulty": "moderate", "text": {"en": "[Reasoning/Analogy] Sample exam-style question #1931: Choose the correct option."}, "options": {"en": ["Option A1931", "Option B1931", "Option C1931", "Option D1931"]}, "answerIndex": 3}, {"id": "RE_1932", "section": "Reasoning", "topic": "Coding", "difficulty": "moderate", "text": {"en": "[Reasoning/Coding] Sample exam-style question #1932: Choose the correct option."}, "options": {"en": ["Option A1932", "Option B1932", "Option C1932", "Option D1932"]}, "answerIndex": 0}, {"id": "MA_1930", "section": "Mathematics", "topic": "DI", "difficulty": "moderate", "text": {"en": "[Mathematics/DI] Sample exam-style question #1930: Choose the correct option."}, "options": {"en": ["Option A1930", "Option B1930", "Option C1930", "Option D1930"]}, "answerIndex": 2}, {"id": "GE_1983", "section": "General Awareness", "topic": "Science", "difficulty": "moderate", "text": {"en": "[General Awareness/Science] Sample exam-style question #1983: Choose the correct option."}, "options": {"en": ["Option A1983", "Option B1983", "Option C1983", "Option D1983"]}, "answerIndex": 3}, {"id": "RE_1945", "section": "Reasoning", "topic": "Direction", "difficulty": "moderate", "text": {"en": "[Reasoning/Direction] Sample exam-style question #1945: Choose the correct option."}, "options": {"en": ["Option A1945", "Option B1945", "Option C1945", "Option D1945"]}, "answerIndex": 1}, {"id": "RE_1949", "section": "Reasoning", "topic": "Direction", "difficulty": "moderate", "text": {"en": "[Reasoning/Direction] Sample exam-style question #1949: Choose the correct option."}, "options": {"en": ["Option A1949", "Option B1949", "Option C1949", "Option D1949"]}, "answerIndex": 1}, {"id": "RE_1941", "section": "Reasoning", "topic": "Analogy", "difficulty": "moderate", "text": {"en": "[Reasoning/Analogy] Sample exam-style question #1941: Choose the correct option."}, "options": {"en": ["Option A1941", "Option B1941", "Option C1941", "Option D1941"]}, "answerIndex": 1}, {"id": "GE_1998", "section": "General Awareness", "topic": "History", "difficulty": "moderate", "text": {"en": "[General Awareness/History] Sample exam-style question #1998: Choose the correct option."}, "options": {"en": ["Option A1998", "Option B1998", "Option C1998", "Option D1998"]}, "answerIndex": 2}, {"id": "MA_1925", "section": "Mathematics", "topic": "Ratio", "difficulty": "moderate", "text": {"en": "[Mathematics/Ratio] Sample exam-style question #1925: Choose the correct option."}, "options": {"en": ["Option A1925", "Option B1925", "Option C1925", "Option D1925"]}, "answerIndex": 1}, {"id": "GE_1973", "section": "General Awareness", "topic": "Economy", "difficulty": "moderate", "text": {"en": "[General Awareness/Economy] Sample exam-style question #1973: Choose the correct option."}, "options": {"en": ["Option A1973", "Option B1973", "Option C1973", "Option D1973"]}, "answerIndex": 1}, {"id": "GE_1962", "section": "General Awareness", "topic": "Economy", "difficulty": "moderate", "text": {"en": "[General Awareness/Economy] Sample exam-style question #1962: Choose the correct option."}, "options": {"en": ["Option A1962", "Option B1962", "Option C1962", "Option D1962"]}, "answerIndex": 2}, {"id": "MA_1911", "section": "Mathematics", "topic": "DI", "difficulty": "moderate", "text": {"en": "[Mathematics/DI] Sample exam-style question #1911: Choose the correct option."}, "options": {"en": ["Option A1911", "Option B1911", "Option C1911", "Option D1911"]}, "answerIndex": 3}, {"id": "GE_1988", "section": "General Awareness", "topic": "Current Affairs", "difficulty": "moderate", "text": {"en": "[General Awareness/Current Affairs] Sample exam-style question #1988: Choose the correct option."}, "options": {"en": ["Option A1988", "Option B1988", "Option C1988", "Option D1988"]}, "answerIndex": 0}, {"id": "MA_1927", "section": "Mathematics", "topic": "SI", "difficulty": "moderate", "text": {"en": "[Mathematics/SI] Sample exam-style question #1927: Choose the correct option."}, "options": {"en": ["Option A1927", "Option B1927", "Option C1927", "Option D1927"]}, "answerIndex": 3}, {"id": "MA_1918", "section": "Mathematics", "topic": "Ratio", "difficulty": "moderate", "text": {"en": "[Mathematics/Ratio] Sample exam-style question #1918: Choose the correct option."}, "options": {"en": ["Option A1918", "Option B1918", "Option C1918", "Option D1918"]}, "answerIndex": 2}, {"id": "RE_1933", "section": "Reasoning", "topic": "Coding", "difficulty": "moderate", "text": {"en": "[Reasoning/Coding] Sample exam-style question #1933: Choose the correct option."}, "options": {"en": ["Option A1933", "Option B1933", "Option C1933", "Option D1933"]}, "answerIndex": 1}, {"id": "RE_1948", "section": "Reasoning", "topic": "Puzzle", "difficulty": "moderate", "text": {"en": "[Reasoning/Puzzle] Sample exam-style question #1948: Choose the correct option."}, "options": {"en": ["Option A1948", "Option B1948", "Option C1948", "Option D1948"]}, "answerIndex": 0}, {"id": "GE_1990", "section": "General Awareness", "topic": "Economy", "difficulty": "moderate", "text": {"en": "[General Awareness/Economy] Sample exam-style question #1990: Choose the correct option."}, "options": {"en": ["Option A1990", "Option B1990", "Option C1990", "Option D1990"]}, "answerIndex": 2}, {"id": "RE_1956", "section": "Reasoning", "topic": "Analogy", "difficulty": "moderate", "text": {"en": "[Reasoning/Analogy] Sample exam-style question #1956: Choose the correct option."}, "options": {"en": ["Option A1956", "Option B1956", "Option C1956", "Option D1956"]}, "answerIndex": 0}, {"id": "MA_1926", "section": "Mathematics", "topic": "DI", "difficulty": "moderate", "text": {"en": "[Mathematics/DI] Sample exam-style question #1926: Choose the correct option."}, "options": {"en": ["Option A1926", "Option B1926", "Option C1926", "Option D1926"]}, "answerIndex": 2}, {"id": "RE_1939", "section": "Reasoning", "topic": "Puzzle", "difficulty": "moderate", "text": {"en": "[Reasoning/Puzzle] Sample exam-style question #1939: Choose the correct option."}, "options": {"en": ["Option A1939", "Option B1939", "Option C1939", "Option D1939"]}, "answerIndex": 3}, {"id": "GE_1982", "section": "General Awareness", "topic": "Science", "difficulty": "moderate", "text": {"en": "[General Awareness/Science] Sample exam-style question #1982: Choose the correct option."}, "options": {"en": ["Option A1982", "Option B1982", "Option C1982", "Option D1982"]}, "answerIndex": 2}, {"id": "RE_1934", "section": "Reasoning", "topic": "Series", "difficulty": "moderate", "text": {"en": "[Reasoning/Series] Sample exam-style question #1934: Choose the correct option."}, "options": {"en": ["Option A1934", "Option B1934", "Option C1934", "Option D1934"]}, "answerIndex": 2}, {"id": "RE_1955", "section": "Reasoning", "topic": "Syllogism", "difficulty": "moderate", "text": {"en": "[Reasoning/Syllogism] Sample exam-style question #1955: Choose the correct option."}, "options": {"en": ["Option A1955", "Option B1955", "Option C1955", "Option D1955"]}, "answerIndex": 3}, {"id": "GE_1980", "section": "General Awareness", "topic": "Polity", "difficulty": "moderate", "text": {"en": "[General Awareness/Polity] Sample exam-style question #1980: Choose the correct option."}, "options": {"en": ["Option A1980", "Option B1980", "Option C1980", "Option D1980"]}, "answerIndex": 0}, {"id": "MA_1913", "section": "Mathematics", "topic": "Speed", "difficulty": "moderate", "text": {"en": "[Mathematics/Speed] Sample exam-style question #1913: Choose the correct option."}, "options": {"en": ["Option A1913", "Option B1913", "Option C1913", "Option D1913"]}, "answerIndex": 1}, {"id": "MA_1921", "section": "Mathematics", "topic": "Speed", "difficulty": "moderate", "text": {"en": "[Mathematics/Speed] Sample exam-style question #1921: Choose the correct option."}, "options": {"en": ["Option A1921", "Option B1921", "Option C1921", "Option D1921"]}, "answerIndex": 1}, {"id": "GE_1991", "section": "General Awareness", "topic": "Science", "difficulty": "moderate", "text": {"en": "[General Awareness/Science] Sample exam-style question #1991: Choose the correct option."}, "options": {"en": ["Option A1991", "Option B1991", "Option C1991", "Option D1991"]}, "answerIndex": 3}, {"id": "GE_1999", "section": "General Awareness", "topic": "Polity", "difficulty": "moderate", "text": {"en": "[General Awareness/Polity] Sample exam-style question #1999: Choose the correct option."}, "options": {"en": ["Option A1999", "Option B1999", "Option C1999", "Option D1999"]}, "answerIndex": 3}, {"id": "GE_1992", "section": "General Awareness", "topic": "Current Affairs", "difficulty": "moderate", "text": {"en": "[General Awareness/Current Affairs] Sample exam-style question #1992: Choose the correct option."}, "options": {"en": ["Option A1992", "Option B1992", "Option C1992", "Option D1992"]}, "answerIndex": 0}, {"id": "GE_1981", "section": "General Awareness", "topic": "Science", "difficulty": "moderate", "text": {"en": "[General Awareness/Science] Sample exam-style question #1981: Choose the correct option."}, "options": {"en": ["Option A1981", "Option B1981", "Option C1981", "Option D1981"]}, "answerIndex": 1}, {"id": "GE_2000", "section": "General Awareness", "topic": "Economy", "difficulty": "moderate", "text": {"en": "[General Awareness/Economy] Sample exam-style question #2000: Choose the correct option."}, "options": {"en": ["Option A2000", "Option B2000", "Option C2000", "Option D2000"]}, "answerIndex": 0}, {"id": "MA_1922", "section": "Mathematics", "topic": "Percentage", "difficulty": "moderate", "text": {"en": "[Mathematics/Percentage] Sample exam-style question #1922: Choose the correct option."}, "options": {"en": ["Option A1922", "Option B1922", "Option C1922", "Option D1922"]}, "answerIndex": 2}, {"id": "GE_1970", "section": "General Awareness", "topic": "Polity", "difficulty": "moderate", "text": {"en": "[General Awareness/Polity] Sample exam-style question #1970: Choose the correct option."}, "options": {"en": ["Option A1970", "Option B1970", "Option C1970", "Option D1970"]}, "answerIndex": 2}, {"id": "GE_1971", "section": "General Awareness", "topic": "Geography", "difficulty": "moderate", "text": {"en": "[General Awareness/Geography] Sample exam-style question #1971: Choose the correct option."}, "options": {"en": ["Option A1971", "Option B1971", "Option C1971", "Option D1971"]}, "answerIndex": 3}, {"id": "MA_1909", "section": "Mathematics", "topic": "Percentage", "difficulty": "moderate", "text": {"en": "[Mathematics/Percentage] Sample exam-style question #1909: Choose the correct option."}, "options": {"en": ["Option A1909", "Option B1909", "Option C1909", "Option D1909"]}, "answerIndex": 1}, {"id": "RE_1957", "section": "Reasoning", "topic": "Syllogism", "difficulty": "moderate", "text": {"en": "[Reasoning/Syllogism] Sample exam-style question #1957: Choose the correct option."}, "options": {"en": ["Option A1957", "Option B1957", "Option C1957", "Option D1957"]}, "answerIndex": 1}, {"id": "GE_1965", "section": "General Awareness", "topic": "Geography", "difficulty": "moderate", "text": {"en": "[General Awareness/Geography] Sample exam-style question #1965: Choose the correct option."}, "options": {"en": ["Option A1965", "Option B1965", "Option C1965", "Option D1965"]}, "answerIndex": 1}, {"id": "MA_1908", "section": "Mathematics", "topic": "Time&Work", "difficulty": "moderate", "text": {"en": "[Mathematics/Time&Work] Sample exam-style question #1908: Choose the correct option."}, "options": {"en": ["Option A1908", "Option B1908", "Option C1908", "Option D1908"]}, "answerIndex": 0}, {"id": "MA_1919", "section": "Mathematics", "topic": "Percentage", "difficulty": "moderate", "text": {"en": "[Mathematics/Percentage] Sample exam-style question #1919: Choose the correct option."}, "options": {"en": ["Option A1919", "Option B1919", "Option C1919", "Option D1919"]}, "answerIndex": 3}, {"id": "GE_1969", "section": "General Awareness", "topic": "Science", "difficulty": "moderate", "text": {"en": "[General Awareness/Science] Sample exam-style question #1969: Choose the correct option."}, "options": {"en": ["Option A1969", "Option B1969", "Option C1969", "Option D1969"]}, "answerIndex": 1}, {"id": "MA_1929", "section": "Mathematics", "topic": "Speed", "difficulty": "moderate", "text": {"en": "[Mathematics/Speed] Sample exam-style question #1929: Choose the correct option."}, "options": {"en": ["Option A1929", "Option B1929", "Option C1929", "Option D1929"]}, "answerIndex": 1}, {"id": "RE_1951", "section": "Reasoning", "topic": "Puzzle", "difficulty": "moderate", "text": {"en": "[Reasoning/Puzzle] Sample exam-style question #1951: Choose the correct option."}, "options": {"en": ["Option A1951", "Option B1951", "Option C1951", "Option D1951"]}, "answerIndex": 3}, {"id": "GE_1972", "section": "General Awareness", "topic": "Economy", "difficulty": "moderate", "text": {"en": "[General Awareness/Economy] Sample exam-style question #1972: Choose the correct option."}, "options": {"en": ["Option A1972", "Option B1972", "Option C1972", "Option D1972"]}, "answerIndex": 0}, {"id": "MA_1901", "section": "Mathematics", "topic": "CI", "difficulty": "moderate", "text": {"en": "[Mathematics/CI] Sample exam-style question #1901: Choose the correct option."}, "options": {"en": ["Option A1901", "Option B1901", "Option C1901", "Option D1901"]}, "answerIndex": 1}, {"id": "GE_1963", "section": "General Awareness", "topic": "Current Affairs", "difficulty": "moderate", "text": {"en": "[General Awareness/Current Affairs] Sample exam-style question #1963: Choose the correct option."}, "options": {"en": ["Option A1963", "Option B1963", "Option C1963", "Option D1963"]}, "answerIndex": 3}, {"id": "GE_1974", "section": "General Awareness", "topic": "Polity", "difficulty": "moderate", "text": {"en": "[General Awareness/Polity] Sample exam-style question #1974: Choose the correct option."}, "options": {"en": ["Option A1974", "Option B1974", "Option C1974", "Option D1974"]}, "answerIndex": 2}, {"id": "GE_1987", "section": "General Awareness", "topic": "Science", "difficulty": "moderate", "text": {"en": "[General Awareness/Science] Sample exam-style question #1987: Choose the correct option."}, "options": {"en": ["Option A1987", "Option B1987", "Option C1987", "Option D1987"]}, "answerIndex": 3}, {"id": "GE_1997", "section": "General Awareness", "topic": "Science", "difficulty": "moderate", "text": {"en": "[General Awareness/Science] Sample exam-style question #1997: Choose the correct option."}, "options": {"en": ["Option A1997", "Option B1997", "Option C1997", "Option D1997"]}, "answerIndex": 1}, {"id": "RE_1950", "section": "Reasoning", "topic": "Analogy", "difficulty": "moderate", "text": {"en": "[Reasoning/Analogy] Sample exam-style question #1950: Choose the correct option."}, "options": {"en": ["Option A1950", "Option B1950", "Option C1950", "Option D1950"]}, "answerIndex": 2}, {"id": "MA_1920", "section": "Mathematics", "topic": "Time&Work", "difficulty": "moderate", "text": {"en": "[Mathematics/Time&Work] Sample exam-style question #1920: Choose the correct option."}, "options": {"en": ["Option A1920", "Option B1920", "Option C1920", "Option D1920"]}, "answerIndex": 0}, {"id": "MA_1912", "section": "Mathematics", "topic": "SI", "difficulty": "moderate", "text": {"en": "[Mathematics/SI] Sample exam-style question #1912: Choose the correct option."}, "options": {"en": ["Option A1912", "Option B1912", "Option C1912", "Option D1912"]}, "answerIndex": 0}, {"id": "MA_1916", "section": "Mathematics", "topic": "SI", "difficulty": "moderate", "text": {"en": "[Mathematics/SI] Sample exam-style question #1916: Choose the correct option."}, "options": {"en": ["Option A1916", "Option B1916", "Option C1916", "Option D1916"]}, "answerIndex": 0}, {"id": "GE_1989", "section": "General Awareness", "topic": "Polity", "difficulty": "moderate", "text": {"en": "[General Awareness/Polity] Sample exam-style question #1989: Choose the correct option."}, "options": {"en": ["Option A1989", "Option B1989", "Option C1989", "Option D1989"]}, "answerIndex": 1}, {"id": "MA_1924", "section": "Mathematics", "topic": "Time&Work", "difficulty": "moderate", "text": {"en": "[Mathematics/Time&Work] Sample exam-style question #1924: Choose the correct option."}, "options": {"en": ["Option A1924", "Option B1924", "Option C1924", "Option D1924"]}, "answerIndex": 0}, {"id": "GE_1964", "section": "General Awareness", "topic": "Geography", "difficulty": "moderate", "text": {"en": "[General Awareness/Geography] Sample exam-style question #1964: Choose the correct option."}, "options": {"en": ["Option A1964", "Option B1964", "Option C1964", "Option D1964"]}, "answerIndex": 0}, {"id": "GE_1978", "section": "General Awareness", "topic": "Polity", "difficulty": "moderate", "text": {"en": "[General Awareness/Polity] Sample exam-style question #1978: Choose the correct option."}, "options": {"en": ["Option A1978", "Option B1978", "Option C1978", "Option D1978"]}, "answerIndex": 2}, {"id": "MA_1906", "section": "Mathematics", "topic": "Time&Work", "difficulty": "moderate", "text": {"en": "[Mathematics/Time&Work] Sample exam-style question #1906: Choose the correct option."}, "options": {"en": ["Option A1906", "Option B1906", "Option C1906", "Option D1906"]}, "answerIndex": 2}, {"id": "MA_1917", "section": "Mathematics", "topic": "DI", "difficulty": "moderate", "text": {"en": "[Mathematics/DI] Sample exam-style question #1917: Choose the correct option."}, "options": {"en": ["Option A1917", "Option B1917", "Option C1917", "Option D1917"]}, "answerIndex": 1}, {"id": "RE_1958", "section": "Reasoning", "topic": "Coding", "difficulty": "moderate", "text": {"en": "[Reasoning/Coding] Sample exam-style question #1958: Choose the correct option."}, "options": {"en": ["Option A1958", "Option B1958", "Option C1958", "Option D1958"]}, "answerIndex": 2}, {"id": "MA_1907", "section": "Mathematics", "topic": "CI", "difficulty": "moderate", "text": {"en": "[Mathematics/CI] Sample exam-style question #1907: Choose the correct option."}, "options": {"en": ["Option A1907", "Option B1907", "Option C1907", "Option D1907"]}, "answerIndex": 3}, {"id": "RE_1953", "section": "Reasoning", "topic": "Analogy", "difficulty": "moderate", "text": {"en": "[Reasoning/Analogy] Sample exam-style question #1953: Choose the correct option."}, "options": {"en": ["Option A1953", "Option B1953", "Option C1953", "Option D1953"]}, "answerIndex": 1}, {"id": "RE_1940", "section": "Reasoning", "topic": "Coding", "difficulty": "moderate", "text": {"en": "[Reasoning/Coding] Sample exam-style question #1940: Choose the correct option."}, "options": {"en": ["Option A1940", "Option B1940", "Option C1940", "Option D1940"]}, "answerIndex": 0}, {"id": "RE_1936", "section": "Reasoning", "topic": "Syllogism", "difficulty": "moderate", "text": {"en": "[Reasoning/Syllogism] Sample exam-style question #1936: Choose the correct option."}, "options": {"en": ["Option A1936", "Option B1936", "Option C1936", "Option D1936"]}, "answerIndex": 0}, {"id": "GE_1968", "section": "General Awareness", "topic": "Geography", "difficulty": "moderate", "text": {"en": "[General Awareness/Geography] Sample exam-style question #1968: Choose the correct option."}, "options": {"en": ["Option A1968", "Option B1968", "Option C1968", "Option D1968"]}, "answerIndex": 0}, {"id": "GE_1967", "section": "General Awareness", "topic": "Polity", "difficulty": "moderate", "text": {"en": "[General Awareness/Polity] Sample exam-style question #1967: Choose the correct option."}, "options": {"en": ["Option A1967", "Option B1967", "Option C1967", "Option D1967"]}, "answerIndex": 3}, {"id": "RE_1954", "section": "Reasoning", "topic": "Puzzle", "difficulty": "moderate", "text": {"en": "[Reasoning/Puzzle] Sample exam-style question #1954: Choose the correct option."}, "options": {"en": ["Option A1954", "Option B1954", "Option C1954", "Option D1954"]}, "answerIndex": 2}, {"id": "RE_1947", "section": "Reasoning", "topic": "Puzzle", "difficulty": "moderate", "text": {"en": "[Reasoning/Puzzle] Sample exam-style question #1947: Choose the correct option."}, "options": {"en": ["Option A1947", "Option B1947", "Option C1947", "Option D1947"]}, "answerIndex": 3}, {"id": "RE_1935", "section": "Reasoning", "topic": "Coding", "difficulty": "moderate", "text": {"en": "[Reasoning/Coding] Sample exam-style question #1935: Choose the correct option."}, "options": {"en": ["Option A1935", "Option B1935", "Option C1935", "Option D1935"]}, "answerIndex": 3}, {"id": "GE_1977", "section": "General Awareness", "topic": "Geography", "difficulty": "moderate", "text": {"en": "[General Awareness/Geography] Sample exam-style question #1977: Choose the correct option."}, "options": {"en": ["Option A1977", "Option B1977", "Option C1977", "Option D1977"]}, "answerIndex": 1}, {"id": "GE_1995", "section": "General Awareness", "topic": "Science", "difficulty": "moderate", "text": {"en": "[General Awareness/Science] Sample exam-style question #1995: Choose the correct option."}, "options": {"en": ["Option A1995", "Option B1995", "Option C1995", "Option D1995"]}, "answerIndex": 3}, {"id": "RE_1938", "section": "Reasoning", "topic": "Coding", "difficulty": "moderate", "text": {"en": "[Reasoning/Coding] Sample exam-style question #1938: Choose the correct option."}, "options": {"en": ["Option A1938", "Option B1938", "Option C1938", "Option D1938"]}, "answerIndex": 2}, {"id": "MA_1923", "section": "Mathematics", "topic": "Time&Work", "difficulty": "moderate", "text": {"en": "[Mathematics/Time&Work] Sample exam-style question #1923: Choose the correct option."}, "options": {"en": ["Option A1923", "Option B1923", "Option C1923", "Option D1923"]}, "answerIndex": 3}, {"id": "GE_1975", "section": "General Awareness", "topic": "Polity", "difficulty": "moderate", "text": {"en": "[General Awareness/Polity] Sample exam-style question #1975: Choose the correct option."}, "options": {"en": ["Option A1975", "Option B1975", "Option C1975", "Option D1975"]}, "answerIndex": 3}, {"id": "RE_1952", "section": "Reasoning", "topic": "Analogy", "difficulty": "moderate", "text": {"en": "[Reasoning/Analogy] Sample exam-style question #1952: Choose the correct option."}, "options": {"en": ["Option A1952", "Option B1952", "Option C1952", "Option D1952"]}, "answerIndex": 0}, {"id": "RE_1960", "section": "Reasoning", "topic": "Series", "difficulty": "moderate", "text": {"en": "[Reasoning/Series] Sample exam-style question #1960: Choose the correct option."}, "options": {"en": ["Option A1960", "Option B1960", "Option C1960", "Option D1960"]}, "answerIndex": 0}, {"id": "MA_1904", "section": "Mathematics", "topic": "Ratio", "difficulty": "moderate", "text": {"en": "[Mathematics/Ratio] Sample exam-style question #1904: Choose the correct option."}, "options": {"en": ["Option A1904", "Option B1904", "Option C1904", "Option D1904"]}, "answerIndex": 0}, {"id": "MA_1915", "section": "Mathematics", "topic": "Ratio", "difficulty": "moderate", "text": {"en": "[Mathematics/Ratio] Sample exam-style question #1915: Choose the correct option."}, "options": {"en": ["Option A1915", "Option B1915", "Option C1915", "Option D1915"]}, "answerIndex": 3}]}