{"testId": "015", "questions": [{"id": "GE_1466", "section": "General Awareness", "topic": "Polity", "difficulty": "moderate", "text": {"en": "[General Awareness/Polity] Sample exam-style question #1466: Choose the correct option."}, "options": {"en": ["Option A1466", "Option B1466", "Option C1466", "Option D1466"]}, "answerIndex": 2}, {"id": "GE_1475", "section": "General Awareness", "topic": "Economy", "difficulty": "moderate", "text": {"en": "[General Awareness/Economy] Sample exam-style question #1475: Choose the correct option."}, "options": {"en": ["Option A1475", "Option B1475", "Option C1475", "Option D1475"]}, "answerIndex": 3}, {"id": "RE_1448", "section": "Reasoning", "topic": "Syllogism", "difficulty": "moderate", "text": {"en": "[Reasoning/Syllogism] Sample exam-style question #1448: Choose the correct option."}, "options": {"en": ["Option A1448", "Option B1448", "Option C1448", "Option D1448"]}, "answerIndex": 0}, {"id": "MA_1410", "section": "Mathematics", "topic": "SI", "difficulty": "moderate", "text": {"en": "[Mathematics/SI] Sample exam-style question #1410: Choose the correct option."}, "options": {"en": ["Option A1410", "Option B1410", "Option C1410", "Option D1410"]}, "answerIndex": 2}, {"id": "GE_1461", "section": "General Awareness", "topic": "Current Affairs", "difficulty": "moderate", "text": {"en": "[General Awareness/Current Affairs] Sample exam-style question #1461: Choose the correct option."}, "options": {"en": ["Option A1461", "Option B1461", "Option C1461", "Option D1461"]}, "answerIndex": 1}, {"id": "MA_1419", "section": "Mathematics", "topic": "SI", "difficulty": "moderate", "text": {"en": "[Mathematics/SI] Sample exam-style question #1419: Choose the correct option."}, "options": {"en": ["Option A1419", "Option B1419", "Option C1419", "Option D1419"]}, "answerIndex": 3}, {"id": "RE_1459", "section": "Reasoning", "topic": "Analogy", "difficulty": "moderate", "text": {"en": "[Reasoning/Analogy] Sample exam-style question #1459: Choose the correct option."}, "options": {"en": ["Option A1459", "Option B1459", "Option C1459", "Option D1459"]}, "answerIndex": 3}, {"id": "MA_1404", "section": "Mathematics", "topic": "SI", "difficulty": "moderate", "text": {"en": "[Mathematics/SI] Sample exam-style question #1404: Choose the correct option."}, "options": {"en": ["Option A1404", "Option B1404", "Option C1404", "Option D1404"]}, "answerIndex": 0}, {"id": "RE_1447", "section": "Reasoning", "topic": "Puzzle", "difficulty": "moderate", "text": {"en": "[Reasoning/Puzzle] Sample exam-style question #1447: Choose the correct option."}, "options": {"en": ["Option A1447", "Option B1447", "Option C1447", "Option D1447"]}, "answerIndex": 3}, {"id": "RE_1435", "section": "Reasoning", "topic": "Direction", "difficulty": "moderate", "text": {"en": "[Reasoning/Direction] Sample exam-style question #1435: Choose the correct option."}, "options": {"en": ["Option A1435", "Option B1435", "Option C1435", "Option D1435"]}, "answerIndex": 3}, {"id": "RE_1432", "section": "Reasoning", "topic": "Syllogism", "difficulty": "moderate", "text": {"en": "[Reasoning/Syllogism] Sample exam-style question #1432: Choose the correct option."}, "options": {"en": ["Option A1432", "Option B1432", "Option C1432", "Option D1432"]}, "answerIndex": 0}, {"id": "MA_1424", "section": "Mathematics", "topic": "Percentage", "difficulty": "moderate", "text": {"en": "[Mathematics/Percentage] Sample exam-style question #1424: Choose the correct option."}, "options": {"en": ["Option A1424", "Option B1424", "Option C1424", "Option D1424"]}, "answerIndex": 0}, {"id": "MA_1413", "section": "Mathematics", "topic": "Speed", "difficulty": "moderate", "text": {"en": "[Mathematics/Speed] Sample exam-style question #1413: Choose the correct option."}, "options": {"en": ["Option A1413", "Option B1413", "Option C1413", "Option D1413"]}, "answerIndex": 1}, {"id": "MA_1423", "section": "Mathematics", "topic": "CI", "difficulty": "moderate", "text": {"en": "[Mathematics/CI] Sample exam-style question #1423: Choose the correct option."}, "options": {"en": ["Option A1423", "Option B1423", "Option C1423", "Option D1423"]}, "answerIndex": 3}, {"id": "GE_1479", "section": "General Awareness", "topic": "Science", "difficulty": "moderate", "text": {"en": "[General Awareness/Science] Sample exam-style question #1479: Choose the correct option."}, "options": {"en": ["Option A1479", "Option B1479", "Option C1479", "Option D1479"]}, "answerIndex": 3}, {"id": "GE_1473", "section": "General Awareness", "topic": "Geography", "difficulty": "moderate", "text": {"en": "[General Awareness/Geography] Sample exam-style question #1473: Choose the correct option."}, "options": {"en": ["Option A1473", "Option B1473", "Option C1473", "Option D1473"]}, "answerIndex": 1}, {"id": "RE_1438", "section": "Reasoning", "topic": "Puzzle", "difficulty": "moderate", "text": {"en": "[Reasoning/Puzzle] Sample exam-style question #1438: Choose the correct option."}, "options": {"en": ["Option A1438", "Option B1438", "Option C1438", "Option D1438"]}, "answerIndex": 2}, {"id": "RE_1450", "section": "Reasoning", "topic": "Analogy", "difficulty": "moderate", "text": {"en": "[Reasoning/Analogy] Sample exam-style question #1450: Choose the correct option."}, "options": {"en": ["Option A1450", "Option B1450", "Option C1450", "Option D1450"]}, "answerIndex": 2}, {"id": "MA_1429", "section": "Mathematics", "topic": "Time&Work", "difficulty": "moderate", "text": {"en": "[Mathematics/Time&Work] Sample exam-style question #1429: Choose the correct option."}, "options": {"en": ["Option A1429", "Option B1429", "Option C1429", "Option D1429"]}, "answerIndex": 1}, {"id": "MA_1420", "section": "Mathematics", "topic": "Ratio", "difficulty": "moderate", "text": {"en": "[Mathematics/Ratio] Sample exam-style question #1420: Choose the correct option."}, "options": {"en": ["Option A1420", "Option B1420", "Option C1420", "Option D1420"]}, "answerIndex": 0}, {"id": "GE_1495", "section": "General Awareness", "topic": "Current Affairs", "difficulty": "moderate", "text": {"en": "[General Awareness/Current Affairs] Sample exam-style question #1495: Choose the correct option."}, "options": {"en": ["Option A1495", "Option B1495", "Option C1495", "Option D1495"]}, "answerIndex": 3}, {"id": "RE_1441", "section": "Reasoning", "topic": "Series", "difficulty": "moderate", "text": {"en": "[Reasoning/Series] Sample exam-style question #1441: Choose the correct option."}, "options": {"en": ["Option A1441", "Option B1441", "Option C1441", "Option D1441"]}, "answerIndex": 1}, {"id": "MA_1417", "section": "Mathematics", "topic": "CI", "difficulty": "moderate", "text": {"en": "[Mathematics/CI] Sample exam-style question #1417: Choose the correct option."}, "options": {"en": ["Option A1417", "Option B1417", "Option C1417", "Option D1417"]}, "answerIndex": 1}, {"id": "MA_1421", "section": "Mathematics", "topic": "CI", "difficulty": "moderate", "text": {"en": "[Mathematics/CI] Sample exam-style question #1421: Choose the correct option."}, "options": {"en": ["Option A1421", "Option B1421", "Option C1421", "Option D1421"]}, "answerIndex": 1}, {"id": "GE_1478", "section": "General Awareness", "topic": "History", "difficulty": "moderate", "text": {"en": "[General Awareness/History] Sample exam-style question #1478: Choose the correct option."}, "options": {"en": ["Option A1478", "Option B1478", "Option C1478", "Option D1478"]}, "answerIndex": 2}, {"id": "MA_1418", "section": "Mathematics", "topic": "DI", "difficulty": "moderate", "text": {"en": "[Mathematics/DI] Sample exam-style question #1418: Choose the correct option."}, "options": {"en": ["Option A1418", "Option B1418", "Option C1418", "Option D1418"]}, "answerIndex": 2}, {"id": "MA_1411", "section": "Mathematics", "topic": "Time&Work", "difficulty": "moderate", "text": {"en": "[Mathematics/Time&Work] Sample exam-style question #1411: Choose the correct option."}, "options": {"en": ["Option A1411", "Option B1411", "Option C1411", "Option D1411"]}, "answerIndex": 3}, {"id": "RE_1451", "section": "Reasoning", "topic": "Coding", "difficulty": "moderate", "text": {"en": "[Reasoning/Coding] Sample exam-style question #1451: Choose the correct option."}, "options": {"en": ["Option A1451", "Option B1451", "Option C1451", "Option D1451"]}, "answerIndex": 3}, {"id": "GE_1489", "section": "General Awareness", "topic": "Geography", "difficulty": "moderate", "text": {"en": "[General Awareness/Geography] Sample exam-style question #1489: Choose the correct option."}, "options": {"en": ["Option A1489", "Option B1489", "Option C1489", "Option D1489"]}, "answerIndex": 1}, {"id": "GE_1493", "section": "General Awareness", "topic": "History", "difficulty": "moderate", "text": {"en": "[General Awareness/History] Sample exam-style question #1493: Choose the correct option."}, "options": {"en": ["Option A1493", "Option B1493", "Option C1493", "Option D1493"]}, "answerIndex": 1}, {"id": "MA_1408", "section": "Mathematics", "topic": "Percentage", "difficulty": "moderate", "text": {"en": "[Mathematics/Percentage] Sample exam-style question #1408: Choose the correct option."}, "options": {"en": ["Option A1408", "Option B1408", "Option C1408", "Option D1408"]}, "answerIndex": 0}, {"id": "GE_1496", "section": "General Awareness", "topic": "Current Affairs", "difficulty": "moderate", "text": {"en": "[General Awareness/Current Affairs] Sample exam-style question #1496: Choose the correct option."}, "options": {"en": ["Option A1496", "Option B1496", "Option C1496", "Option D1496"]}, "answerIndex": 0}, {"id": "RE_1446", "section": "Reasoning", "topic": "Coding", "difficulty": "moderate", "text": {"en": "[Reasoning/Coding] Sample exam-style question #1446: Choose the correct option."}, "options": {"en": ["Option A1446", "Option B1446", "Option C1446", "Option D1446"]}, "answerIndex": 2}, {"id": "MA_1428", "section": "Mathematics", "topic": "SI", "difficulty": "moderate", "text": {"en": "[Mathematics/SI] Sample exam-style question #1428: Choose the correct option."}, "options": {"en": ["Option A1428", "Option B1428", "Option C1428", "Option D1428"]}, "answerIndex": 0}, {"id": "GE_1481", "section": "General Awareness", "topic": "Science", "difficulty": "moderate", "text": {"en": "[General Awareness/Science] Sample exam-style question #1481: Choose the correct option."}, "options": {"en": ["Option A1481", "Option B1481", "Option C1481", "Option D1481"]}, "answerIndex": 1}, {"id": "MA_1422", "section": "Mathematics", "topic": "DI", "difficulty": "moderate", "text": {"en": "[Mathematics/DI] Sample exam-style question #1422: Choose the correct option."}, "options": {"en": ["Option A1422", "Option B1422", "Option C1422", "Option D1422"]}, "answerIndex": 2}, {"id": "GE_1497", "section": "General Awareness", "topic": "Current Affairs", "difficulty": "moderate", "text": {"en": "[General Awareness/Current Affairs] Sample exam-style question #1497: Choose the correct option."}, "options": {"en": ["Option A1497", "Option B1497", "Option C1497", "Option D1497"]}, "answerIndex": 1}, {"id": "GE_1488", "section": "General Awareness", "topic": "Current Affairs", "difficulty": "moderate", "text": {"en": "[General Awareness/Current Affairs] Sample exam-style question #1488: Choose the correct option."}, "options": {"en": ["Option A1488", "Option B1488", "Option C1488", "Option D1488"]}, "answerIndex": 0}, {"id": "RE_1442", "section": "Reasoning", "topic": "Puzzle", "difficulty": "moderate", "text": {"en": "[Reasoning/Puzzle] Sample exam-style question #1442: Choose the correct option."}, "options": {"en": ["Option A1442", "Option B1442", "Option C1442", "Option D1442"]}, "answerIndex": 2}, {"id": "MA_1425", "section": "Mathematics", "topic": "Ratio", "difficulty": "moderate", "text": {"en": "[Mathematics/Ratio] Sample exam-style question #1425: Choose the correct option."}, "options": {"en": ["Option A1425", "Option B1425", "Option C1425", "Option D1425"]}, "answerIndex": 1}, {"id": "GE_1494", "section": "General Awareness", "topic": "History", "difficulty": "moderate", "text": {"en": "[General Awareness/History] Sample exam-style question #1494: Choose the correct option."}, "options": {"en": ["Option A1494", "Option B1494", "Option C1494", "Option D1494"]}, "answerIndex": 2}, {"id": "RE_1445", "section": "Reasoning", "topic": "Syllogism", "difficulty": "moderate", "text": {"en": "[Reasoning/Syllogism] Sample exam-style question #1445: Choose the correct option."}, "options": {"en": ["Option A1445", "Option B1445", "Option C1445", "Option D1445"]}, "answerIndex": 1}, {"id": "MA_1405", "section": "Mathematics", "topic": "Speed", "difficulty": "moderate", "text": {"en": "[Mathematics/Speed] Sample exam-style question #1405: Choose the correct option."}, "options": {"en": ["Option A1405", "Option B1405", "Option C1405", "Option D1405"]}, "answerIndex": 1}, {"id": "RE_1460", "section": "Reasoning", "topic": "Series", "difficulty": "moderate", "text": {"en": "[Reasoning/Series] Sample exam-style question #1460: Choose the correct option."}, "options": {"en": ["Option A1460", "Option B1460", "Option C1460", "Option D1460"]}, "answerIndex": 0}, {"id": "RE_1431", "section": "Reasoning", "topic": "Analogy", "difficulty": "moderate", "text": {"en": "[Reasoning/Analogy] Sample exam-style question #1431: Choose the correct option."}, "options": {"en": ["Option A1431", "Option B1431", "Option C1431", "Option D1431"]}, "answerIndex": 3}, {"id": "MA_1403", "section": "Mathematics", "topic": "CI", "difficulty": "moderate", "text": {"en": "[Mathematics/CI] Sample exam-style question #1403: Choose the correct option."}, "options": {"en": ["Option A1403", "Option B1403", "Option C1403", "Option D1403"]}, "answerIndex": 3}, {"id": "MA_1416", "section": "Mathematics", "topic": "SI", "difficulty": "moderate", "text": {"en": "[Mathematics/SI] Sample exam-style question #1416: Choose the correct option."}, "options": {"en": ["Option A1416", "Option B1416", "Option C1416", "Option D1416"]}, "answerIndex": 0}, {"id": "GE_1472", "section": "General Awareness", "topic": "Geography", "difficulty": "moderate", "text": {"en": "[General Awareness/Geography] Sample exam-style question #1472: Choose the correct option."}, "options": {"en": ["Option A1472", "Option B1472", "Option C1472", "Option D1472"]}, "answerIndex": 0}, {"id": "GE_1471", "section": "General Awareness", "topic": "Polity", "difficulty": "moderate", "text": {"en": "[General Awareness/Polity] Sample exam-style question #1471: Choose the correct option."}, "options": {"en": ["Option A1471", "Option B1471", "Option C1471", "Option D1471"]}, "answerIndex": 3}, {"id": "GE_1474", "section": "General Awareness", "topic": "Current Affairs", "difficulty": "moderate", "text": {"en": "[General Awareness/Current Affairs] Sample exam-style question #1474: Choose the correct option."}, "options": {"en": ["Option A1474", "Option B1474", "Option C1474", "Option D1474"]}, "answerIndex": 2}, {"id": "RE_1454", "section": "Reasoning", "topic": "Analogy", "difficulty": "moderate", "text": {"en": "[Reasoning/Analogy] Sample exam-style question #1454: Choose the correct option."}, "options": {"en": ["Option A1454", "Option B1454", "Option C1454", "Option D1454"]}, "answerIndex": 2}, {"id": "GE_1486", "section": "General Awareness", "topic": "Economy", "difficulty": "moderate", "text": {"en": "[General Awareness/Economy] Sample exam-style question #1486: Choose the correct option."}, "options": {"en": ["Option A1486", "Option B1486", "Option C1486", "Option D1486"]}, "answerIndex": 2}, {"id": "MA_1426", "section": "Mathematics", "topic": "CI", "difficulty": "moderate", "text": {"en": "[Mathematics/CI] Sample exam-style question #1426: Choose the correct option."}, "options": {"en": ["Option A1426", "Option B1426", "Option C1426", "Option D1426"]}, "answerIndex": 2}, {"id": "RE_1458", "section": "Reasoning", "topic": "Coding", "difficulty": "moderate", "text": {"en": "[Reasoning/Coding] Sample exam-style question #1458: Choose the correct option."}, "options": {"en": ["Option A1458", "Option B1458", "Option C1458", "Option D1458"]}, "answerIndex": 2}, {"id": "GE_1491", "section": "General Awareness", "topic": "Economy", "difficulty": "moderate", "text": {"en": "[General Awareness/Economy] Sample exam-style question #1491: Choose the correct option."}, "options": {"en": ["Option A1491", "Option B1491", "Option C1491", "Option D1491"]}, "answerIndex": 3}, {"id": "RE_1434", "section": "Reasoning", "topic": "Analogy", "difficulty": "moderate", "text": {"en": "[Reasoning/Analogy] Sample exam-style question #1434: Choose the correct option."}, "options": {"en": ["Option A1434", "Option B1434", "Option C1434", "Option D1434"]}, "answerIndex": 2}, {"id": "MA_1412", "section": "Mathematics", "topic": "SI", "difficulty": "moderate", "text": {"en": "[Mathematics/SI] Sample exam-style question #1412: Choose the correct option."}, "options": {"en": ["Option A1412", "Option B1412", "Option C1412", "Option D1412"]}, "answerIndex": 0}, {"id": "MA_1401", "section": "Mathematics", "topic": "Percentage", "difficulty": "moderate", "text": {"en": "[Mathematics/Percentage] Sample exam-style question #1401: Choose the correct option."}, "options": {"en": ["Option A1401", "Option B1401", "Option C1401", "Option D1401"]}, "answerIndex": 1}, {"id": "MA_1407", "section": "Mathematics", "topic": "Ratio", "difficulty": "moderate", "text": {"en": "[Mathematics/Ratio] Sample exam-style question #1407: Choose the correct option."}, "options": {"en": ["Option A1407", "Option B1407", "Option C1407", "Option D1407"]}, "answerIndex": 3}, {"id": "GE_1470", "section": "General Awareness", "topic": "History", "difficulty": "moderate", "text": {"en": "[General Awareness/History] Sample exam-style question #1470: Choose the correct option."}, "options": {"en": ["Option A1470", "Option B1470", "Option C1470", "Option D1470"]}, "answerIndex": 2}, {"id": "MA_1427", "section": "Mathematics", "topic": "Time&Work", "difficulty": "moderate", "text": {"en": "[Mathematics/Time&Work] Sample exam-style question #1427: Choose the correct option."}, "options": {"en": ["Option A1427", "Option B1427", "Option C1427", "Option D1427"]}, "answerIndex": 3}, {"id": "GE_1500", "section": "General Awareness", "topic": "Geography", "difficulty": "moderate", "text": {"en": "[General Awareness/Geography] Sample exam-style question #1500: Choose the correct option."}, "options": {"en": ["Option A1500", "Option B1500", "Option C1500", "Option D1500"]}, "answerIndex": 0}, {"id": "GE_1467", "section": "General Awareness", "topic": "Science", "difficulty": "moderate", "text": {"en": "[General Awareness/Science] Sample exam-style question #1467: Choose the correct option."}, "options": {"en": ["Option A1467", "Option B1467", "Option C1467", "Option D1467"]}, "answerIndex": 3}, {"id": "RE_1444", "section": "Reasoning", "topic": "Direction", "difficulty": "moderate", "text": {"en": "[Reasoning/Direction] Sample exam-style question #1444: Choose the correct option."}, "options": {"en": ["Option A1444", "Option B1444", "Option C1444", "Option D1444"]}, "answerIndex": 0}, {"id": "GE_1469", "section": "General Awareness", "topic": "Current Affairs", "difficulty": "moderate", "text": {"en": "[General Awareness/Current Affairs] Sample exam-style question #1469: Choose the correct option."}, "options": {"en": ["Option A1469", "Option B1469", "Option C1469", "Option D1469"]}, "answerIndex": 1}, {"id": "RE_1457", "section": "Reasoning", "topic": "Analogy", "difficulty": "moderate", "text": {"en": "[Reasoning/Analogy] Sample exam-style question #1457: Choose the correct option."}, "options": {"en": ["Option A1457", "Option B1457", "Option C1457", "Option D1457"]}, "answerIndex": 1}, {"id": "RE_1437", "section": "Reasoning", "topic": "Series", "difficulty": "moderate", "text": {"en": "[Reasoning/Series] Sample exam-style question #1437: Choose the correct option."}, "options": {"en": ["Option A1437", "Option B1437", "Option C1437", "Option D1437"]}, "answerIndex": 1}, {"id": "RE_1455", "section": "Reasoning", "topic": "Analogy", "difficulty": "moderate", "text": {"en": "[Reasoning/Analogy] Sample exam-style question #1455: Choose the correct option."}, "options": {"en": ["Option A1455", "Option B1455", "Option C1455", "Option D1455"]}, "answerIndex": 3}, {"id": "RE_1433", "section": "Reasoning", "topic": "Series", "difficulty": "moderate", "text": {"en": "[Reasoning/Series] Sample exam-style question #1433: Choose the correct option."}, "options": {"en": ["Option A1433", "Option B1433", "Option C1433", "Option D1433"]}, "answerIndex": 1}, {"id": "MA_1409", "section": "Mathematics", "topic": "CI", "difficulty": "moderate", "text": {"en": "[Mathematics/CI] Sample exam-style question #1409: Choose the correct option."}, "options": {"en": ["Option A1409", "Option B1409", "Option C1409", "Option D1409"]}, "answerIndex": 1}, {"id": "GE_1483", "section": "General Awareness", "topic": "Geography", "difficulty": "moderate", "text": {"en": "[General Awareness/Geography] Sample exam-style question #1483: Choose the correct option."}, "options": {"en": ["Option A1483", "Option B1483", "Option C1483", "Option D1483"]}, "answerIndex": 3}, {"id": "RE_1449", "section": "Reasoning", "topic": "Coding", "difficulty": "moderate", "text": {"en": "[Reasoning/Coding] Sample exam-style question #1449: Choose the correct option."}, "options": {"en": ["Option A1449", "Option B1449", "Option C1449", "Option D1449"]}, "answerIndex": 1}, {"id": "GE_1484", "section": "General Awareness", "topic": "History", "difficulty": "moderate", "text": {"en": "[General Awareness/History] Sample exam-style question #1484: Choose the correct option."}, "options": {"en": ["Option A1484", "Option B1484", "Option C1484", "Option D1484"]}, "answerIndex": 0}, {"id": "MA_1406", "section": "Mathematics", "topic": "Time&Work", "difficulty": "moderate", "text": {"en": "[Mathematics/Time&Work] Sample exam-style question #1406: Choose the correct option."}, "options": {"en": ["Option A1406", "Option B1406", "Option C1406", "Option D1406"]}, "answerIndex": 2}, {"id": "GE_1499", "section": "General Awareness", "topic": "Science", "difficulty": "moderate", "text": {"en": "[General Awareness/Science] Sample exam-style question #1499: Choose the correct option."}, "options": {"en": ["Option A1499", "Option B1499", "Option C1499", "Option D1499"]}, "answerIndex": 3}, {"id": "GE_1477", "section": "General Awareness", "topic": "History", "difficulty": "moderate", "text": {"en": "[General Awareness/History] Sample exam-style question #1477: Choose the correct option."}, "options": {"en": ["Option A1477", "Option B1477", "Option C1477", "Option D1477"]}, "answerIndex": 1}, {"id": "MA_1430", "section": "Mathematics", "topic": "SI", "difficulty": "moderate", "text": {"en": "[Mathematics/SI] Sample exam-style question #1430: Choose the correct option."}, "options": {"en": ["Option A1430", "Option B1430", "Option C1430", "Option D1430"]}, "answerIndex": 2}, {"id": "RE_1443", "section": "Reasoning", "topic": "Analogy", "difficulty": "moderate", "text": {"en": "[Reasoning/Analogy] Sample exam-style question #1443: Choose the correct option."}, "options": {"en": ["Option A1443", "Option B1443", "Option C1443", "Option D1443"]}, "answerIndex": 3}, {"id": "GE_1465", "section": "General Awareness", "topic": "Economy", "difficulty": "moderate", "text": {"en": "[General Awareness/Economy] Sample exam-style question #1465: Choose the correct option."}, "options": {"en": ["Option A1465", "Option B1465", "Option C1465", "Option D1465"]}, "answerIndex": 1}, {"id": "GE_1482", "section": "General Awareness", "topic": "Science", "difficulty": "moderate", "text": {"en": "[General Awareness/Science] Sample exam-style question #1482: Choose the correct option."}, "options": {"en": ["Option A1482", "Option B1482", "Option C1482", "Option D1482"]}, "answerIndex": 2}, {"id": "GE_1464", "section": "General Awareness", "topic": "Geography", "difficulty": "moderate", "text": {"en": "[General Awareness/Geography] Sample exam-style question #1464: Choose the correct option."}, "options": {"en": ["Option A1464", "Option B1464", "Option C1464", "Option D1464"]}, "answerIndex": 0}, {"id": "RE_1453", "section": "Reasoning", "topic": "Syllogism", "difficulty": "moderate", "text": {"en": "[Reasoning/Syllogism] Sample exam-style question #1453: Choose the correct option."}, "options": {"en": ["Option A1453", "Option B1453", "Option C1453", "Option D1453"]}, "answerIndex": 1}, {"id": "MA_1415", "section": "Mathematics", "topic": "Speed", "difficulty": "moderate", "text": {"en": "[Mathematics/Speed] Sample exam-style question #1415: Choose the correct option."}, "options": {"en": ["Option A1415", "Option B1415", "Option C1415", "Option D1415"]}, "answerIndex": 3}, {"id": "GE_1490", "section": "General Awareness", "topic": "Polity", "difficulty": "moderate", "text": {"en": "[General Awareness/Polity] Sample exam-style question #1490: Choose the correct option."}, "options": {"en": ["Option A1490", "Option B1490", "Option C1490", "Option D1490"]}, "answerIndex": 2}, {"id": "MA_1402", "section": "Mathematics", "topic": "DI", "difficulty": "moderate", "text": {"en": "[Mathematics/DI] Sample exam-style question #1402: Choose the correct option."}, "options": {"en": ["Option A1402", "Option B1402", "Option C1402", "Option D1402"]}, "answerIndex": 2}, {"id": "GE_1480", "section": "General Awareness", "topic": "Geography", "difficulty": "moderate", "text": {"en": "[General Awareness/Geography] Sample exam-style question #1480: Choose the correct option."}, "options": {"en": ["Option A1480", "Option B1480", "Option C1480", "Option D1480"]}, "answerIndex": 0}, {"id": "GE_1462", "section": "General Awareness", "topic": "Current Affairs", "difficulty": "moderate", "text": {"en": "[General Awareness/Current Affairs] Sample exam-style question #1462: Choose the correct option."}, "options": {"en": ["Option A1462", "Option B1462", "Option C1462", "Option D1462"]}, "answerIndex": 2}, {"id": "RE_1440", "section": "Reasoning", "topic": "Analogy", "difficulty": "moderate", "text": {"en": "[Reasoning/Analogy] Sample exam-style question #1440: Choose the correct option."}, "options": {"en": ["Option A1440", "Option B1440", "Option C1440", "Option D1440"]}, "answerIndex": 0}, {"id": "GE_1485", "section": "General Awareness", "topic": "Geography", "difficulty": "moderate", "text": {"en": "[General Awareness/Geography] Sample exam-style question #1485: Choose the correct option."}, "options": {"en": ["Option A1485", "Option B1485", "Option C1485", "Option D1485"]}, "answerIndex": 1}, {"id": "GE_1476", "section": "General Awareness", "topic": "History", "difficulty": "moderate", "text": {"en": "[General Awareness/History] Sample exam-style question #1476: Choose the correct option."}, "options": {"en": ["Option A1476", "Option B1476", "Option C1476", "Option D1476"]}, "answerIndex": 0}, {"id": "RE_1456", "section": "Reasoning", "topic": "Analogy", "difficulty": "moderate", "text": {"en": "[Reasoning/Analogy] Sample exam-style question #1456: Choose the correct option."}, "options": {"en": ["Option A1456", "Option B1456", "Option C1456", "Option D1456"]}, "answerIndex": 0}, {"id": "RE_1436", "section": "Reasoning", "topic": "Syllogism", "difficulty": "moderate", "text": {"en": "[Reasoning/Syllogism] Sample exam-style question #1436: Choose the correct option."}, "options": {"en": ["Option A1436", "Option B1436", "Option C1436", "Option D1436"]}, "answerIndex": 0}, {"id": "RE_1452", "section": "Reasoning", "topic": "Puzzle", "difficulty": "moderate", "text": {"en": "[Reasoning/Puzzle] Sample exam-style question #1452: Choose the correct option."}, "options": {"en": ["Option A1452", "Option B1452", "Option C1452", "Option D1452"]}, "answerIndex": 0}, {"id": "GE_1487", "section": "General Awareness", "topic": "Geography", "difficulty": "moderate", "text": {"en": "[General Awareness/Geography] Sample exam-style question #1487: Choose the correct option."}, "options": {"en": ["Option A1487", "Option B1487", "Option C1487", "Option D1487"]}, "answerIndex": 3}, {"id": "GE_1492", "section": "General Awareness", "topic": "Polity", "difficulty": "moderate", "text": {"en": "[General Awareness/Polity] Sample exam-style question #1492: Choose the correct option."}, "options": {"en": ["Option A1492", "Option B1492", "Option C1492", "Option D1492"]}, "answerIndex": 0}, {"id": "GE_1468", "section": "General Awareness", "topic": "Geography", "difficulty": "moderate", "text": {"en": "[General Awareness/Geography] Sample exam-style question #1468: Choose the correct option."}, "options": {"en": ["Option A1468", "Option B1468", "Option C1468", "Option D1468"]}, "answerIndex": 0}, {"id": "GE_1463", "section": "General Awareness", "topic": "Polity", "difficulty": "moderate", "text": {"en": "[General Awareness/Polity] Sample exam-style question #1463: Choose the correct option."}, "options": {"en": ["Option A1463", "Option B1463", "Option C1463", "Option D1463"]}, "answerIndex": 3}, {"id": "RE_1439", "section": "Reasoning", "topic": "Analogy", "difficulty": "moderate", "text": {"en": "[Reasoning/Analogy] Sample exam-style question #1439: Choose the correct option."}, "options": {"en": ["Option A1439", "Option B1439", "Option C1439", "Option D1439"]}, "answerIndex": 3}, {"id": "GE_1498", "section": "General Awareness", "topic": "Economy", "difficulty": "moderate", "text": {"en": "[General Awareness/Economy] Sample exam-style question #1498: Choose the correct option."}, "options": {"en": ["Option A1498", "Option B1498", "Option C1498", "Option D1498"]}, "answerIndex": 2}, {"id": "MA_1414", "section": "Mathematics", "topic": "CI", "difficulty": "moderate", "text": {"en": "[Mathematics/CI] Sample exam-style question #1414: Choose the correct option."}, "options": {"en": ["Option A1414", "Option B1414", "Option C1414", "Option D1414"]}, "answerIndex": 2}]}