{"testId": "023", "questions": [{"id": "RE_2253", "section": "Reasoning", "topic": "Puzzle", "difficulty": "moderate", "text": {"en": "[Reasoning/Puzzle] Sample exam-style question #2253: Choose the correct option."}, "options": {"en": ["Option A2253", "Option B2253", "Option C2253", "Option D2253"]}, "answerIndex": 1}, {"id": "GE_2287", "section": "General Awareness", "topic": "Current Affairs", "difficulty": "moderate", "text": {"en": "[General Awareness/Current Affairs] Sample exam-style question #2287: Choose the correct option."}, "options": {"en": ["Option A2287", "Option B2287", "Option C2287", "Option D2287"]}, "answerIndex": 3}, {"id": "GE_2273", "section": "General Awareness", "topic": "Science", "difficulty": "moderate", "text": {"en": "[General Awareness/Science] Sample exam-style question #2273: Choose the correct option."}, "options": {"en": ["Option A2273", "Option B2273", "Option C2273", "Option D2273"]}, "answerIndex": 1}, {"id": "GE_2283", "section": "General Awareness", "topic": "Current Affairs", "difficulty": "moderate", "text": {"en": "[General Awareness/Current Affairs] Sample exam-style question #2283: Choose the correct option."}, "options": {"en": ["Option A2283", "Option B2283", "Option C2283", "Option D2283"]}, "answerIndex": 3}, {"id": "RE_2233", "section": "Reasoning", "topic": "Analogy", "difficulty": "moderate", "text": {"en": "[Reasoning/Analogy] Sample exam-style question #2233: Choose the correct option."}, "options": {"en": ["Option A2233", "Option B2233", "Option C2233", "Option D2233"]}, "answerIndex": 1}, {"id": "MA_2216", "section": "Mathematics", "topic": "Ratio", "difficulty": "moderate", "text": {"en": "[Mathematics/Ratio] Sample exam-style question #2216: Choose the correct option."}, "options": {"en": ["Option A2216", "Option B2216", "Option C2216", "Option D2216"]}, "answerIndex": 0}, {"id": "MA_2203", "section": "Mathematics", "topic": "Ratio", "difficulty": "moderate", "text": {"en": "[Mathematics/Ratio] Sample exam-style question #2203: Choose the correct option."}, "options": {"en": ["Option A2203", "Option B2203", "Option C2203", "Option D2203"]}, "answerIndex": 3}, {"id": "GE_2269", "section": "General Awareness", "topic": "Current Affairs", "difficulty": "moderate", "text": {"en": "[General Awareness/Current Affairs] Sample exam-style question #2269: Choose the correct option."}, "options": {"en": ["Option A2269", "Option B2269", "Option C2269", "Option D2269"]}, "answerIndex": 1}, {"id": "GE_2286", "section": "General Awareness", "topic": "Economy", "difficulty": "moderate", "text": {"en": "[General Awareness/Economy] Sample exam-style question #2286: Choose the correct option."}, "options": {"en": ["Option A2286", "Option B2286", "Option C2286", "Option D2286"]}, "answerIndex": 2}, {"id": "MA_2208", "section": "Mathematics", "topic": "CI", "difficulty": "moderate", "text": {"en": "[Mathematics/CI] Sample exam-style question #2208: Choose the correct option."}, "options": {"en": ["Option A2208", "Option B2208", "Option C2208", "Option D2208"]}, "answerIndex": 0}, {"id": "RE_2250", "section": "Reasoning", "topic": "Puzzle", "difficulty": "moderate", "text": {"en": "[Reasoning/Puzzle] Sample exam-style question #2250: Choose the correct option."}, "options": {"en": ["Option A2250", "Option B2250", "Option C2250", "Option D2250"]}, "answerIndex": 2}, {"id": "GE_2276", "section": "General Awareness", "topic": "History", "difficulty": "moderate", "text": {"en": "[General Awareness/History] Sample exam-style question #2276: Choose the correct option."}, "options": {"en": ["Option A2276", "Option B2276", "Option C2276", "Option D2276"]}, "answerIndex": 0}, {"id": "GE_2293", "section": "General Awareness", "topic": "Polity", "difficulty": "moderate", "text": {"en": "[General Awareness/Polity] Sample exam-style question #2293: Choose the correct option."}, "options": {"en": ["Option A2293", "Option B2293", "Option C2293", "Option D2293"]}, "answerIndex": 1}, {"id": "GE_2282", "section": "General Awareness", "topic": "History", "difficulty": "moderate", "text": {"en": "[General Awareness/History] Sample exam-style question #2282: Choose the correct option."}, "options": {"en": ["Option A2282", "Option B2282", "Option C2282", "Option D2282"]}, "answerIndex": 2}, {"id": "MA_2219", "section": "Mathematics", "topic": "DI", "difficulty": "moderate", "text": {"en": "[Mathematics/DI] Sample exam-style question #2219: Choose the correct option."}, "options": {"en": ["Option A2219", "Option B2219", "Option C2219", "Option D2219"]}, "answerIndex": 3}, {"id": "MA_2207", "section": "Mathematics", "topic": "Time&Work", "difficulty": "moderate", "text": {"en": "[Mathematics/Time&Work] Sample exam-style question #2207: Choose the correct option."}, "options": {"en": ["Option A2207", "Option B2207", "Option C2207", "Option D2207"]}, "answerIndex": 3}, {"id": "MA_2218", "section": "Mathematics", "topic": "Speed", "difficulty": "moderate", "text": {"en": "[Mathematics/Speed] Sample exam-style question #2218: Choose the correct option."}, "options": {"en": ["Option A2218", "Option B2218", "Option C2218", "Option D2218"]}, "answerIndex": 2}, {"id": "MA_2212", "section": "Mathematics", "topic": "Ratio", "difficulty": "moderate", "text": {"en": "[Mathematics/Ratio] Sample exam-style question #2212: Choose the correct option."}, "options": {"en": ["Option A2212", "Option B2212", "Option C2212", "Option D2212"]}, "answerIndex": 0}, {"id": "MA_2211", "section": "Mathematics", "topic": "SI", "difficulty": "moderate", "text": {"en": "[Mathematics/SI] Sample exam-style question #2211: Choose the correct option."}, "options": {"en": ["Option A2211", "Option B2211", "Option C2211", "Option D2211"]}, "answerIndex": 3}, {"id": "GE_2274", "section": "General Awareness", "topic": "Current Affairs", "difficulty": "moderate", "text": {"en": "[General Awareness/Current Affairs] Sample exam-style question #2274: Choose the correct option."}, "options": {"en": ["Option A2274", "Option B2274", "Option C2274", "Option D2274"]}, "answerIndex": 2}, {"id": "RE_2246", "section": "Reasoning", "topic": "Series", "difficulty": "moderate", "text": {"en": "[Reasoning/Series] Sample exam-style question #2246: Choose the correct option."}, "options": {"en": ["Option A2246", "Option B2246", "Option C2246", "Option D2246"]}, "answerIndex": 2}, {"id": "MA_2205", "section": "Mathematics", "topic": "Speed", "difficulty": "moderate", "text": {"en": "[Mathematics/Speed] Sample exam-style question #2205: Choose the correct option."}, "options": {"en": ["Option A2205", "Option B2205", "Option C2205", "Option D2205"]}, "answerIndex": 1}, {"id": "GE_2296", "section": "General Awareness", "topic": "Polity", "difficulty": "moderate", "text": {"en": "[General Awareness/Polity] Sample exam-style question #2296: Choose the correct option."}, "options": {"en": ["Option A2296", "Option B2296", "Option C2296", "Option D2296"]}, "answerIndex": 0}, {"id": "MA_2206", "section": "Mathematics", "topic": "Time&Work", "difficulty": "moderate", "text": {"en": "[Mathematics/Time&Work] Sample exam-style question #2206: Choose the correct option."}, "options": {"en": ["Option A2206", "Option B2206", "Option C2206", "Option D2206"]}, "answerIndex": 2}, {"id": "GE_2288", "section": "General Awareness", "topic": "History", "difficulty": "moderate", "text": {"en": "[General Awareness/History] Sample exam-style question #2288: Choose the correct option."}, "options": {"en": ["Option A2288", "Option B2288", "Option C2288", "Option D2288"]}, "answerIndex": 0}, {"id": "RE_2239", "section": "Reasoning", "topic": "Syllogism", "difficulty": "moderate", "text": {"en": "[Reasoning/Syllogism] Sample exam-style question #2239: Choose the correct option."}, "options": {"en": ["Option A2239", "Option B2239", "Option C2239", "Option D2239"]}, "answerIndex": 3}, {"id": "RE_2252", "section": "Reasoning", "topic": "Puzzle", "difficulty": "moderate", "text": {"en": "[Reasoning/Puzzle] Sample exam-style question #2252: Choose the correct option."}, "options": {"en": ["Option A2252", "Option B2252", "Option C2252", "Option D2252"]}, "answerIndex": 0}, {"id": "GE_2297", "section": "General Awareness", "topic": "History", "difficulty": "moderate", "text": {"en": "[General Awareness/History] Sample exam-style question #2297: Choose the correct option."}, "options": {"en": ["Option A2297", "Option B2297", "Option C2297", "Option D2297"]}, "answerIndex": 1}, {"id": "GE_2299", "section": "General Awareness", "topic": "Geography", "difficulty": "moderate", "text": {"en": "[General Awareness/Geography] Sample exam-style question #2299: Choose the correct option."}, "options": {"en": ["Option A2299", "Option B2299", "Option C2299", "Option D2299"]}, "answerIndex": 3}, {"id": "MA_2229", "section": "Mathematics", "topic": "Speed", "difficulty": "moderate", "text": {"en": "[Mathematics/Speed] Sample exam-style question #2229: Choose the correct option."}, "options": {"en": ["Option A2229", "Option B2229", "Option C2229", "Option D2229"]}, "answerIndex": 1}, {"id": "GE_2268", "section": "General Awareness", "topic": "History", "difficulty": "moderate", "text": {"en": "[General Awareness/History] Sample exam-style question #2268: Choose the correct option."}, "options": {"en": ["Option A2268", "Option B2268", "Option C2268", "Option D2268"]}, "answerIndex": 0}, {"id": "MA_2221", "section": "Mathematics", "topic": "CI", "difficulty": "moderate", "text": {"en": "[Mathematics/CI] Sample exam-style question #2221: Choose the correct option."}, "options": {"en": ["Option A2221", "Option B2221", "Option C2221", "Option D2221"]}, "answerIndex": 1}, {"id": "MA_2224", "section": "Mathematics", "topic": "DI", "difficulty": "moderate", "text": {"en": "[Mathematics/DI] Sample exam-style question #2224: Choose the correct option."}, "options": {"en": ["Option A2224", "Option B2224", "Option C2224", "Option D2224"]}, "answerIndex": 0}, {"id": "MA_2228", "section": "Mathematics", "topic": "Percentage", "difficulty": "moderate", "text": {"en": "[Mathematics/Percentage] Sample exam-style question #2228: Choose the correct option."}, "options": {"en": ["Option A2228", "Option B2228", "Option C2228", "Option D2228"]}, "answerIndex": 0}, {"id": "GE_2298", "section": "General Awareness", "topic": "Polity", "difficulty": "moderate", "text": {"en": "[General Awareness/Polity] Sample exam-style question #2298: Choose the correct option."}, "options": {"en": ["Option A2298", "Option B2298", "Option C2298", "Option D2298"]}, "answerIndex": 2}, {"id": "RE_2259", "section": "Reasoning", "topic": "Analogy", "difficulty": "moderate", "text": {"en": "[Reasoning/Analogy] Sample exam-style question #2259: Choose the correct option."}, "options": {"en": ["Option A2259", "Option B2259", "Option C2259", "Option D2259"]}, "answerIndex": 3}, {"id": "MA_2226", "section": "Mathematics", "topic": "Time&Work", "difficulty": "moderate", "text": {"en": "[Mathematics/Time&Work] Sample exam-style question #2226: Choose the correct option."}, "options": {"en": ["Option A2226", "Option B2226", "Option C2226", "Option D2226"]}, "answerIndex": 2}, {"id": "MA_2210", "section": "Mathematics", "topic": "DI", "difficulty": "moderate", "text": {"en": "[Mathematics/DI] Sample exam-style question #2210: Choose the correct option."}, "options": {"en": ["Option A2210", "Option B2210", "Option C2210", "Option D2210"]}, "answerIndex": 2}, {"id": "GE_2290", "section": "General Awareness", "topic": "Polity", "difficulty": "moderate", "text": {"en": "[General Awareness/Polity] Sample exam-style question #2290: Choose the correct option."}, "options": {"en": ["Option A2290", "Option B2290", "Option C2290", "Option D2290"]}, "answerIndex": 2}, {"id": "RE_2231", "section": "Reasoning", "topic": "Puzzle", "difficulty": "moderate", "text": {"en": "[Reasoning/Puzzle] Sample exam-style question #2231: Choose the correct option."}, "options": {"en": ["Option A2231", "Option B2231", "Option C2231", "Option D2231"]}, "answerIndex": 3}, {"id": "GE_2267", "section": "General Awareness", "topic": "Geography", "difficulty": "moderate", "text": {"en": "[General Awareness/Geography] Sample exam-style question #2267: Choose the correct option."}, "options": {"en": ["Option A2267", "Option B2267", "Option C2267", "Option D2267"]}, "answerIndex": 3}, {"id": "GE_2294", "section": "General Awareness", "topic": "Geography", "difficulty": "moderate", "text": {"en": "[General Awareness/Geography] Sample exam-style question #2294: Choose the correct option."}, "options": {"en": ["Option A2294", "Option B2294", "Option C2294", "Option D2294"]}, "answerIndex": 2}, {"id": "GE_2277", "section": "General Awareness", "topic": "Polity", "difficulty": "moderate", "text": {"en": "[General Awareness/Polity] Sample exam-style question #2277: Choose the correct option."}, "options": {"en": ["Option A2277", "Option B2277", "Option C2277", "Option D2277"]}, "answerIndex": 1}, {"id": "MA_2202", "section": "Mathematics", "topic": "DI", "difficulty": "moderate", "text": {"en": "[Mathematics/DI] Sample exam-style question #2202: Choose the correct option."}, "options": {"en": ["Option A2202", "Option B2202", "Option C2202", "Option D2202"]}, "answerIndex": 2}, {"id": "GE_2289", "section": "General Awareness", "topic": "History", "difficulty": "moderate", "text": {"en": "[General Awareness/History] Sample exam-style question #2289: Choose the correct option."}, "options": {"en": ["Option A2289", "Option B2289", "Option C2289", "Option D2289"]}, "answerIndex": 1}, {"id": "MA_2204", "section": "Mathematics", "topic": "Time&Work", "difficulty": "moderate", "text": {"en": "[Mathematics/Time&Work] Sample exam-style question #2204: Choose the correct option."}, "options": {"en": ["Option A2204", "Option B2204", "Option C2204", "Option D2204"]}, "answerIndex": 0}, {"id": "GE_2264", "section": "General Awareness", "topic": "Polity", "difficulty": "moderate", "text": {"en": "[General Awareness/Polity] Sample exam-style question #2264: Choose the correct option."}, "options": {"en": ["Option A2264", "Option B2264", "Option C2264", "Option D2264"]}, "answerIndex": 0}, {"id": "RE_2242", "section": "Reasoning", "topic": "Direction", "difficulty": "moderate", "text": {"en": "[Reasoning/Direction] Sample exam-style question #2242: Choose the correct option."}, "options": {"en": ["Option A2242", "Option B2242", "Option C2242", "Option D2242"]}, "answerIndex": 2}, {"id": "GE_2271", "section": "General Awareness", "topic": "Current Affairs", "difficulty": "moderate", "text": {"en": "[General Awareness/Current Affairs] Sample exam-style question #2271: Choose the correct option."}, "options": {"en": ["Option A2271", "Option B2271", "Option C2271", "Option D2271"]}, "answerIndex": 3}, {"id": "GE_2278", "section": "General Awareness", "topic": "Geography", "difficulty": "moderate", "text": {"en": "[General Awareness/Geography] Sample exam-style question #2278: Choose the correct option."}, "options": {"en": ["Option A2278", "Option B2278", "Option C2278", "Option D2278"]}, "answerIndex": 2}, {"id": "MA_2213", "section": "Mathematics", "topic": "SI", "difficulty": "moderate", "text": {"en": "[Mathematics/SI] Sample exam-style question #2213: Choose the correct option."}, "options": {"en": ["Option A2213", "Option B2213", "Option C2213", "Option D2213"]}, "answerIndex": 1}, {"id": "GE_2279", "section": "General Awareness", "topic": "Science", "difficulty": "moderate", "text": {"en": "[General Awareness/Science] Sample exam-style question #2279: Choose the correct option."}, "options": {"en": ["Option A2279", "Option B2279", "Option C2279", "Option D2279"]}, "answerIndex": 3}, {"id": "RE_2237", "section": "Reasoning", "topic": "Series", "difficulty": "moderate", "text": {"en": "[Reasoning/Series] Sample exam-style question #2237: Choose the correct option."}, "options": {"en": ["Option A2237", "Option B2237", "Option C2237", "Option D2237"]}, "answerIndex": 1}, {"id": "GE_2300", "section": "General Awareness", "topic": "Geography", "difficulty": "moderate", "text": {"en": "[General Awareness/Geography] Sample exam-style question #2300: Choose the correct option."}, "options": {"en": ["Option A2300", "Option B2300", "Option C2300", "Option D2300"]}, "answerIndex": 0}, {"id": "MA_2223", "section": "Mathematics", "topic": "Percentage", "difficulty": "moderate", "text": {"en": "[Mathematics/Percentage] Sample exam-style question #2223: Choose the correct option."}, "options": {"en": ["Option A2223", "Option B2223", "Option C2223", "Option D2223"]}, "answerIndex": 3}, {"id": "GE_2295", "section": "General Awareness", "topic": "History", "difficulty": "moderate", "text": {"en": "[General Awareness/History] Sample exam-style question #2295: Choose the correct option."}, "options": {"en": ["Option A2295", "Option B2295", "Option C2295", "Option D2295"]}, "answerIndex": 3}, {"id": "RE_2232", "section": "Reasoning", "topic": "Coding", "difficulty": "moderate", "text": {"en": "[Reasoning/Coding] Sample exam-style question #2232: Choose the correct option."}, "options": {"en": ["Option A2232", "Option B2232", "Option C2232", "Option D2232"]}, "answerIndex": 0}, {"id": "GE_2272", "section": "General Awareness", "topic": "Polity", "difficulty": "moderate", "text": {"en": "[General Awareness/Polity] Sample exam-style question #2272: Choose the correct option."}, "options": {"en": ["Option A2272", "Option B2272", "Option C2272", "Option D2272"]}, "answerIndex": 0}, {"id": "RE_2238", "section": "Reasoning", "topic": "Puzzle", "difficulty": "moderate", "text": {"en": "[Reasoning/Puzzle] Sample exam-style question #2238: Choose the correct option."}, "options": {"en": ["Option A2238", "Option B2238", "Option C2238", "Option D2238"]}, "answerIndex": 2}, {"id": "MA_2220", "section": "Mathematics", "topic": "Time&Work", "difficulty": "moderate", "text": {"en": "[Mathematics/Time&Work] Sample exam-style question #2220: Choose the correct option."}, "options": {"en": ["Option A2220", "Option B2220", "Option C2220", "Option D2220"]}, "answerIndex": 0}, {"id": "GE_2285", "section": "General Awareness", "topic": "Current Affairs", "difficulty": "moderate", "text": {"en": "[General Awareness/Current Affairs] Sample exam-style question #2285: Choose the correct option."}, "options": {"en": ["Option A2285", "Option B2285", "Option C2285", "Option D2285"]}, "answerIndex": 1}, {"id": "RE_2256", "section": "Reasoning", "topic": "Direction", "difficulty": "moderate", "text": {"en": "[Reasoning/Direction] Sample exam-style question #2256: Choose the correct option."}, "options": {"en": ["Option A2256", "Option B2256", "Option C2256", "Option D2256"]}, "answerIndex": 0}, {"id": "MA_2230", "section": "Mathematics", "topic": "Time&Work", "difficulty": "moderate", "text": {"en": "[Mathematics/Time&Work] Sample exam-style question #2230: Choose the correct option."}, "options": {"en": ["Option A2230", "Option B2230", "Option C2230", "Option D2230"]}, "answerIndex": 2}, {"id": "MA_2215", "section": "Mathematics", "topic": "Percentage", "difficulty": "moderate", "text": {"en": "[Mathematics/Percentage] Sample exam-style question #2215: Choose the correct option."}, "options": {"en": ["Option A2215", "Option B2215", "Option C2215", "Option D2215"]}, "answerIndex": 3}, {"id": "RE_2257", "section": "Reasoning", "topic": "Direction", "difficulty": "moderate", "text": {"en": "[Reasoning/Direction] Sample exam-style question #2257: Choose the correct option."}, "options": {"en": ["Option A2257", "Option B2257", "Option C2257", "Option D2257"]}, "answerIndex": 1}, {"id": "GE_2275", "section": "General Awareness", "topic": "Geography", "difficulty": "moderate", "text": {"en": "[General Awareness/Geography] Sample exam-style question #2275: Choose the correct option."}, "options": {"en": ["Option A2275", "Option B2275", "Option C2275", "Option D2275"]}, "answerIndex": 3}, {"id": "GE_2261", "section": "General Awareness", "topic": "Geography", "difficulty": "moderate", "text": {"en": "[General Awareness/Geography] Sample exam-style question #2261: Choose the correct option."}, "options": {"en": ["Option A2261", "Option B2261", "Option C2261", "Option D2261"]}, "answerIndex": 1}, {"id": "RE_2243", "section": "Reasoning", "topic": "Coding", "difficulty": "moderate", "text": {"en": "[Reasoning/Coding] Sample exam-style question #2243: Choose the correct option."}, "options": {"en": ["Option A2243", "Option B2243", "Option C2243", "Option D2243"]}, "answerIndex": 3}, {"id": "RE_2249", "section": "Reasoning", "topic": "Series", "difficulty": "moderate", "text": {"en": "[Reasoning/Series] Sample exam-style question #2249: Choose the correct option."}, "options": {"en": ["Option A2249", "Option B2249", "Option C2249", "Option D2249"]}, "answerIndex": 1}, {"id": "GE_2281", "section": "General Awareness", "topic": "Current Affairs", "difficulty": "moderate", "text": {"en": "[General Awareness/Current Affairs] Sample exam-style question #2281: Choose the correct option."}, "options": {"en": ["Option A2281", "Option B2281", "Option C2281", "Option D2281"]}, "answerIndex": 1}, {"id": "RE_2241", "section": "Reasoning", "topic": "Puzzle", "difficulty": "moderate", "text": {"en": "[Reasoning/Puzzle] Sample exam-style question #2241: Choose the correct option."}, "options": {"en": ["Option A2241", "Option B2241", "Option C2241", "Option D2241"]}, "answerIndex": 1}, {"id": "RE_2234", "section": "Reasoning", "topic": "Coding", "difficulty": "moderate", "text": {"en": "[Reasoning/Coding] Sample exam-style question #2234: Choose the correct option."}, "options": {"en": ["Option A2234", "Option B2234", "Option C2234", "Option D2234"]}, "answerIndex": 2}, {"id": "RE_2244", "section": "Reasoning", "topic": "Analogy", "difficulty": "moderate", "text": {"en": "[Reasoning/Analogy] Sample exam-style question #2244: Choose the correct option."}, "options": {"en": ["Option A2244", "Option B2244", "Option C2244", "Option D2244"]}, "answerIndex": 0}, {"id": "GE_2280", "section": "General Awareness", "topic": "Geography", "difficulty": "moderate", "text": {"en": "[General Awareness/Geography] Sample exam-style question #2280: Choose the correct option."}, "options": {"en": ["Option A2280", "Option B2280", "Option C2280", "Option D2280"]}, "answerIndex": 0}, {"id": "MA_2227", "section": "Mathematics", "topic": "Time&Work", "difficulty": "moderate", "text": {"en": "[Mathematics/Time&Work] Sample exam-style question #2227: Choose the correct option."}, "options": {"en": ["Option A2227", "Option B2227", "Option C2227", "Option D2227"]}, "answerIndex": 3}, {"id": "GE_2265", "section": "General Awareness", "topic": "Geography", "difficulty": "moderate", "text": {"en": "[General Awareness/Geography] Sample exam-style question #2265: Choose the correct option."}, "options": {"en": ["Option A2265", "Option B2265", "Option C2265", "Option D2265"]}, "answerIndex": 1}, {"id": "MA_2225", "section": "Mathematics", "topic": "CI", "difficulty": "moderate", "text": {"en": "[Mathematics/CI] Sample exam-style question #2225: Choose the correct option."}, "options": {"en": ["Option A2225", "Option B2225", "Option C2225", "Option D2225"]}, "answerIndex": 1}, {"id": "MA_2222", "section": "Mathematics", "topic": "Percentage", "difficulty": "moderate", "text": {"en": "[Mathematics/Percentage] Sample exam-style question #2222: Choose the correct option."}, "options": {"en": ["Option A2222", "Option B2222", "Option C2222", "Option D2222"]}, "answerIndex": 2}, {"id": "GE_2266", "section": "General Awareness", "topic": "Polity", "difficulty": "moderate", "text": {"en": "[General Awareness/Polity] Sample exam-style question #2266: Choose the correct option."}, "options": {"en": ["Option A2266", "Option B2266", "Option C2266", "Option D2266"]}, "answerIndex": 2}, {"id": "MA_2214", "section": "Mathematics", "topic": "Percentage", "difficulty": "moderate", "text": {"en": "[Mathematics/Percentage] Sample exam-style question #2214: Choose the correct option."}, "options": {"en": ["Option A2214", "Option B2214", "Option C2214", "Option D2214"]}, "answerIndex": 2}, {"id": "RE_2260", "section": "Reasoning", "topic": "Direction", "difficulty": "moderate", "text": {"en": "[Reasoning/Direction] Sample exam-style question #2260: Choose the correct option."}, "options": {"en": ["Option A2260", "Option B2260", "Option C2260", "Option D2260"]}, "answerIndex": 0}, {"id": "RE_2235", "section": "Reasoning", "topic": "Syllogism", "difficulty": "moderate", "text": {"en": "[Reasoning/Syllogism] Sample exam-style question #2235: Choose the correct option."}, "options": {"en": ["Option A2235", "Option B2235", "Option C2235", "Option D2235"]}, "answerIndex": 3}, {"id": "GE_2270", "section": "General Awareness", "topic": "Current Affairs", "difficulty": "moderate", "text": {"en": "[General Awareness/Current Affairs] Sample exam-style question #2270: Choose the correct option."}, "options": {"en": ["Option A2270", "Option B2270", "Option C2270", "Option D2270"]}, "answerIndex": 2}, {"id": "MA_2209", "section": "Mathematics", "topic": "Percentage", "difficulty": "moderate", "text": {"en": "[Mathematics/Percentage] Sample exam-style question #2209: Choose the correct option."}, "options": {"en": ["Option A2209", "Option B2209", "Option C2209", "Option D2209"]}, "answerIndex": 1}, {"id": "RE_2236", "section": "Reasoning", "topic": "Direction", "difficulty": "moderate", "text": {"en": "[Reasoning/Direction] Sample exam-style question #2236: Choose the correct option."}, "options": {"en": ["Option A2236", "Option B2236", "Option C2236", "Option D2236"]}, "answerIndex": 0}, {"id": "GE_2291", "section": "General Awareness", "topic": "Current Affairs", "difficulty": "moderate", "text": {"en": "[General Awareness/Current Affairs] Sample exam-style question #2291: Choose the correct option."}, "options": {"en": ["Option A2291", "Option B2291", "Option C2291", "Option D2291"]}, "answerIndex": 3}, {"id": "RE_2251", "section": "Reasoning", "topic": "Puzzle", "difficulty": "moderate", "text": {"en": "[Reasoning/Puzzle] Sample exam-style question #2251: Choose the correct option."}, "options": {"en": ["Option A2251", "Option B2251", "Option C2251", "Option D2251"]}, "answerIndex": 3}, {"id": "RE_2248", "section": "Reasoning", "topic": "Syllogism", "difficulty": "moderate", "text": {"en": "[Reasoning/Syllogism] Sample exam-style question #2248: Choose the correct option."}, "options": {"en": ["Option A2248", "Option B2248", "Option C2248", "Option D2248"]}, "answerIndex": 0}, {"id": "RE_2247", "section": "Reasoning", "topic": "Puzzle", "difficulty": "moderate", "text": {"en": "[Reasoning/Puzzle] Sample exam-style question #2247: Choose the correct option."}, "options": {"en": ["Option A2247", "Option B2247", "Option C2247", "Option D2247"]}, "answerIndex": 3}, {"id": "RE_2245", "section": "Reasoning", "topic": "Analogy", "difficulty": "moderate", "text": {"en": "[Reasoning/Analogy] Sample exam-style question #2245: Choose the correct option."}, "options": {"en": ["Option A2245", "Option B2245", "Option C2245", "Option D2245"]}, "answerIndex": 1}, {"id": "RE_2254", "section": "Reasoning", "topic": "Puzzle", "difficulty": "moderate", "text": {"en": "[Reasoning/Puzzle] Sample exam-style question #2254: Choose the correct option."}, "options": {"en": ["Option A2254", "Option B2254", "Option C2254", "Option D2254"]}, "answerIndex": 2}, {"id": "GE_2284", "section": "General Awareness", "topic": "Economy", "difficulty": "moderate", "text": {"en": "[General Awareness/Economy] Sample exam-style question #2284: Choose the correct option."}, "options": {"en": ["Option A2284", "Option B2284", "Option C2284", "Option D2284"]}, "answerIndex": 0}, {"id": "MA_2201", "section": "Mathematics", "topic": "Ratio", "difficulty": "moderate", "text": {"en": "[Mathematics/Ratio] Sample exam-style question #2201: Choose the correct option."}, "options": {"en": ["Option A2201", "Option B2201", "Option C2201", "Option D2201"]}, "answerIndex": 1}, {"id": "RE_2240", "section": "Reasoning", "topic": "Coding", "difficulty": "moderate", "text": {"en": "[Reasoning/Coding] Sample exam-style question #2240: Choose the correct option."}, "options": {"en": ["Option A2240", "Option B2240", "Option C2240", "Option D2240"]}, "answerIndex": 0}, {"id": "RE_2255", "section": "Reasoning", "topic": "Series", "difficulty": "moderate", "text": {"en": "[Reasoning/Series] Sample exam-style question #2255: Choose the correct option."}, "options": {"en": ["Option A2255", "Option B2255", "Option C2255", "Option D2255"]}, "answerIndex": 3}, {"id": "MA_2217", "section": "Mathematics", "topic": "CI", "difficulty": "moderate", "text": {"en": "[Mathematics/CI] Sample exam-style question #2217: Choose the correct option."}, "options": {"en": ["Option A2217", "Option B2217", "Option C2217", "Option D2217"]}, "answerIndex": 1}, {"id": "GE_2262", "section": "General Awareness", "topic": "Geography", "difficulty": "moderate", "text": {"en": "[General Awareness/Geography] Sample exam-style question #2262: Choose the correct option."}, "options": {"en": ["Option A2262", "Option B2262", "Option C2262", "Option D2262"]}, "answerIndex": 2}, {"id": "RE_2258", "section": "Reasoning", "topic": "Series", "difficulty": "moderate", "text": {"en": "[Reasoning/Series] Sample exam-style question #2258: Choose the correct option."}, "options": {"en": ["Option A2258", "Option B2258", "Option C2258", "Option D2258"]}, "answerIndex": 2}, {"id": "GE_2292", "section": "General Awareness", "topic": "Economy", "difficulty": "moderate", "text": {"en": "[General Awareness/Economy] Sample exam-style question #2292: Choose the correct option."}, "options": {"en": ["Option A2292", "Option B2292", "Option C2292", "Option D2292"]}, "answerIndex": 0}, {"id": "GE_2263", "section": "General Awareness", "topic": "Current Affairs", "difficulty": "moderate", "text": {"en": "[General Awareness/Current Affairs] Sample exam-style question #2263: Choose the correct option."}, "options": {"en": ["Option A2263", "Option B2263", "Option C2263", "Option D2263"]}, "answerIndex": 3}]}