{"testId": "047", "questions": [{"id": "MA_4623", "section": "Mathematics", "topic": "Ratio", "difficulty": "moderate", "text": {"en": "[Mathematics/Ratio] Sample exam-style question #4623: Choose the correct option."}, "options": {"en": ["Option A4623", "Option B4623", "Option C4623", "Option D4623"]}, "answerIndex": 3}, {"id": "MA_4606", "section": "Mathematics", "topic": "Time&Work", "difficulty": "moderate", "text": {"en": "[Mathematics/Time&Work] Sample exam-style question #4606: Choose the correct option."}, "options": {"en": ["Option A4606", "Option B4606", "Option C4606", "Option D4606"]}, "answerIndex": 2}, {"id": "RE_4653", "section": "Reasoning", "topic": "Analogy", "difficulty": "moderate", "text": {"en": "[Reasoning/Analogy] Sample exam-style question #4653: Choose the correct option."}, "options": {"en": ["Option A4653", "Option B4653", "Option C4653", "Option D4653"]}, "answerIndex": 1}, {"id": "GE_4698", "section": "General Awareness", "topic": "Economy", "difficulty": "moderate", "text": {"en": "[General Awareness/Economy] Sample exam-style question #4698: Choose the correct option."}, "options": {"en": ["Option A4698", "Option B4698", "Option C4698", "Option D4698"]}, "answerIndex": 2}, {"id": "RE_4655", "section": "Reasoning", "topic": "Syllogism", "difficulty": "moderate", "text": {"en": "[Reasoning/Syllogism] Sample exam-style question #4655: Choose the correct option."}, "options": {"en": ["Option A4655", "Option B4655", "Option C4655", "Option D4655"]}, "answerIndex": 3}, {"id": "GE_4665", "section": "General Awareness", "topic": "History", "difficulty": "moderate", "text": {"en": "[General Awareness/History] Sample exam-style question #4665: Choose the correct option."}, "options": {"en": ["Option A4665", "Option B4665", "Option C4665", "Option D4665"]}, "answerIndex": 1}, {"id": "GE_4692", "section": "General Awareness", "topic": "Polity", "difficulty": "moderate", "text": {"en": "[General Awareness/Polity] Sample exam-style question #4692: Choose the correct option."}, "options": {"en": ["Option A4692", "Option B4692", "Option C4692", "Option D4692"]}, "answerIndex": 0}, {"id": "GE_4663", "section": "General Awareness", "topic": "Current Affairs", "difficulty": "moderate", "text": {"en": "[General Awareness/Current Affairs] Sample exam-style question #4663: Choose the correct option."}, "options": {"en": ["Option A4663", "Option B4663", "Option C4663", "Option D4663"]}, "answerIndex": 3}, {"id": "GE_4680", "section": "General Awareness", "topic": "Science", "difficulty": "moderate", "text": {"en": "[General Awareness/Science] Sample exam-style question #4680: Choose the correct option."}, "options": {"en": ["Option A4680", "Option B4680", "Option C4680", "Option D4680"]}, "answerIndex": 0}, {"id": "RE_4657", "section": "Reasoning", "topic": "Analogy", "difficulty": "moderate", "text": {"en": "[Reasoning/Analogy] Sample exam-style question #4657: Choose the correct option."}, "options": {"en": ["Option A4657", "Option B4657", "Option C4657", "Option D4657"]}, "answerIndex": 1}, {"id": "GE_4667", "section": "General Awareness", "topic": "Current Affairs", "difficulty": "moderate", "text": {"en": "[General Awareness/Current Affairs] Sample exam-style question #4667: Choose the correct option."}, "options": {"en": ["Option A4667", "Option B4667", "Option C4667", "Option D4667"]}, "answerIndex": 3}, {"id": "RE_4638", "section": "Reasoning", "topic": "Series", "difficulty": "moderate", "text": {"en": "[Reasoning/Series] Sample exam-style question #4638: Choose the correct option."}, "options": {"en": ["Option A4638", "Option B4638", "Option C4638", "Option D4638"]}, "answerIndex": 2}, {"id": "GE_4690", "section": "General Awareness", "topic": "History", "difficulty": "moderate", "text": {"en": "[General Awareness/History] Sample exam-style question #4690: Choose the correct option."}, "options": {"en": ["Option A4690", "Option B4690", "Option C4690", "Option D4690"]}, "answerIndex": 2}, {"id": "RE_4635", "section": "Reasoning", "topic": "Analogy", "difficulty": "moderate", "text": {"en": "[Reasoning/Analogy] Sample exam-style question #4635: Choose the correct option."}, "options": {"en": ["Option A4635", "Option B4635", "Option C4635", "Option D4635"]}, "answerIndex": 3}, {"id": "MA_4626", "section": "Mathematics", "topic": "Ratio", "difficulty": "moderate", "text": {"en": "[Mathematics/Ratio] Sample exam-style question #4626: Choose the correct option."}, "options": {"en": ["Option A4626", "Option B4626", "Option C4626", "Option D4626"]}, "answerIndex": 2}, {"id": "MA_4614", "section": "Mathematics", "topic": "SI", "difficulty": "moderate", "text": {"en": "[Mathematics/SI] Sample exam-style question #4614: Choose the correct option."}, "options": {"en": ["Option A4614", "Option B4614", "Option C4614", "Option D4614"]}, "answerIndex": 2}, {"id": "GE_4662", "section": "General Awareness", "topic": "Current Affairs", "difficulty": "moderate", "text": {"en": "[General Awareness/Current Affairs] Sample exam-style question #4662: Choose the correct option."}, "options": {"en": ["Option A4662", "Option B4662", "Option C4662", "Option D4662"]}, "answerIndex": 2}, {"id": "GE_4674", "section": "General Awareness", "topic": "History", "difficulty": "moderate", "text": {"en": "[General Awareness/History] Sample exam-style question #4674: Choose the correct option."}, "options": {"en": ["Option A4674", "Option B4674", "Option C4674", "Option D4674"]}, "answerIndex": 2}, {"id": "GE_4675", "section": "General Awareness", "topic": "Science", "difficulty": "moderate", "text": {"en": "[General Awareness/Science] Sample exam-style question #4675: Choose the correct option."}, "options": {"en": ["Option A4675", "Option B4675", "Option C4675", "Option D4675"]}, "answerIndex": 3}, {"id": "GE_4694", "section": "General Awareness", "topic": "Current Affairs", "difficulty": "moderate", "text": {"en": "[General Awareness/Current Affairs] Sample exam-style question #4694: Choose the correct option."}, "options": {"en": ["Option A4694", "Option B4694", "Option C4694", "Option D4694"]}, "answerIndex": 2}, {"id": "MA_4619", "section": "Mathematics", "topic": "DI", "difficulty": "moderate", "text": {"en": "[Mathematics/DI] Sample exam-style question #4619: Choose the correct option."}, "options": {"en": ["Option A4619", "Option B4619", "Option C4619", "Option D4619"]}, "answerIndex": 3}, {"id": "MA_4630", "section": "Mathematics", "topic": "Time&Work", "difficulty": "moderate", "text": {"en": "[Mathematics/Time&Work] Sample exam-style question #4630: Choose the correct option."}, "options": {"en": ["Option A4630", "Option B4630", "Option C4630", "Option D4630"]}, "answerIndex": 2}, {"id": "GE_4696", "section": "General Awareness", "topic": "Current Affairs", "difficulty": "moderate", "text": {"en": "[General Awareness/Current Affairs] Sample exam-style question #4696: Choose the correct option."}, "options": {"en": ["Option A4696", "Option B4696", "Option C4696", "Option D4696"]}, "answerIndex": 0}, {"id": "MA_4607", "section": "Mathematics", "topic": "CI", "difficulty": "moderate", "text": {"en": "[Mathematics/CI] Sample exam-style question #4607: Choose the correct option."}, "options": {"en": ["Option A4607", "Option B4607", "Option C4607", "Option D4607"]}, "answerIndex": 3}, {"id": "GE_4689", "section": "General Awareness", "topic": "Geography", "difficulty": "moderate", "text": {"en": "[General Awareness/Geography] Sample exam-style question #4689: Choose the correct option."}, "options": {"en": ["Option A4689", "Option B4689", "Option C4689", "Option D4689"]}, "answerIndex": 1}, {"id": "MA_4602", "section": "Mathematics", "topic": "Ratio", "difficulty": "moderate", "text": {"en": "[Mathematics/Ratio] Sample exam-style question #4602: Choose the correct option."}, "options": {"en": ["Option A4602", "Option B4602", "Option C4602", "Option D4602"]}, "answerIndex": 2}, {"id": "GE_4671", "section": "General Awareness", "topic": "Economy", "difficulty": "moderate", "text": {"en": "[General Awareness/Economy] Sample exam-style question #4671: Choose the correct option."}, "options": {"en": ["Option A4671", "Option B4671", "Option C4671", "Option D4671"]}, "answerIndex": 3}, {"id": "GE_4669", "section": "General Awareness", "topic": "Current Affairs", "difficulty": "moderate", "text": {"en": "[General Awareness/Current Affairs] Sample exam-style question #4669: Choose the correct option."}, "options": {"en": ["Option A4669", "Option B4669", "Option C4669", "Option D4669"]}, "answerIndex": 1}, {"id": "MA_4627", "section": "Mathematics", "topic": "DI", "difficulty": "moderate", "text": {"en": "[Mathematics/DI] Sample exam-style question #4627: Choose the correct option."}, "options": {"en": ["Option A4627", "Option B4627", "Option C4627", "Option D4627"]}, "answerIndex": 3}, {"id": "GE_4668", "section": "General Awareness", "topic": "Polity", "difficulty": "moderate", "text": {"en": "[General Awareness/Polity] Sample exam-style question #4668: Choose the correct option."}, "options": {"en": ["Option A4668", "Option B4668", "Option C4668", "Option D4668"]}, "answerIndex": 0}, {"id": "RE_4644", "section": "Reasoning", "topic": "Analogy", "difficulty": "moderate", "text": {"en": "[Reasoning/Analogy] Sample exam-style question #4644: Choose the correct option."}, "options": {"en": ["Option A4644", "Option B4644", "Option C4644", "Option D4644"]}, "answerIndex": 0}, {"id": "RE_4645", "section": "Reasoning", "topic": "Direction", "difficulty": "moderate", "text": {"en": "[Reasoning/Direction] Sample exam-style question #4645: Choose the correct option."}, "options": {"en": ["Option A4645", "Option B4645", "Option C4645", "Option D4645"]}, "answerIndex": 1}, {"id": "MA_4629", "section": "Mathematics", "topic": "DI", "difficulty": "moderate", "text": {"en": "[Mathematics/DI] Sample exam-style question #4629: Choose the correct option."}, "options": {"en": ["Option A4629", "Option B4629", "Option C4629", "Option D4629"]}, "answerIndex": 1}, {"id": "GE_4673", "section": "General Awareness", "topic": "Polity", "difficulty": "moderate", "text": {"en": "[General Awareness/Polity] Sample exam-style question #4673: Choose the correct option."}, "options": {"en": ["Option A4673", "Option B4673", "Option C4673", "Option D4673"]}, "answerIndex": 1}, {"id": "MA_4608", "section": "Mathematics", "topic": "Percentage", "difficulty": "moderate", "text": {"en": "[Mathematics/Percentage] Sample exam-style question #4608: Choose the correct option."}, "options": {"en": ["Option A4608", "Option B4608", "Option C4608", "Option D4608"]}, "answerIndex": 0}, {"id": "RE_4650", "section": "Reasoning", "topic": "Coding", "difficulty": "moderate", "text": {"en": "[Reasoning/Coding] Sample exam-style question #4650: Choose the correct option."}, "options": {"en": ["Option A4650", "Option B4650", "Option C4650", "Option D4650"]}, "answerIndex": 2}, {"id": "GE_4676", "section": "General Awareness", "topic": "Geography", "difficulty": "moderate", "text": {"en": "[General Awareness/Geography] Sample exam-style question #4676: Choose the correct option."}, "options": {"en": ["Option A4676", "Option B4676", "Option C4676", "Option D4676"]}, "answerIndex": 0}, {"id": "GE_4686", "section": "General Awareness", "topic": "Polity", "difficulty": "moderate", "text": {"en": "[General Awareness/Polity] Sample exam-style question #4686: Choose the correct option."}, "options": {"en": ["Option A4686", "Option B4686", "Option C4686", "Option D4686"]}, "answerIndex": 2}, {"id": "MA_4605", "section": "Mathematics", "topic": "Percentage", "difficulty": "moderate", "text": {"en": "[Mathematics/Percentage] Sample exam-style question #4605: Choose the correct option."}, "options": {"en": ["Option A4605", "Option B4605", "Option C4605", "Option D4605"]}, "answerIndex": 1}, {"id": "RE_4651", "section": "Reasoning", "topic": "Analogy", "difficulty": "moderate", "text": {"en": "[Reasoning/Analogy] Sample exam-style question #4651: Choose the correct option."}, "options": {"en": ["Option A4651", "Option B4651", "Option C4651", "Option D4651"]}, "answerIndex": 3}, {"id": "RE_4639", "section": "Reasoning", "topic": "Syllogism", "difficulty": "moderate", "text": {"en": "[Reasoning/Syllogism] Sample exam-style question #4639: Choose the correct option."}, "options": {"en": ["Option A4639", "Option B4639", "Option C4639", "Option D4639"]}, "answerIndex": 3}, {"id": "RE_4646", "section": "Reasoning", "topic": "Analogy", "difficulty": "moderate", "text": {"en": "[Reasoning/Analogy] Sample exam-style question #4646: Choose the correct option."}, "options": {"en": ["Option A4646", "Option B4646", "Option C4646", "Option D4646"]}, "answerIndex": 2}, {"id": "RE_4641", "section": "Reasoning", "topic": "Syllogism", "difficulty": "moderate", "text": {"en": "[Reasoning/Syllogism] Sample exam-style question #4641: Choose the correct option."}, "options": {"en": ["Option A4641", "Option B4641", "Option C4641", "Option D4641"]}, "answerIndex": 1}, {"id": "GE_4681", "section": "General Awareness", "topic": "Polity", "difficulty": "moderate", "text": {"en": "[General Awareness/Polity] Sample exam-style question #4681: Choose the correct option."}, "options": {"en": ["Option A4681", "Option B4681", "Option C4681", "Option D4681"]}, "answerIndex": 1}, {"id": "MA_4618", "section": "Mathematics", "topic": "DI", "difficulty": "moderate", "text": {"en": "[Mathematics/DI] Sample exam-style question #4618: Choose the correct option."}, "options": {"en": ["Option A4618", "Option B4618", "Option C4618", "Option D4618"]}, "answerIndex": 2}, {"id": "MA_4617", "section": "Mathematics", "topic": "DI", "difficulty": "moderate", "text": {"en": "[Mathematics/DI] Sample exam-style question #4617: Choose the correct option."}, "options": {"en": ["Option A4617", "Option B4617", "Option C4617", "Option D4617"]}, "answerIndex": 1}, {"id": "MA_4628", "section": "Mathematics", "topic": "Percentage", "difficulty": "moderate", "text": {"en": "[Mathematics/Percentage] Sample exam-style question #4628: Choose the correct option."}, "options": {"en": ["Option A4628", "Option B4628", "Option C4628", "Option D4628"]}, "answerIndex": 0}, {"id": "MA_4612", "section": "Mathematics", "topic": "DI", "difficulty": "moderate", "text": {"en": "[Mathematics/DI] Sample exam-style question #4612: Choose the correct option."}, "options": {"en": ["Option A4612", "Option B4612", "Option C4612", "Option D4612"]}, "answerIndex": 0}, {"id": "MA_4621", "section": "Mathematics", "topic": "Percentage", "difficulty": "moderate", "text": {"en": "[Mathematics/Percentage] Sample exam-style question #4621: Choose the correct option."}, "options": {"en": ["Option A4621", "Option B4621", "Option C4621", "Option D4621"]}, "answerIndex": 1}, {"id": "GE_4687", "section": "General Awareness", "topic": "History", "difficulty": "moderate", "text": {"en": "[General Awareness/History] Sample exam-style question #4687: Choose the correct option."}, "options": {"en": ["Option A4687", "Option B4687", "Option C4687", "Option D4687"]}, "answerIndex": 3}, {"id": "GE_4682", "section": "General Awareness", "topic": "Economy", "difficulty": "moderate", "text": {"en": "[General Awareness/Economy] Sample exam-style question #4682: Choose the correct option."}, "options": {"en": ["Option A4682", "Option B4682", "Option C4682", "Option D4682"]}, "answerIndex": 2}, {"id": "MA_4604", "section": "Mathematics", "topic": "Ratio", "difficulty": "moderate", "text": {"en": "[Mathematics/Ratio] Sample exam-style question #4604: Choose the correct option."}, "options": {"en": ["Option A4604", "Option B4604", "Option C4604", "Option D4604"]}, "answerIndex": 0}, {"id": "GE_4666", "section": "General Awareness", "topic": "History", "difficulty": "moderate", "text": {"en": "[General Awareness/History] Sample exam-style question #4666: Choose the correct option."}, "options": {"en": ["Option A4666", "Option B4666", "Option C4666", "Option D4666"]}, "answerIndex": 2}, {"id": "RE_4642", "section": "Reasoning", "topic": "Coding", "difficulty": "moderate", "text": {"en": "[Reasoning/Coding] Sample exam-style question #4642: Choose the correct option."}, "options": {"en": ["Option A4642", "Option B4642", "Option C4642", "Option D4642"]}, "answerIndex": 2}, {"id": "MA_4603", "section": "Mathematics", "topic": "Time&Work", "difficulty": "moderate", "text": {"en": "[Mathematics/Time&Work] Sample exam-style question #4603: Choose the correct option."}, "options": {"en": ["Option A4603", "Option B4603", "Option C4603", "Option D4603"]}, "answerIndex": 3}, {"id": "GE_4683", "section": "General Awareness", "topic": "History", "difficulty": "moderate", "text": {"en": "[General Awareness/History] Sample exam-style question #4683: Choose the correct option."}, "options": {"en": ["Option A4683", "Option B4683", "Option C4683", "Option D4683"]}, "answerIndex": 3}, {"id": "GE_4672", "section": "General Awareness", "topic": "Science", "difficulty": "moderate", "text": {"en": "[General Awareness/Science] Sample exam-style question #4672: Choose the correct option."}, "options": {"en": ["Option A4672", "Option B4672", "Option C4672", "Option D4672"]}, "answerIndex": 0}, {"id": "RE_4654", "section": "Reasoning", "topic": "Puzzle", "difficulty": "moderate", "text": {"en": "[Reasoning/Puzzle] Sample exam-style question #4654: Choose the correct option."}, "options": {"en": ["Option A4654", "Option B4654", "Option C4654", "Option D4654"]}, "answerIndex": 2}, {"id": "MA_4601", "section": "Mathematics", "topic": "Percentage", "difficulty": "moderate", "text": {"en": "[Mathematics/Percentage] Sample exam-style question #4601: Choose the correct option."}, "options": {"en": ["Option A4601", "Option B4601", "Option C4601", "Option D4601"]}, "answerIndex": 1}, {"id": "MA_4622", "section": "Mathematics", "topic": "Percentage", "difficulty": "moderate", "text": {"en": "[Mathematics/Percentage] Sample exam-style question #4622: Choose the correct option."}, "options": {"en": ["Option A4622", "Option B4622", "Option C4622", "Option D4622"]}, "answerIndex": 2}, {"id": "GE_4664", "section": "General Awareness", "topic": "Geography", "difficulty": "moderate", "text": {"en": "[General Awareness/Geography] Sample exam-style question #4664: Choose the correct option."}, "options": {"en": ["Option A4664", "Option B4664", "Option C4664", "Option D4664"]}, "answerIndex": 0}, {"id": "GE_4700", "section": "General Awareness", "topic": "Geography", "difficulty": "moderate", "text": {"en": "[General Awareness/Geography] Sample exam-style question #4700: Choose the correct option."}, "options": {"en": ["Option A4700", "Option B4700", "Option C4700", "Option D4700"]}, "answerIndex": 0}, {"id": "RE_4631", "section": "Reasoning", "topic": "Syllogism", "difficulty": "moderate", "text": {"en": "[Reasoning/Syllogism] Sample exam-style question #4631: Choose the correct option."}, "options": {"en": ["Option A4631", "Option B4631", "Option C4631", "Option D4631"]}, "answerIndex": 3}, {"id": "RE_4640", "section": "Reasoning", "topic": "Syllogism", "difficulty": "moderate", "text": {"en": "[Reasoning/Syllogism] Sample exam-style question #4640: Choose the correct option."}, "options": {"en": ["Option A4640", "Option B4640", "Option C4640", "Option D4640"]}, "answerIndex": 0}, {"id": "GE_4684", "section": "General Awareness", "topic": "Geography", "difficulty": "moderate", "text": {"en": "[General Awareness/Geography] Sample exam-style question #4684: Choose the correct option."}, "options": {"en": ["Option A4684", "Option B4684", "Option C4684", "Option D4684"]}, "answerIndex": 0}, {"id": "MA_4625", "section": "Mathematics", "topic": "Speed", "difficulty": "moderate", "text": {"en": "[Mathematics/Speed] Sample exam-style question #4625: Choose the correct option."}, "options": {"en": ["Option A4625", "Option B4625", "Option C4625", "Option D4625"]}, "answerIndex": 1}, {"id": "GE_4677", "section": "General Awareness", "topic": "Science", "difficulty": "moderate", "text": {"en": "[General Awareness/Science] Sample exam-style question #4677: Choose the correct option."}, "options": {"en": ["Option A4677", "Option B4677", "Option C4677", "Option D4677"]}, "answerIndex": 1}, {"id": "RE_4656", "section": "Reasoning", "topic": "Coding", "difficulty": "moderate", "text": {"en": "[Reasoning/Coding] Sample exam-style question #4656: Choose the correct option."}, "options": {"en": ["Option A4656", "Option B4656", "Option C4656", "Option D4656"]}, "answerIndex": 0}, {"id": "RE_4637", "section": "Reasoning", "topic": "Puzzle", "difficulty": "moderate", "text": {"en": "[Reasoning/Puzzle] Sample exam-style question #4637: Choose the correct option."}, "options": {"en": ["Option A4637", "Option B4637", "Option C4637", "Option D4637"]}, "answerIndex": 1}, {"id": "GE_4695", "section": "General Awareness", "topic": "Current Affairs", "difficulty": "moderate", "text": {"en": "[General Awareness/Current Affairs] Sample exam-style question #4695: Choose the correct option."}, "options": {"en": ["Option A4695", "Option B4695", "Option C4695", "Option D4695"]}, "answerIndex": 3}, {"id": "RE_4633", "section": "Reasoning", "topic": "Syllogism", "difficulty": "moderate", "text": {"en": "[Reasoning/Syllogism] Sample exam-style question #4633: Choose the correct option."}, "options": {"en": ["Option A4633", "Option B4633", "Option C4633", "Option D4633"]}, "answerIndex": 1}, {"id": "RE_4636", "section": "Reasoning", "topic": "Direction", "difficulty": "moderate", "text": {"en": "[Reasoning/Direction] Sample exam-style question #4636: Choose the correct option."}, "options": {"en": ["Option A4636", "Option B4636", "Option C4636", "Option D4636"]}, "answerIndex": 0}, {"id": "GE_4685", "section": "General Awareness", "topic": "Current Affairs", "difficulty": "moderate", "text": {"en": "[General Awareness/Current Affairs] Sample exam-style question #4685: Choose the correct option."}, "options": {"en": ["Option A4685", "Option B4685", "Option C4685", "Option D4685"]}, "answerIndex": 1}, {"id": "RE_4659", "section": "Reasoning", "topic": "Coding", "difficulty": "moderate", "text": {"en": "[Reasoning/Coding] Sample exam-style question #4659: Choose the correct option."}, "options": {"en": ["Option A4659", "Option B4659", "Option C4659", "Option D4659"]}, "answerIndex": 3}, {"id": "GE_4693", "section": "General Awareness", "topic": "Current Affairs", "difficulty": "moderate", "text": {"en": "[General Awareness/Current Affairs] Sample exam-style question #4693: Choose the correct option."}, "options": {"en": ["Option A4693", "Option B4693", "Option C4693", "Option D4693"]}, "answerIndex": 1}, {"id": "GE_4688", "section": "General Awareness", "topic": "Geography", "difficulty": "moderate", "text": {"en": "[General Awareness/Geography] Sample exam-style question #4688: Choose the correct option."}, "options": {"en": ["Option A4688", "Option B4688", "Option C4688", "Option D4688"]}, "answerIndex": 0}, {"id": "RE_4643", "section": "Reasoning", "topic": "Coding", "difficulty": "moderate", "text": {"en": "[Reasoning/Coding] Sample exam-style question #4643: Choose the correct option."}, "options": {"en": ["Option A4643", "Option B4643", "Option C4643", "Option D4643"]}, "answerIndex": 3}, {"id": "MA_4613", "section": "Mathematics", "topic": "Ratio", "difficulty": "moderate", "text": {"en": "[Mathematics/Ratio] Sample exam-style question #4613: Choose the correct option."}, "options": {"en": ["Option A4613", "Option B4613", "Option C4613", "Option D4613"]}, "answerIndex": 1}, {"id": "GE_4697", "section": "General Awareness", "topic": "Geography", "difficulty": "moderate", "text": {"en": "[General Awareness/Geography] Sample exam-style question #4697: Choose the correct option."}, "options": {"en": ["Option A4697", "Option B4697", "Option C4697", "Option D4697"]}, "answerIndex": 1}, {"id": "GE_4678", "section": "General Awareness", "topic": "History", "difficulty": "moderate", "text": {"en": "[General Awareness/History] Sample exam-style question #4678: Choose the correct option."}, "options": {"en": ["Option A4678", "Option B4678", "Option C4678", "Option D4678"]}, "answerIndex": 2}, {"id": "RE_4658", "section": "Reasoning", "topic": "Puzzle", "difficulty": "moderate", "text": {"en": "[Reasoning/Puzzle] Sample exam-style question #4658: Choose the correct option."}, "options": {"en": ["Option A4658", "Option B4658", "Option C4658", "Option D4658"]}, "answerIndex": 2}, {"id": "RE_4648", "section": "Reasoning", "topic": "Analogy", "difficulty": "moderate", "text": {"en": "[Reasoning/Analogy] Sample exam-style question #4648: Choose the correct option."}, "options": {"en": ["Option A4648", "Option B4648", "Option C4648", "Option D4648"]}, "answerIndex": 0}, {"id": "GE_4679", "section": "General Awareness", "topic": "Current Affairs", "difficulty": "moderate", "text": {"en": "[General Awareness/Current Affairs] Sample exam-style question #4679: Choose the correct option."}, "options": {"en": ["Option A4679", "Option B4679", "Option C4679", "Option D4679"]}, "answerIndex": 3}, {"id": "MA_4610", "section": "Mathematics", "topic": "Time&Work", "difficulty": "moderate", "text": {"en": "[Mathematics/Time&Work] Sample exam-style question #4610: Choose the correct option."}, "options": {"en": ["Option A4610", "Option B4610", "Option C4610", "Option D4610"]}, "answerIndex": 2}, {"id": "GE_4691", "section": "General Awareness", "topic": "Current Affairs", "difficulty": "moderate", "text": {"en": "[General Awareness/Current Affairs] Sample exam-style question #4691: Choose the correct option."}, "options": {"en": ["Option A4691", "Option B4691", "Option C4691", "Option D4691"]}, "answerIndex": 3}, {"id": "MA_4616", "section": "Mathematics", "topic": "Ratio", "difficulty": "moderate", "text": {"en": "[Mathematics/Ratio] Sample exam-style question #4616: Choose the correct option."}, "options": {"en": ["Option A4616", "Option B4616", "Option C4616", "Option D4616"]}, "answerIndex": 0}, {"id": "MA_4609", "section": "Mathematics", "topic": "SI", "difficulty": "moderate", "text": {"en": "[Mathematics/SI] Sample exam-style question #4609: Choose the correct option."}, "options": {"en": ["Option A4609", "Option B4609", "Option C4609", "Option D4609"]}, "answerIndex": 1}, {"id": "MA_4615", "section": "Mathematics", "topic": "Speed", "difficulty": "moderate", "text": {"en": "[Mathematics/Speed] Sample exam-style question #4615: Choose the correct option."}, "options": {"en": ["Option A4615", "Option B4615", "Option C4615", "Option D4615"]}, "answerIndex": 3}, {"id": "MA_4620", "section": "Mathematics", "topic": "SI", "difficulty": "moderate", "text": {"en": "[Mathematics/SI] Sample exam-style question #4620: Choose the correct option."}, "options": {"en": ["Option A4620", "Option B4620", "Option C4620", "Option D4620"]}, "answerIndex": 0}, {"id": "RE_4632", "section": "Reasoning", "topic": "Series", "difficulty": "moderate", "text": {"en": "[Reasoning/Series] Sample exam-style question #4632: Choose the correct option."}, "options": {"en": ["Option A4632", "Option B4632", "Option C4632", "Option D4632"]}, "answerIndex": 0}, {"id": "GE_4670", "section": "General Awareness", "topic": "Science", "difficulty": "moderate", "text": {"en": "[General Awareness/Science] Sample exam-style question #4670: Choose the correct option."}, "options": {"en": ["Option A4670", "Option B4670", "Option C4670", "Option D4670"]}, "answerIndex": 2}, {"id": "RE_4647", "section": "Reasoning", "topic": "Direction", "difficulty": "moderate", "text": {"en": "[Reasoning/Direction] Sample exam-style question #4647: Choose the correct option."}, "options": {"en": ["Option A4647", "Option B4647", "Option C4647", "Option D4647"]}, "answerIndex": 3}, {"id": "MA_4624", "section": "Mathematics", "topic": "Time&Work", "difficulty": "moderate", "text": {"en": "[Mathematics/Time&Work] Sample exam-style question #4624: Choose the correct option."}, "options": {"en": ["Option A4624", "Option B4624", "Option C4624", "Option D4624"]}, "answerIndex": 0}, {"id": "GE_4661", "section": "General Awareness", "topic": "Geography", "difficulty": "moderate", "text": {"en": "[General Awareness/Geography] Sample exam-style question #4661: Choose the correct option."}, "options": {"en": ["Option A4661", "Option B4661", "Option C4661", "Option D4661"]}, "answerIndex": 1}, {"id": "RE_4652", "section": "Reasoning", "topic": "Puzzle", "difficulty": "moderate", "text": {"en": "[Reasoning/Puzzle] Sample exam-style question #4652: Choose the correct option."}, "options": {"en": ["Option A4652", "Option B4652", "Option C4652", "Option D4652"]}, "answerIndex": 0}, {"id": "RE_4660", "section": "Reasoning", "topic": "Direction", "difficulty": "moderate", "text": {"en": "[Reasoning/Direction] Sample exam-style question #4660: Choose the correct option."}, "options": {"en": ["Option A4660", "Option B4660", "Option C4660", "Option D4660"]}, "answerIndex": 0}, {"id": "GE_4699", "section": "General Awareness", "topic": "Polity", "difficulty": "moderate", "text": {"en": "[General Awareness/Polity] Sample exam-style question #4699: Choose the correct option."}, "options": {"en": ["Option A4699", "Option B4699", "Option C4699", "Option D4699"]}, "answerIndex": 3}, {"id": "RE_4649", "section": "Reasoning", "topic": "Syllogism", "difficulty": "moderate", "text": {"en": "[Reasoning/Syllogism] Sample exam-style question #4649: Choose the correct option."}, "options": {"en": ["Option A4649", "Option B4649", "Option C4649", "Option D4649"]}, "answerIndex": 1}, {"id": "RE_4634", "section": "Reasoning", "topic": "Analogy", "difficulty": "moderate", "text": {"en": "[Reasoning/Analogy] Sample exam-style question #4634: Choose the correct option."}, "options": {"en": ["Option A4634", "Option B4634", "Option C4634", "Option D4634"]}, "answerIndex": 2}, {"id": "MA_4611", "section": "Mathematics", "topic": "Ratio", "difficulty": "moderate", "text": {"en": "[Mathematics/Ratio] Sample exam-style question #4611: Choose the correct option."}, "options": {"en": ["Option A4611", "Option B4611", "Option C4611", "Option D4611"]}, "answerIndex": 3}]}