{"testId": "044", "questions": [{"id": "MA_4306", "section": "Mathematics", "topic": "Percentage", "difficulty": "moderate", "text": {"en": "[Mathematics/Percentage] Sample exam-style question #4306: Choose the correct option."}, "options": {"en": ["Option A4306", "Option B4306", "Option C4306", "Option D4306"]}, "answerIndex": 2}, {"id": "GE_4369", "section": "General Awareness", "topic": "Economy", "difficulty": "moderate", "text": {"en": "[General Awareness/Economy] Sample exam-style question #4369: Choose the correct option."}, "options": {"en": ["Option A4369", "Option B4369", "Option C4369", "Option D4369"]}, "answerIndex": 1}, {"id": "GE_4377", "section": "General Awareness", "topic": "Science", "difficulty": "moderate", "text": {"en": "[General Awareness/Science] Sample exam-style question #4377: Choose the correct option."}, "options": {"en": ["Option A4377", "Option B4377", "Option C4377", "Option D4377"]}, "answerIndex": 1}, {"id": "RE_4354", "section": "Reasoning", "topic": "Analogy", "difficulty": "moderate", "text": {"en": "[Reasoning/Analogy] Sample exam-style question #4354: Choose the correct option."}, "options": {"en": ["Option A4354", "Option B4354", "Option C4354", "Option D4354"]}, "answerIndex": 2}, {"id": "GE_4365", "section": "General Awareness", "topic": "History", "difficulty": "moderate", "text": {"en": "[General Awareness/History] Sample exam-style question #4365: Choose the correct option."}, "options": {"en": ["Option A4365", "Option B4365", "Option C4365", "Option D4365"]}, "answerIndex": 1}, {"id": "MA_4320", "section": "Mathematics", "topic": "CI", "difficulty": "moderate", "text": {"en": "[Mathematics/CI] Sample exam-style question #4320: Choose the correct option."}, "options": {"en": ["Option A4320", "Option B4320", "Option C4320", "Option D4320"]}, "answerIndex": 0}, {"id": "GE_4400", "section": "General Awareness", "topic": "Geography", "difficulty": "moderate", "text": {"en": "[General Awareness/Geography] Sample exam-style question #4400: Choose the correct option."}, "options": {"en": ["Option A4400", "Option B4400", "Option C4400", "Option D4400"]}, "answerIndex": 0}, {"id": "MA_4310", "section": "Mathematics", "topic": "Time&Work", "difficulty": "moderate", "text": {"en": "[Mathematics/Time&Work] Sample exam-style question #4310: Choose the correct option."}, "options": {"en": ["Option A4310", "Option B4310", "Option C4310", "Option D4310"]}, "answerIndex": 2}, {"id": "GE_4390", "section": "General Awareness", "topic": "Polity", "difficulty": "moderate", "text": {"en": "[General Awareness/Polity] Sample exam-style question #4390: Choose the correct option."}, "options": {"en": ["Option A4390", "Option B4390", "Option C4390", "Option D4390"]}, "answerIndex": 2}, {"id": "MA_4301", "section": "Mathematics", "topic": "CI", "difficulty": "moderate", "text": {"en": "[Mathematics/CI] Sample exam-style question #4301: Choose the correct option."}, "options": {"en": ["Option A4301", "Option B4301", "Option C4301", "Option D4301"]}, "answerIndex": 1}, {"id": "RE_4350", "section": "Reasoning", "topic": "Series", "difficulty": "moderate", "text": {"en": "[Reasoning/Series] Sample exam-style question #4350: Choose the correct option."}, "options": {"en": ["Option A4350", "Option B4350", "Option C4350", "Option D4350"]}, "answerIndex": 2}, {"id": "MA_4308", "section": "Mathematics", "topic": "SI", "difficulty": "moderate", "text": {"en": "[Mathematics/SI] Sample exam-style question #4308: Choose the correct option."}, "options": {"en": ["Option A4308", "Option B4308", "Option C4308", "Option D4308"]}, "answerIndex": 0}, {"id": "GE_4383", "section": "General Awareness", "topic": "Polity", "difficulty": "moderate", "text": {"en": "[General Awareness/Polity] Sample exam-style question #4383: Choose the correct option."}, "options": {"en": ["Option A4383", "Option B4383", "Option C4383", "Option D4383"]}, "answerIndex": 3}, {"id": "RE_4331", "section": "Reasoning", "topic": "Syllogism", "difficulty": "moderate", "text": {"en": "[Reasoning/Syllogism] Sample exam-style question #4331: Choose the correct option."}, "options": {"en": ["Option A4331", "Option B4331", "Option C4331", "Option D4331"]}, "answerIndex": 3}, {"id": "RE_4359", "section": "Reasoning", "topic": "Analogy", "difficulty": "moderate", "text": {"en": "[Reasoning/Analogy] Sample exam-style question #4359: Choose the correct option."}, "options": {"en": ["Option A4359", "Option B4359", "Option C4359", "Option D4359"]}, "answerIndex": 3}, {"id": "RE_4355", "section": "Reasoning", "topic": "Analogy", "difficulty": "moderate", "text": {"en": "[Reasoning/Analogy] Sample exam-style question #4355: Choose the correct option."}, "options": {"en": ["Option A4355", "Option B4355", "Option C4355", "Option D4355"]}, "answerIndex": 3}, {"id": "GE_4374", "section": "General Awareness", "topic": "Polity", "difficulty": "moderate", "text": {"en": "[General Awareness/Polity] Sample exam-style question #4374: Choose the correct option."}, "options": {"en": ["Option A4374", "Option B4374", "Option C4374", "Option D4374"]}, "answerIndex": 2}, {"id": "MA_4302", "section": "Mathematics", "topic": "Speed", "difficulty": "moderate", "text": {"en": "[Mathematics/Speed] Sample exam-style question #4302: Choose the correct option."}, "options": {"en": ["Option A4302", "Option B4302", "Option C4302", "Option D4302"]}, "answerIndex": 2}, {"id": "GE_4363", "section": "General Awareness", "topic": "Geography", "difficulty": "moderate", "text": {"en": "[General Awareness/Geography] Sample exam-style question #4363: Choose the correct option."}, "options": {"en": ["Option A4363", "Option B4363", "Option C4363", "Option D4363"]}, "answerIndex": 3}, {"id": "RE_4335", "section": "Reasoning", "topic": "Syllogism", "difficulty": "moderate", "text": {"en": "[Reasoning/Syllogism] Sample exam-style question #4335: Choose the correct option."}, "options": {"en": ["Option A4335", "Option B4335", "Option C4335", "Option D4335"]}, "answerIndex": 3}, {"id": "GE_4388", "section": "General Awareness", "topic": "Current Affairs", "difficulty": "moderate", "text": {"en": "[General Awareness/Current Affairs] Sample exam-style question #4388: Choose the correct option."}, "options": {"en": ["Option A4388", "Option B4388", "Option C4388", "Option D4388"]}, "answerIndex": 0}, {"id": "RE_4348", "section": "Reasoning", "topic": "Series", "difficulty": "moderate", "text": {"en": "[Reasoning/Series] Sample exam-style question #4348: Choose the correct option."}, "options": {"en": ["Option A4348", "Option B4348", "Option C4348", "Option D4348"]}, "answerIndex": 0}, {"id": "RE_4360", "section": "Reasoning", "topic": "Direction", "difficulty": "moderate", "text": {"en": "[Reasoning/Direction] Sample exam-style question #4360: Choose the correct option."}, "options": {"en": ["Option A4360", "Option B4360", "Option C4360", "Option D4360"]}, "answerIndex": 0}, {"id": "GE_4372", "section": "General Awareness", "topic": "Current Affairs", "difficulty": "moderate", "text": {"en": "[General Awareness/Current Affairs] Sample exam-style question #4372: Choose the correct option."}, "options": {"en": ["Option A4372", "Option B4372", "Option C4372", "Option D4372"]}, "answerIndex": 0}, {"id": "MA_4321", "section": "Mathematics", "topic": "DI", "difficulty": "moderate", "text": {"en": "[Mathematics/DI] Sample exam-style question #4321: Choose the correct option."}, "options": {"en": ["Option A4321", "Option B4321", "Option C4321", "Option D4321"]}, "answerIndex": 1}, {"id": "RE_4338", "section": "Reasoning", "topic": "Coding", "difficulty": "moderate", "text": {"en": "[Reasoning/Coding] Sample exam-style question #4338: Choose the correct option."}, "options": {"en": ["Option A4338", "Option B4338", "Option C4338", "Option D4338"]}, "answerIndex": 2}, {"id": "RE_4352", "section": "Reasoning", "topic": "Puzzle", "difficulty": "moderate", "text": {"en": "[Reasoning/Puzzle] Sample exam-style question #4352: Choose the correct option."}, "options": {"en": ["Option A4352", "Option B4352", "Option C4352", "Option D4352"]}, "answerIndex": 0}, {"id": "GE_4391", "section": "General Awareness", "topic": "Science", "difficulty": "moderate", "text": {"en": "[General Awareness/Science] Sample exam-style question #4391: Choose the correct option."}, "options": {"en": ["Option A4391", "Option B4391", "Option C4391", "Option D4391"]}, "answerIndex": 3}, {"id": "GE_4370", "section": "General Awareness", "topic": "Polity", "difficulty": "moderate", "text": {"en": "[General Awareness/Polity] Sample exam-style question #4370: Choose the correct option."}, "options": {"en": ["Option A4370", "Option B4370", "Option C4370", "Option D4370"]}, "answerIndex": 2}, {"id": "MA_4312", "section": "Mathematics", "topic": "Percentage", "difficulty": "moderate", "text": {"en": "[Mathematics/Percentage] Sample exam-style question #4312: Choose the correct option."}, "options": {"en": ["Option A4312", "Option B4312", "Option C4312", "Option D4312"]}, "answerIndex": 0}, {"id": "MA_4309", "section": "Mathematics", "topic": "Percentage", "difficulty": "moderate", "text": {"en": "[Mathematics/Percentage] Sample exam-style question #4309: Choose the correct option."}, "options": {"en": ["Option A4309", "Option B4309", "Option C4309", "Option D4309"]}, "answerIndex": 1}, {"id": "RE_4344", "section": "Reasoning", "topic": "Analogy", "difficulty": "moderate", "text": {"en": "[Reasoning/Analogy] Sample exam-style question #4344: Choose the correct option."}, "options": {"en": ["Option A4344", "Option B4344", "Option C4344", "Option D4344"]}, "answerIndex": 0}, {"id": "RE_4356", "section": "Reasoning", "topic": "Series", "difficulty": "moderate", "text": {"en": "[Reasoning/Series] Sample exam-style question #4356: Choose the correct option."}, "options": {"en": ["Option A4356", "Option B4356", "Option C4356", "Option D4356"]}, "answerIndex": 0}, {"id": "RE_4351", "section": "Reasoning", "topic": "Coding", "difficulty": "moderate", "text": {"en": "[Reasoning/Coding] Sample exam-style question #4351: Choose the correct option."}, "options": {"en": ["Option A4351", "Option B4351", "Option C4351", "Option D4351"]}, "answerIndex": 3}, {"id": "GE_4385", "section": "General Awareness", "topic": "Polity", "difficulty": "moderate", "text": {"en": "[General Awareness/Polity] Sample exam-style question #4385: Choose the correct option."}, "options": {"en": ["Option A4385", "Option B4385", "Option C4385", "Option D4385"]}, "answerIndex": 1}, {"id": "MA_4303", "section": "Mathematics", "topic": "SI", "difficulty": "moderate", "text": {"en": "[Mathematics/SI] Sample exam-style question #4303: Choose the correct option."}, "options": {"en": ["Option A4303", "Option B4303", "Option C4303", "Option D4303"]}, "answerIndex": 3}, {"id": "RE_4345", "section": "Reasoning", "topic": "Puzzle", "difficulty": "moderate", "text": {"en": "[Reasoning/Puzzle] Sample exam-style question #4345: Choose the correct option."}, "options": {"en": ["Option A4345", "Option B4345", "Option C4345", "Option D4345"]}, "answerIndex": 1}, {"id": "MA_4311", "section": "Mathematics", "topic": "Speed", "difficulty": "moderate", "text": {"en": "[Mathematics/Speed] Sample exam-style question #4311: Choose the correct option."}, "options": {"en": ["Option A4311", "Option B4311", "Option C4311", "Option D4311"]}, "answerIndex": 3}, {"id": "GE_4395", "section": "General Awareness", "topic": "Current Affairs", "difficulty": "moderate", "text": {"en": "[General Awareness/Current Affairs] Sample exam-style question #4395: Choose the correct option."}, "options": {"en": ["Option A4395", "Option B4395", "Option C4395", "Option D4395"]}, "answerIndex": 3}, {"id": "RE_4341", "section": "Reasoning", "topic": "Puzzle", "difficulty": "moderate", "text": {"en": "[Reasoning/Puzzle] Sample exam-style question #4341: Choose the correct option."}, "options": {"en": ["Option A4341", "Option B4341", "Option C4341", "Option D4341"]}, "answerIndex": 1}, {"id": "MA_4313", "section": "Mathematics", "topic": "Ratio", "difficulty": "moderate", "text": {"en": "[Mathematics/Ratio] Sample exam-style question #4313: Choose the correct option."}, "options": {"en": ["Option A4313", "Option B4313", "Option C4313", "Option D4313"]}, "answerIndex": 1}, {"id": "GE_4375", "section": "General Awareness", "topic": "Polity", "difficulty": "moderate", "text": {"en": "[General Awareness/Polity] Sample exam-style question #4375: Choose the correct option."}, "options": {"en": ["Option A4375", "Option B4375", "Option C4375", "Option D4375"]}, "answerIndex": 3}, {"id": "GE_4361", "section": "General Awareness", "topic": "Current Affairs", "difficulty": "moderate", "text": {"en": "[General Awareness/Current Affairs] Sample exam-style question #4361: Choose the correct option."}, "options": {"en": ["Option A4361", "Option B4361", "Option C4361", "Option D4361"]}, "answerIndex": 1}, {"id": "GE_4399", "section": "General Awareness", "topic": "Geography", "difficulty": "moderate", "text": {"en": "[General Awareness/Geography] Sample exam-style question #4399: Choose the correct option."}, "options": {"en": ["Option A4399", "Option B4399", "Option C4399", "Option D4399"]}, "answerIndex": 3}, {"id": "GE_4362", "section": "General Awareness", "topic": "Current Affairs", "difficulty": "moderate", "text": {"en": "[General Awareness/Current Affairs] Sample exam-style question #4362: Choose the correct option."}, "options": {"en": ["Option A4362", "Option B4362", "Option C4362", "Option D4362"]}, "answerIndex": 2}, {"id": "GE_4373", "section": "General Awareness", "topic": "Geography", "difficulty": "moderate", "text": {"en": "[General Awareness/Geography] Sample exam-style question #4373: Choose the correct option."}, "options": {"en": ["Option A4373", "Option B4373", "Option C4373", "Option D4373"]}, "answerIndex": 1}, {"id": "RE_4339", "section": "Reasoning", "topic": "Direction", "difficulty": "moderate", "text": {"en": "[Reasoning/Direction] Sample exam-style question #4339: Choose the correct option."}, "options": {"en": ["Option A4339", "Option B4339", "Option C4339", "Option D4339"]}, "answerIndex": 3}, {"id": "RE_4349", "section": "Reasoning", "topic": "Direction", "difficulty": "moderate", "text": {"en": "[Reasoning/Direction] Sample exam-style question #4349: Choose the correct option."}, "options": {"en": ["Option A4349", "Option B4349", "Option C4349", "Option D4349"]}, "answerIndex": 1}, {"id": "GE_4387", "section": "General Awareness", "topic": "History", "difficulty": "moderate", "text": {"en": "[General Awareness/History] Sample exam-style question #4387: Choose the correct option."}, "options": {"en": ["Option A4387", "Option B4387", "Option C4387", "Option D4387"]}, "answerIndex": 3}, {"id": "RE_4347", "section": "Reasoning", "topic": "Coding", "difficulty": "moderate", "text": {"en": "[Reasoning/Coding] Sample exam-style question #4347: Choose the correct option."}, "options": {"en": ["Option A4347", "Option B4347", "Option C4347", "Option D4347"]}, "answerIndex": 3}, {"id": "GE_4384", "section": "General Awareness", "topic": "Science", "difficulty": "moderate", "text": {"en": "[General Awareness/Science] Sample exam-style question #4384: Choose the correct option."}, "options": {"en": ["Option A4384", "Option B4384", "Option C4384", "Option D4384"]}, "answerIndex": 0}, {"id": "GE_4367", "section": "General Awareness", "topic": "History", "difficulty": "moderate", "text": {"en": "[General Awareness/History] Sample exam-style question #4367: Choose the correct option."}, "options": {"en": ["Option A4367", "Option B4367", "Option C4367", "Option D4367"]}, "answerIndex": 3}, {"id": "RE_4340", "section": "Reasoning", "topic": "Syllogism", "difficulty": "moderate", "text": {"en": "[Reasoning/Syllogism] Sample exam-style question #4340: Choose the correct option."}, "options": {"en": ["Option A4340", "Option B4340", "Option C4340", "Option D4340"]}, "answerIndex": 0}, {"id": "GE_4392", "section": "General Awareness", "topic": "Science", "difficulty": "moderate", "text": {"en": "[General Awareness/Science] Sample exam-style question #4392: Choose the correct option."}, "options": {"en": ["Option A4392", "Option B4392", "Option C4392", "Option D4392"]}, "answerIndex": 0}, {"id": "RE_4334", "section": "Reasoning", "topic": "Puzzle", "difficulty": "moderate", "text": {"en": "[Reasoning/Puzzle] Sample exam-style question #4334: Choose the correct option."}, "options": {"en": ["Option A4334", "Option B4334", "Option C4334", "Option D4334"]}, "answerIndex": 2}, {"id": "GE_4386", "section": "General Awareness", "topic": "Science", "difficulty": "moderate", "text": {"en": "[General Awareness/Science] Sample exam-style question #4386: Choose the correct option."}, "options": {"en": ["Option A4386", "Option B4386", "Option C4386", "Option D4386"]}, "answerIndex": 2}, {"id": "RE_4342", "section": "Reasoning", "topic": "Direction", "difficulty": "moderate", "text": {"en": "[Reasoning/Direction] Sample exam-style question #4342: Choose the correct option."}, "options": {"en": ["Option A4342", "Option B4342", "Option C4342", "Option D4342"]}, "answerIndex": 2}, {"id": "MA_4323", "section": "Mathematics", "topic": "DI", "difficulty": "moderate", "text": {"en": "[Mathematics/DI] Sample exam-style question #4323: Choose the correct option."}, "options": {"en": ["Option A4323", "Option B4323", "Option C4323", "Option D4323"]}, "answerIndex": 3}, {"id": "MA_4315", "section": "Mathematics", "topic": "DI", "difficulty": "moderate", "text": {"en": "[Mathematics/DI] Sample exam-style question #4315: Choose the correct option."}, "options": {"en": ["Option A4315", "Option B4315", "Option C4315", "Option D4315"]}, "answerIndex": 3}, {"id": "GE_4379", "section": "General Awareness", "topic": "Current Affairs", "difficulty": "moderate", "text": {"en": "[General Awareness/Current Affairs] Sample exam-style question #4379: Choose the correct option."}, "options": {"en": ["Option A4379", "Option B4379", "Option C4379", "Option D4379"]}, "answerIndex": 3}, {"id": "GE_4382", "section": "General Awareness", "topic": "Current Affairs", "difficulty": "moderate", "text": {"en": "[General Awareness/Current Affairs] Sample exam-style question #4382: Choose the correct option."}, "options": {"en": ["Option A4382", "Option B4382", "Option C4382", "Option D4382"]}, "answerIndex": 2}, {"id": "MA_4316", "section": "Mathematics", "topic": "Time&Work", "difficulty": "moderate", "text": {"en": "[Mathematics/Time&Work] Sample exam-style question #4316: Choose the correct option."}, "options": {"en": ["Option A4316", "Option B4316", "Option C4316", "Option D4316"]}, "answerIndex": 0}, {"id": "MA_4314", "section": "Mathematics", "topic": "Ratio", "difficulty": "moderate", "text": {"en": "[Mathematics/Ratio] Sample exam-style question #4314: Choose the correct option."}, "options": {"en": ["Option A4314", "Option B4314", "Option C4314", "Option D4314"]}, "answerIndex": 2}, {"id": "RE_4336", "section": "Reasoning", "topic": "Analogy", "difficulty": "moderate", "text": {"en": "[Reasoning/Analogy] Sample exam-style question #4336: Choose the correct option."}, "options": {"en": ["Option A4336", "Option B4336", "Option C4336", "Option D4336"]}, "answerIndex": 0}, {"id": "GE_4381", "section": "General Awareness", "topic": "Economy", "difficulty": "moderate", "text": {"en": "[General Awareness/Economy] Sample exam-style question #4381: Choose the correct option."}, "options": {"en": ["Option A4381", "Option B4381", "Option C4381", "Option D4381"]}, "answerIndex": 1}, {"id": "RE_4333", "section": "Reasoning", "topic": "Syllogism", "difficulty": "moderate", "text": {"en": "[Reasoning/Syllogism] Sample exam-style question #4333: Choose the correct option."}, "options": {"en": ["Option A4333", "Option B4333", "Option C4333", "Option D4333"]}, "answerIndex": 1}, {"id": "RE_4332", "section": "Reasoning", "topic": "Coding", "difficulty": "moderate", "text": {"en": "[Reasoning/Coding] Sample exam-style question #4332: Choose the correct option."}, "options": {"en": ["Option A4332", "Option B4332", "Option C4332", "Option D4332"]}, "answerIndex": 0}, {"id": "MA_4330", "section": "Mathematics", "topic": "Percentage", "difficulty": "moderate", "text": {"en": "[Mathematics/Percentage] Sample exam-style question #4330: Choose the correct option."}, "options": {"en": ["Option A4330", "Option B4330", "Option C4330", "Option D4330"]}, "answerIndex": 2}, {"id": "MA_4326", "section": "Mathematics", "topic": "SI", "difficulty": "moderate", "text": {"en": "[Mathematics/SI] Sample exam-style question #4326: Choose the correct option."}, "options": {"en": ["Option A4326", "Option B4326", "Option C4326", "Option D4326"]}, "answerIndex": 2}, {"id": "MA_4322", "section": "Mathematics", "topic": "SI", "difficulty": "moderate", "text": {"en": "[Mathematics/SI] Sample exam-style question #4322: Choose the correct option."}, "options": {"en": ["Option A4322", "Option B4322", "Option C4322", "Option D4322"]}, "answerIndex": 2}, {"id": "MA_4325", "section": "Mathematics", "topic": "SI", "difficulty": "moderate", "text": {"en": "[Mathematics/SI] Sample exam-style question #4325: Choose the correct option."}, "options": {"en": ["Option A4325", "Option B4325", "Option C4325", "Option D4325"]}, "answerIndex": 1}, {"id": "RE_4357", "section": "Reasoning", "topic": "Syllogism", "difficulty": "moderate", "text": {"en": "[Reasoning/Syllogism] Sample exam-style question #4357: Choose the correct option."}, "options": {"en": ["Option A4357", "Option B4357", "Option C4357", "Option D4357"]}, "answerIndex": 1}, {"id": "GE_4376", "section": "General Awareness", "topic": "History", "difficulty": "moderate", "text": {"en": "[General Awareness/History] Sample exam-style question #4376: Choose the correct option."}, "options": {"en": ["Option A4376", "Option B4376", "Option C4376", "Option D4376"]}, "answerIndex": 0}, {"id": "GE_4380", "section": "General Awareness", "topic": "Geography", "difficulty": "moderate", "text": {"en": "[General Awareness/Geography] Sample exam-style question #4380: Choose the correct option."}, "options": {"en": ["Option A4380", "Option B4380", "Option C4380", "Option D4380"]}, "answerIndex": 0}, {"id": "MA_4317", "section": "Mathematics", "topic": "Percentage", "difficulty": "moderate", "text": {"en": "[Mathematics/Percentage] Sample exam-style question #4317: Choose the correct option."}, "options": {"en": ["Option A4317", "Option B4317", "Option C4317", "Option D4317"]}, "answerIndex": 1}, {"id": "GE_4394", "section": "General Awareness", "topic": "Economy", "difficulty": "moderate", "text": {"en": "[General Awareness/Economy] Sample exam-style question #4394: Choose the correct option."}, "options": {"en": ["Option A4394", "Option B4394", "Option C4394", "Option D4394"]}, "answerIndex": 2}, {"id": "RE_4353", "section": "Reasoning", "topic": "Syllogism", "difficulty": "moderate", "text": {"en": "[Reasoning/Syllogism] Sample exam-style question #4353: Choose the correct option."}, "options": {"en": ["Option A4353", "Option B4353", "Option C4353", "Option D4353"]}, "answerIndex": 1}, {"id": "RE_4337", "section": "Reasoning", "topic": "Puzzle", "difficulty": "moderate", "text": {"en": "[Reasoning/Puzzle] Sample exam-style question #4337: Choose the correct option."}, "options": {"en": ["Option A4337", "Option B4337", "Option C4337", "Option D4337"]}, "answerIndex": 1}, {"id": "MA_4324", "section": "Mathematics", "topic": "DI", "difficulty": "moderate", "text": {"en": "[Mathematics/DI] Sample exam-style question #4324: Choose the correct option."}, "options": {"en": ["Option A4324", "Option B4324", "Option C4324", "Option D4324"]}, "answerIndex": 0}, {"id": "GE_4368", "section": "General Awareness", "topic": "Economy", "difficulty": "moderate", "text": {"en": "[General Awareness/Economy] Sample exam-style question #4368: Choose the correct option."}, "options": {"en": ["Option A4368", "Option B4368", "Option C4368", "Option D4368"]}, "answerIndex": 0}, {"id": "MA_4307", "section": "Mathematics", "topic": "Time&Work", "difficulty": "moderate", "text": {"en": "[Mathematics/Time&Work] Sample exam-style question #4307: Choose the correct option."}, "options": {"en": ["Option A4307", "Option B4307", "Option C4307", "Option D4307"]}, "answerIndex": 3}, {"id": "RE_4343", "section": "Reasoning", "topic": "Coding", "difficulty": "moderate", "text": {"en": "[Reasoning/Coding] Sample exam-style question #4343: Choose the correct option."}, "options": {"en": ["Option A4343", "Option B4343", "Option C4343", "Option D4343"]}, "answerIndex": 3}, {"id": "GE_4393", "section": "General Awareness", "topic": "Polity", "difficulty": "moderate", "text": {"en": "[General Awareness/Polity] Sample exam-style question #4393: Choose the correct option."}, "options": {"en": ["Option A4393", "Option B4393", "Option C4393", "Option D4393"]}, "answerIndex": 1}, {"id": "MA_4304", "section": "Mathematics", "topic": "SI", "difficulty": "moderate", "text": {"en": "[Mathematics/SI] Sample exam-style question #4304: Choose the correct option."}, "options": {"en": ["Option A4304", "Option B4304", "Option C4304", "Option D4304"]}, "answerIndex": 0}, {"id": "GE_4366", "section": "General Awareness", "topic": "Science", "difficulty": "moderate", "text": {"en": "[General Awareness/Science] Sample exam-style question #4366: Choose the correct option."}, "options": {"en": ["Option A4366", "Option B4366", "Option C4366", "Option D4366"]}, "answerIndex": 2}, {"id": "GE_4364", "section": "General Awareness", "topic": "Polity", "difficulty": "moderate", "text": {"en": "[General Awareness/Polity] Sample exam-style question #4364: Choose the correct option."}, "options": {"en": ["Option A4364", "Option B4364", "Option C4364", "Option D4364"]}, "answerIndex": 0}, {"id": "MA_4328", "section": "Mathematics", "topic": "Time&Work", "difficulty": "moderate", "text": {"en": "[Mathematics/Time&Work] Sample exam-style question #4328: Choose the correct option."}, "options": {"en": ["Option A4328", "Option B4328", "Option C4328", "Option D4328"]}, "answerIndex": 0}, {"id": "GE_4371", "section": "General Awareness", "topic": "History", "difficulty": "moderate", "text": {"en": "[General Awareness/History] Sample exam-style question #4371: Choose the correct option."}, "options": {"en": ["Option A4371", "Option B4371", "Option C4371", "Option D4371"]}, "answerIndex": 3}, {"id": "MA_4318", "section": "Mathematics", "topic": "CI", "difficulty": "moderate", "text": {"en": "[Mathematics/CI] Sample exam-style question #4318: Choose the correct option."}, "options": {"en": ["Option A4318", "Option B4318", "Option C4318", "Option D4318"]}, "answerIndex": 2}, {"id": "MA_4319", "section": "Mathematics", "topic": "Percentage", "difficulty": "moderate", "text": {"en": "[Mathematics/Percentage] Sample exam-style question #4319: Choose the correct option."}, "options": {"en": ["Option A4319", "Option B4319", "Option C4319", "Option D4319"]}, "answerIndex": 3}, {"id": "GE_4389", "section": "General Awareness", "topic": "Economy", "difficulty": "moderate", "text": {"en": "[General Awareness/Economy] Sample exam-style question #4389: Choose the correct option."}, "options": {"en": ["Option A4389", "Option B4389", "Option C4389", "Option D4389"]}, "answerIndex": 1}, {"id": "MA_4327", "section": "Mathematics", "topic": "Percentage", "difficulty": "moderate", "text": {"en": "[Mathematics/Percentage] Sample exam-style question #4327: Choose the correct option."}, "options": {"en": ["Option A4327", "Option B4327", "Option C4327", "Option D4327"]}, "answerIndex": 3}, {"id": "MA_4305", "section": "Mathematics", "topic": "DI", "difficulty": "moderate", "text": {"en": "[Mathematics/DI] Sample exam-style question #4305: Choose the correct option."}, "options": {"en": ["Option A4305", "Option B4305", "Option C4305", "Option D4305"]}, "answerIndex": 1}, {"id": "GE_4378", "section": "General Awareness", "topic": "Economy", "difficulty": "moderate", "text": {"en": "[General Awareness/Economy] Sample exam-style question #4378: Choose the correct option."}, "options": {"en": ["Option A4378", "Option B4378", "Option C4378", "Option D4378"]}, "answerIndex": 2}, {"id": "GE_4398", "section": "General Awareness", "topic": "Geography", "difficulty": "moderate", "text": {"en": "[General Awareness/Geography] Sample exam-style question #4398: Choose the correct option."}, "options": {"en": ["Option A4398", "Option B4398", "Option C4398", "Option D4398"]}, "answerIndex": 2}, {"id": "GE_4396", "section": "General Awareness", "topic": "History", "difficulty": "moderate", "text": {"en": "[General Awareness/History] Sample exam-style question #4396: Choose the correct option."}, "options": {"en": ["Option A4396", "Option B4396", "Option C4396", "Option D4396"]}, "answerIndex": 0}, {"id": "GE_4397", "section": "General Awareness", "topic": "History", "difficulty": "moderate", "text": {"en": "[General Awareness/History] Sample exam-style question #4397: Choose the correct option."}, "options": {"en": ["Option A4397", "Option B4397", "Option C4397", "Option D4397"]}, "answerIndex": 1}, {"id": "RE_4358", "section": "Reasoning", "topic": "Series", "difficulty": "moderate", "text": {"en": "[Reasoning/Series] Sample exam-style question #4358: Choose the correct option."}, "options": {"en": ["Option A4358", "Option B4358", "Option C4358", "Option D4358"]}, "answerIndex": 2}, {"id": "RE_4346", "section": "Reasoning", "topic": "Coding", "difficulty": "moderate", "text": {"en": "[Reasoning/Coding] Sample exam-style question #4346: Choose the correct option."}, "options": {"en": ["Option A4346", "Option B4346", "Option C4346", "Option D4346"]}, "answerIndex": 2}, {"id": "MA_4329", "section": "Mathematics", "topic": "CI", "difficulty": "moderate", "text": {"en": "[Mathematics/CI] Sample exam-style question #4329: Choose the correct option."}, "options": {"en": ["Option A4329", "Option B4329", "Option C4329", "Option D4329"]}, "answerIndex": 1}]}