{"testId": "038", "questions": [{"id": "GE_3779", "section": "General Awareness", "topic": "History", "difficulty": "moderate", "text": {"en": "[General Awareness/History] Sample exam-style question #3779: Choose the correct option."}, "options": {"en": ["Option A3779", "Option B3779", "Option C3779", "Option D3779"]}, "answerIndex": 3}, {"id": "GE_3769", "section": "General Awareness", "topic": "History", "difficulty": "moderate", "text": {"en": "[General Awareness/History] Sample exam-style question #3769: Choose the correct option."}, "options": {"en": ["Option A3769", "Option B3769", "Option C3769", "Option D3769"]}, "answerIndex": 1}, {"id": "RE_3744", "section": "Reasoning", "topic": "Coding", "difficulty": "moderate", "text": {"en": "[Reasoning/Coding] Sample exam-style question #3744: Choose the correct option."}, "options": {"en": ["Option A3744", "Option B3744", "Option C3744", "Option D3744"]}, "answerIndex": 0}, {"id": "GE_3786", "section": "General Awareness", "topic": "Current Affairs", "difficulty": "moderate", "text": {"en": "[General Awareness/Current Affairs] Sample exam-style question #3786: Choose the correct option."}, "options": {"en": ["Option A3786", "Option B3786", "Option C3786", "Option D3786"]}, "answerIndex": 2}, {"id": "GE_3787", "section": "General Awareness", "topic": "Geography", "difficulty": "moderate", "text": {"en": "[General Awareness/Geography] Sample exam-style question #3787: Choose the correct option."}, "options": {"en": ["Option A3787", "Option B3787", "Option C3787", "Option D3787"]}, "answerIndex": 3}, {"id": "RE_3740", "section": "Reasoning", "topic": "Coding", "difficulty": "moderate", "text": {"en": "[Reasoning/Coding] Sample exam-style question #3740: Choose the correct option."}, "options": {"en": ["Option A3740", "Option B3740", "Option C3740", "Option D3740"]}, "answerIndex": 0}, {"id": "RE_3738", "section": "Reasoning", "topic": "Coding", "difficulty": "moderate", "text": {"en": "[Reasoning/Coding] Sample exam-style question #3738: Choose the correct option."}, "options": {"en": ["Option A3738", "Option B3738", "Option C3738", "Option D3738"]}, "answerIndex": 2}, {"id": "GE_3784", "section": "General Awareness", "topic": "Economy", "difficulty": "moderate", "text": {"en": "[General Awareness/Economy] Sample exam-style question #3784: Choose the correct option."}, "options": {"en": ["Option A3784", "Option B3784", "Option C3784", "Option D3784"]}, "answerIndex": 0}, {"id": "MA_3705", "section": "Mathematics", "topic": "CI", "difficulty": "moderate", "text": {"en": "[Mathematics/CI] Sample exam-style question #3705: Choose the correct option."}, "options": {"en": ["Option A3705", "Option B3705", "Option C3705", "Option D3705"]}, "answerIndex": 1}, {"id": "RE_3756", "section": "Reasoning", "topic": "Direction", "difficulty": "moderate", "text": {"en": "[Reasoning/Direction] Sample exam-style question #3756: Choose the correct option."}, "options": {"en": ["Option A3756", "Option B3756", "Option C3756", "Option D3756"]}, "answerIndex": 0}, {"id": "GE_3791", "section": "General Awareness", "topic": "Economy", "difficulty": "moderate", "text": {"en": "[General Awareness/Economy] Sample exam-style question #3791: Choose the correct option."}, "options": {"en": ["Option A3791", "Option B3791", "Option C3791", "Option D3791"]}, "answerIndex": 3}, {"id": "RE_3755", "section": "Reasoning", "topic": "Analogy", "difficulty": "moderate", "text": {"en": "[Reasoning/Analogy] Sample exam-style question #3755: Choose the correct option."}, "options": {"en": ["Option A3755", "Option B3755", "Option C3755", "Option D3755"]}, "answerIndex": 3}, {"id": "RE_3749", "section": "Reasoning", "topic": "Coding", "difficulty": "moderate", "text": {"en": "[Reasoning/Coding] Sample exam-style question #3749: Choose the correct option."}, "options": {"en": ["Option A3749", "Option B3749", "Option C3749", "Option D3749"]}, "answerIndex": 1}, {"id": "RE_3734", "section": "Reasoning", "topic": "Syllogism", "difficulty": "moderate", "text": {"en": "[Reasoning/Syllogism] Sample exam-style question #3734: Choose the correct option."}, "options": {"en": ["Option A3734", "Option B3734", "Option C3734", "Option D3734"]}, "answerIndex": 2}, {"id": "RE_3732", "section": "Reasoning", "topic": "Series", "difficulty": "moderate", "text": {"en": "[Reasoning/Series] Sample exam-style question #3732: Choose the correct option."}, "options": {"en": ["Option A3732", "Option B3732", "Option C3732", "Option D3732"]}, "answerIndex": 0}, {"id": "RE_3750", "section": "Reasoning", "topic": "Direction", "difficulty": "moderate", "text": {"en": "[Reasoning/Direction] Sample exam-style question #3750: Choose the correct option."}, "options": {"en": ["Option A3750", "Option B3750", "Option C3750", "Option D3750"]}, "answerIndex": 2}, {"id": "GE_3766", "section": "General Awareness", "topic": "Polity", "difficulty": "moderate", "text": {"en": "[General Awareness/Polity] Sample exam-style question #3766: Choose the correct option."}, "options": {"en": ["Option A3766", "Option B3766", "Option C3766", "Option D3766"]}, "answerIndex": 2}, {"id": "RE_3747", "section": "Reasoning", "topic": "Direction", "difficulty": "moderate", "text": {"en": "[Reasoning/Direction] Sample exam-style question #3747: Choose the correct option."}, "options": {"en": ["Option A3747", "Option B3747", "Option C3747", "Option D3747"]}, "answerIndex": 3}, {"id": "MA_3719", "section": "Mathematics", "topic": "SI", "difficulty": "moderate", "text": {"en": "[Mathematics/SI] Sample exam-style question #3719: Choose the correct option."}, "options": {"en": ["Option A3719", "Option B3719", "Option C3719", "Option D3719"]}, "answerIndex": 3}, {"id": "RE_3736", "section": "Reasoning", "topic": "Series", "difficulty": "moderate", "text": {"en": "[Reasoning/Series] Sample exam-style question #3736: Choose the correct option."}, "options": {"en": ["Option A3736", "Option B3736", "Option C3736", "Option D3736"]}, "answerIndex": 0}, {"id": "MA_3724", "section": "Mathematics", "topic": "Speed", "difficulty": "moderate", "text": {"en": "[Mathematics/Speed] Sample exam-style question #3724: Choose the correct option."}, "options": {"en": ["Option A3724", "Option B3724", "Option C3724", "Option D3724"]}, "answerIndex": 0}, {"id": "GE_3800", "section": "General Awareness", "topic": "Current Affairs", "difficulty": "moderate", "text": {"en": "[General Awareness/Current Affairs] Sample exam-style question #3800: Choose the correct option."}, "options": {"en": ["Option A3800", "Option B3800", "Option C3800", "Option D3800"]}, "answerIndex": 0}, {"id": "GE_3773", "section": "General Awareness", "topic": "Science", "difficulty": "moderate", "text": {"en": "[General Awareness/Science] Sample exam-style question #3773: Choose the correct option."}, "options": {"en": ["Option A3773", "Option B3773", "Option C3773", "Option D3773"]}, "answerIndex": 1}, {"id": "RE_3754", "section": "Reasoning", "topic": "Analogy", "difficulty": "moderate", "text": {"en": "[Reasoning/Analogy] Sample exam-style question #3754: Choose the correct option."}, "options": {"en": ["Option A3754", "Option B3754", "Option C3754", "Option D3754"]}, "answerIndex": 2}, {"id": "GE_3780", "section": "General Awareness", "topic": "Economy", "difficulty": "moderate", "text": {"en": "[General Awareness/Economy] Sample exam-style question #3780: Choose the correct option."}, "options": {"en": ["Option A3780", "Option B3780", "Option C3780", "Option D3780"]}, "answerIndex": 0}, {"id": "GE_3781", "section": "General Awareness", "topic": "Polity", "difficulty": "moderate", "text": {"en": "[General Awareness/Polity] Sample exam-style question #3781: Choose the correct option."}, "options": {"en": ["Option A3781", "Option B3781", "Option C3781", "Option D3781"]}, "answerIndex": 1}, {"id": "MA_3704", "section": "Mathematics", "topic": "SI", "difficulty": "moderate", "text": {"en": "[Mathematics/SI] Sample exam-style question #3704: Choose the correct option."}, "options": {"en": ["Option A3704", "Option B3704", "Option C3704", "Option D3704"]}, "answerIndex": 0}, {"id": "MA_3713", "section": "Mathematics", "topic": "SI", "difficulty": "moderate", "text": {"en": "[Mathematics/SI] Sample exam-style question #3713: Choose the correct option."}, "options": {"en": ["Option A3713", "Option B3713", "Option C3713", "Option D3713"]}, "answerIndex": 1}, {"id": "GE_3788", "section": "General Awareness", "topic": "Science", "difficulty": "moderate", "text": {"en": "[General Awareness/Science] Sample exam-style question #3788: Choose the correct option."}, "options": {"en": ["Option A3788", "Option B3788", "Option C3788", "Option D3788"]}, "answerIndex": 0}, {"id": "MA_3726", "section": "Mathematics", "topic": "SI", "difficulty": "moderate", "text": {"en": "[Mathematics/SI] Sample exam-style question #3726: Choose the correct option."}, "options": {"en": ["Option A3726", "Option B3726", "Option C3726", "Option D3726"]}, "answerIndex": 2}, {"id": "RE_3743", "section": "Reasoning", "topic": "Puzzle", "difficulty": "moderate", "text": {"en": "[Reasoning/Puzzle] Sample exam-style question #3743: Choose the correct option."}, "options": {"en": ["Option A3743", "Option B3743", "Option C3743", "Option D3743"]}, "answerIndex": 3}, {"id": "GE_3770", "section": "General Awareness", "topic": "Geography", "difficulty": "moderate", "text": {"en": "[General Awareness/Geography] Sample exam-style question #3770: Choose the correct option."}, "options": {"en": ["Option A3770", "Option B3770", "Option C3770", "Option D3770"]}, "answerIndex": 2}, {"id": "MA_3728", "section": "Mathematics", "topic": "SI", "difficulty": "moderate", "text": {"en": "[Mathematics/SI] Sample exam-style question #3728: Choose the correct option."}, "options": {"en": ["Option A3728", "Option B3728", "Option C3728", "Option D3728"]}, "answerIndex": 0}, {"id": "RE_3752", "section": "Reasoning", "topic": "Coding", "difficulty": "moderate", "text": {"en": "[Reasoning/Coding] Sample exam-style question #3752: Choose the correct option."}, "options": {"en": ["Option A3752", "Option B3752", "Option C3752", "Option D3752"]}, "answerIndex": 0}, {"id": "GE_3798", "section": "General Awareness", "topic": "History", "difficulty": "moderate", "text": {"en": "[General Awareness/History] Sample exam-style question #3798: Choose the correct option."}, "options": {"en": ["Option A3798", "Option B3798", "Option C3798", "Option D3798"]}, "answerIndex": 2}, {"id": "GE_3762", "section": "General Awareness", "topic": "Economy", "difficulty": "moderate", "text": {"en": "[General Awareness/Economy] Sample exam-style question #3762: Choose the correct option."}, "options": {"en": ["Option A3762", "Option B3762", "Option C3762", "Option D3762"]}, "answerIndex": 2}, {"id": "MA_3711", "section": "Mathematics", "topic": "SI", "difficulty": "moderate", "text": {"en": "[Mathematics/SI] Sample exam-style question #3711: Choose the correct option."}, "options": {"en": ["Option A3711", "Option B3711", "Option C3711", "Option D3711"]}, "answerIndex": 3}, {"id": "GE_3793", "section": "General Awareness", "topic": "Polity", "difficulty": "moderate", "text": {"en": "[General Awareness/Polity] Sample exam-style question #3793: Choose the correct option."}, "options": {"en": ["Option A3793", "Option B3793", "Option C3793", "Option D3793"]}, "answerIndex": 1}, {"id": "MA_3727", "section": "Mathematics", "topic": "Percentage", "difficulty": "moderate", "text": {"en": "[Mathematics/Percentage] Sample exam-style question #3727: Choose the correct option."}, "options": {"en": ["Option A3727", "Option B3727", "Option C3727", "Option D3727"]}, "answerIndex": 3}, {"id": "GE_3774", "section": "General Awareness", "topic": "Polity", "difficulty": "moderate", "text": {"en": "[General Awareness/Polity] Sample exam-style question #3774: Choose the correct option."}, "options": {"en": ["Option A3774", "Option B3774", "Option C3774", "Option D3774"]}, "answerIndex": 2}, {"id": "MA_3708", "section": "Mathematics", "topic": "DI", "difficulty": "moderate", "text": {"en": "[Mathematics/DI] Sample exam-style question #3708: Choose the correct option."}, "options": {"en": ["Option A3708", "Option B3708", "Option C3708", "Option D3708"]}, "answerIndex": 0}, {"id": "MA_3703", "section": "Mathematics", "topic": "Percentage", "difficulty": "moderate", "text": {"en": "[Mathematics/Percentage] Sample exam-style question #3703: Choose the correct option."}, "options": {"en": ["Option A3703", "Option B3703", "Option C3703", "Option D3703"]}, "answerIndex": 3}, {"id": "GE_3767", "section": "General Awareness", "topic": "Current Affairs", "difficulty": "moderate", "text": {"en": "[General Awareness/Current Affairs] Sample exam-style question #3767: Choose the correct option."}, "options": {"en": ["Option A3767", "Option B3767", "Option C3767", "Option D3767"]}, "answerIndex": 3}, {"id": "MA_3730", "section": "Mathematics", "topic": "DI", "difficulty": "moderate", "text": {"en": "[Mathematics/DI] Sample exam-style question #3730: Choose the correct option."}, "options": {"en": ["Option A3730", "Option B3730", "Option C3730", "Option D3730"]}, "answerIndex": 2}, {"id": "GE_3783", "section": "General Awareness", "topic": "Current Affairs", "difficulty": "moderate", "text": {"en": "[General Awareness/Current Affairs] Sample exam-style question #3783: Choose the correct option."}, "options": {"en": ["Option A3783", "Option B3783", "Option C3783", "Option D3783"]}, "answerIndex": 3}, {"id": "MA_3725", "section": "Mathematics", "topic": "CI", "difficulty": "moderate", "text": {"en": "[Mathematics/CI] Sample exam-style question #3725: Choose the correct option."}, "options": {"en": ["Option A3725", "Option B3725", "Option C3725", "Option D3725"]}, "answerIndex": 1}, {"id": "GE_3776", "section": "General Awareness", "topic": "History", "difficulty": "moderate", "text": {"en": "[General Awareness/History] Sample exam-style question #3776: Choose the correct option."}, "options": {"en": ["Option A3776", "Option B3776", "Option C3776", "Option D3776"]}, "answerIndex": 0}, {"id": "GE_3794", "section": "General Awareness", "topic": "Geography", "difficulty": "moderate", "text": {"en": "[General Awareness/Geography] Sample exam-style question #3794: Choose the correct option."}, "options": {"en": ["Option A3794", "Option B3794", "Option C3794", "Option D3794"]}, "answerIndex": 2}, {"id": "RE_3745", "section": "Reasoning", "topic": "Syllogism", "difficulty": "moderate", "text": {"en": "[Reasoning/Syllogism] Sample exam-style question #3745: Choose the correct option."}, "options": {"en": ["Option A3745", "Option B3745", "Option C3745", "Option D3745"]}, "answerIndex": 1}, {"id": "GE_3796", "section": "General Awareness", "topic": "Economy", "difficulty": "moderate", "text": {"en": "[General Awareness/Economy] Sample exam-style question #3796: Choose the correct option."}, "options": {"en": ["Option A3796", "Option B3796", "Option C3796", "Option D3796"]}, "answerIndex": 0}, {"id": "RE_3739", "section": "Reasoning", "topic": "Analogy", "difficulty": "moderate", "text": {"en": "[Reasoning/Analogy] Sample exam-style question #3739: Choose the correct option."}, "options": {"en": ["Option A3739", "Option B3739", "Option C3739", "Option D3739"]}, "answerIndex": 3}, {"id": "MA_3718", "section": "Mathematics", "topic": "CI", "difficulty": "moderate", "text": {"en": "[Mathematics/CI] Sample exam-style question #3718: Choose the correct option."}, "options": {"en": ["Option A3718", "Option B3718", "Option C3718", "Option D3718"]}, "answerIndex": 2}, {"id": "GE_3795", "section": "General Awareness", "topic": "Geography", "difficulty": "moderate", "text": {"en": "[General Awareness/Geography] Sample exam-style question #3795: Choose the correct option."}, "options": {"en": ["Option A3795", "Option B3795", "Option C3795", "Option D3795"]}, "answerIndex": 3}, {"id": "GE_3782", "section": "General Awareness", "topic": "Geography", "difficulty": "moderate", "text": {"en": "[General Awareness/Geography] Sample exam-style question #3782: Choose the correct option."}, "options": {"en": ["Option A3782", "Option B3782", "Option C3782", "Option D3782"]}, "answerIndex": 2}, {"id": "MA_3721", "section": "Mathematics", "topic": "Percentage", "difficulty": "moderate", "text": {"en": "[Mathematics/Percentage] Sample exam-style question #3721: Choose the correct option."}, "options": {"en": ["Option A3721", "Option B3721", "Option C3721", "Option D3721"]}, "answerIndex": 1}, {"id": "GE_3775", "section": "General Awareness", "topic": "Science", "difficulty": "moderate", "text": {"en": "[General Awareness/Science] Sample exam-style question #3775: Choose the correct option."}, "options": {"en": ["Option A3775", "Option B3775", "Option C3775", "Option D3775"]}, "answerIndex": 3}, {"id": "GE_3785", "section": "General Awareness", "topic": "Science", "difficulty": "moderate", "text": {"en": "[General Awareness/Science] Sample exam-style question #3785: Choose the correct option."}, "options": {"en": ["Option A3785", "Option B3785", "Option C3785", "Option D3785"]}, "answerIndex": 1}, {"id": "GE_3790", "section": "General Awareness", "topic": "Science", "difficulty": "moderate", "text": {"en": "[General Awareness/Science] Sample exam-style question #3790: Choose the correct option."}, "options": {"en": ["Option A3790", "Option B3790", "Option C3790", "Option D3790"]}, "answerIndex": 2}, {"id": "GE_3768", "section": "General Awareness", "topic": "History", "difficulty": "moderate", "text": {"en": "[General Awareness/History] Sample exam-style question #3768: Choose the correct option."}, "options": {"en": ["Option A3768", "Option B3768", "Option C3768", "Option D3768"]}, "answerIndex": 0}, {"id": "GE_3792", "section": "General Awareness", "topic": "Science", "difficulty": "moderate", "text": {"en": "[General Awareness/Science] Sample exam-style question #3792: Choose the correct option."}, "options": {"en": ["Option A3792", "Option B3792", "Option C3792", "Option D3792"]}, "answerIndex": 0}, {"id": "MA_3717", "section": "Mathematics", "topic": "Time&Work", "difficulty": "moderate", "text": {"en": "[Mathematics/Time&Work] Sample exam-style question #3717: Choose the correct option."}, "options": {"en": ["Option A3717", "Option B3717", "Option C3717", "Option D3717"]}, "answerIndex": 1}, {"id": "GE_3777", "section": "General Awareness", "topic": "Geography", "difficulty": "moderate", "text": {"en": "[General Awareness/Geography] Sample exam-style question #3777: Choose the correct option."}, "options": {"en": ["Option A3777", "Option B3777", "Option C3777", "Option D3777"]}, "answerIndex": 1}, {"id": "MA_3702", "section": "Mathematics", "topic": "CI", "difficulty": "moderate", "text": {"en": "[Mathematics/CI] Sample exam-style question #3702: Choose the correct option."}, "options": {"en": ["Option A3702", "Option B3702", "Option C3702", "Option D3702"]}, "answerIndex": 2}, {"id": "MA_3714", "section": "Mathematics", "topic": "CI", "difficulty": "moderate", "text": {"en": "[Mathematics/CI] Sample exam-style question #3714: Choose the correct option."}, "options": {"en": ["Option A3714", "Option B3714", "Option C3714", "Option D3714"]}, "answerIndex": 2}, {"id": "MA_3701", "section": "Mathematics", "topic": "Percentage", "difficulty": "moderate", "text": {"en": "[Mathematics/Percentage] Sample exam-style question #3701: Choose the correct option."}, "options": {"en": ["Option A3701", "Option B3701", "Option C3701", "Option D3701"]}, "answerIndex": 1}, {"id": "RE_3742", "section": "Reasoning", "topic": "Coding", "difficulty": "moderate", "text": {"en": "[Reasoning/Coding] Sample exam-style question #3742: Choose the correct option."}, "options": {"en": ["Option A3742", "Option B3742", "Option C3742", "Option D3742"]}, "answerIndex": 2}, {"id": "RE_3758", "section": "Reasoning", "topic": "Series", "difficulty": "moderate", "text": {"en": "[Reasoning/Series] Sample exam-style question #3758: Choose the correct option."}, "options": {"en": ["Option A3758", "Option B3758", "Option C3758", "Option D3758"]}, "answerIndex": 2}, {"id": "RE_3731", "section": "Reasoning", "topic": "Analogy", "difficulty": "moderate", "text": {"en": "[Reasoning/Analogy] Sample exam-style question #3731: Choose the correct option."}, "options": {"en": ["Option A3731", "Option B3731", "Option C3731", "Option D3731"]}, "answerIndex": 3}, {"id": "GE_3771", "section": "General Awareness", "topic": "Current Affairs", "difficulty": "moderate", "text": {"en": "[General Awareness/Current Affairs] Sample exam-style question #3771: Choose the correct option."}, "options": {"en": ["Option A3771", "Option B3771", "Option C3771", "Option D3771"]}, "answerIndex": 3}, {"id": "MA_3723", "section": "Mathematics", "topic": "Speed", "difficulty": "moderate", "text": {"en": "[Mathematics/Speed] Sample exam-style question #3723: Choose the correct option."}, "options": {"en": ["Option A3723", "Option B3723", "Option C3723", "Option D3723"]}, "answerIndex": 3}, {"id": "MA_3729", "section": "Mathematics", "topic": "Percentage", "difficulty": "moderate", "text": {"en": "[Mathematics/Percentage] Sample exam-style question #3729: Choose the correct option."}, "options": {"en": ["Option A3729", "Option B3729", "Option C3729", "Option D3729"]}, "answerIndex": 1}, {"id": "RE_3757", "section": "Reasoning", "topic": "Direction", "difficulty": "moderate", "text": {"en": "[Reasoning/Direction] Sample exam-style question #3757: Choose the correct option."}, "options": {"en": ["Option A3757", "Option B3757", "Option C3757", "Option D3757"]}, "answerIndex": 1}, {"id": "MA_3722", "section": "Mathematics", "topic": "CI", "difficulty": "moderate", "text": {"en": "[Mathematics/CI] Sample exam-style question #3722: Choose the correct option."}, "options": {"en": ["Option A3722", "Option B3722", "Option C3722", "Option D3722"]}, "answerIndex": 2}, {"id": "MA_3709", "section": "Mathematics", "topic": "Speed", "difficulty": "moderate", "text": {"en": "[Mathematics/Speed] Sample exam-style question #3709: Choose the correct option."}, "options": {"en": ["Option A3709", "Option B3709", "Option C3709", "Option D3709"]}, "answerIndex": 1}, {"id": "RE_3741", "section": "Reasoning", "topic": "Puzzle", "difficulty": "moderate", "text": {"en": "[Reasoning/Puzzle] Sample exam-style question #3741: Choose the correct option."}, "options": {"en": ["Option A3741", "Option B3741", "Option C3741", "Option D3741"]}, "answerIndex": 1}, {"id": "GE_3761", "section": "General Awareness", "topic": "History", "difficulty": "moderate", "text": {"en": "[General Awareness/History] Sample exam-style question #3761: Choose the correct option."}, "options": {"en": ["Option A3761", "Option B3761", "Option C3761", "Option D3761"]}, "answerIndex": 1}, {"id": "RE_3751", "section": "Reasoning", "topic": "Analogy", "difficulty": "moderate", "text": {"en": "[Reasoning/Analogy] Sample exam-style question #3751: Choose the correct option."}, "options": {"en": ["Option A3751", "Option B3751", "Option C3751", "Option D3751"]}, "answerIndex": 3}, {"id": "RE_3746", "section": "Reasoning", "topic": "Puzzle", "difficulty": "moderate", "text": {"en": "[Reasoning/Puzzle] Sample exam-style question #3746: Choose the correct option."}, "options": {"en": ["Option A3746", "Option B3746", "Option C3746", "Option D3746"]}, "answerIndex": 2}, {"id": "GE_3764", "section": "General Awareness", "topic": "Economy", "difficulty": "moderate", "text": {"en": "[General Awareness/Economy] Sample exam-style question #3764: Choose the correct option."}, "options": {"en": ["Option A3764", "Option B3764", "Option C3764", "Option D3764"]}, "answerIndex": 0}, {"id": "GE_3765", "section": "General Awareness", "topic": "Economy", "difficulty": "moderate", "text": {"en": "[General Awareness/Economy] Sample exam-style question #3765: Choose the correct option."}, "options": {"en": ["Option A3765", "Option B3765", "Option C3765", "Option D3765"]}, "answerIndex": 1}, {"id": "RE_3753", "section": "Reasoning", "topic": "Coding", "difficulty": "moderate", "text": {"en": "[Reasoning/Coding] Sample exam-style question #3753: Choose the correct option."}, "options": {"en": ["Option A3753", "Option B3753", "Option C3753", "Option D3753"]}, "answerIndex": 1}, {"id": "GE_3799", "section": "General Awareness", "topic": "Current Affairs", "difficulty": "moderate", "text": {"en": "[General Awareness/Current Affairs] Sample exam-style question #3799: Choose the correct option."}, "options": {"en": ["Option A3799", "Option B3799", "Option C3799", "Option D3799"]}, "answerIndex": 3}, {"id": "GE_3772", "section": "General Awareness", "topic": "Polity", "difficulty": "moderate", "text": {"en": "[General Awareness/Polity] Sample exam-style question #3772: Choose the correct option."}, "options": {"en": ["Option A3772", "Option B3772", "Option C3772", "Option D3772"]}, "answerIndex": 0}, {"id": "MA_3712", "section": "Mathematics", "topic": "SI", "difficulty": "moderate", "text": {"en": "[Mathematics/SI] Sample exam-style question #3712: Choose the correct option."}, "options": {"en": ["Option A3712", "Option B3712", "Option C3712", "Option D3712"]}, "answerIndex": 0}, {"id": "RE_3735", "section": "Reasoning", "topic": "Analogy", "difficulty": "moderate", "text": {"en": "[Reasoning/Analogy] Sample exam-style question #3735: Choose the correct option."}, "options": {"en": ["Option A3735", "Option B3735", "Option C3735", "Option D3735"]}, "answerIndex": 3}, {"id": "RE_3737", "section": "Reasoning", "topic": "Analogy", "difficulty": "moderate", "text": {"en": "[Reasoning/Analogy] Sample exam-style question #3737: Choose the correct option."}, "options": {"en": ["Option A3737", "Option B3737", "Option C3737", "Option D3737"]}, "answerIndex": 1}, {"id": "GE_3778", "section": "General Awareness", "topic": "Geography", "difficulty": "moderate", "text": {"en": "[General Awareness/Geography] Sample exam-style question #3778: Choose the correct option."}, "options": {"en": ["Option A3778", "Option B3778", "Option C3778", "Option D3778"]}, "answerIndex": 2}, {"id": "GE_3789", "section": "General Awareness", "topic": "Economy", "difficulty": "moderate", "text": {"en": "[General Awareness/Economy] Sample exam-style question #3789: Choose the correct option."}, "options": {"en": ["Option A3789", "Option B3789", "Option C3789", "Option D3789"]}, "answerIndex": 1}, {"id": "MA_3706", "section": "Mathematics", "topic": "Percentage", "difficulty": "moderate", "text": {"en": "[Mathematics/Percentage] Sample exam-style question #3706: Choose the correct option."}, "options": {"en": ["Option A3706", "Option B3706", "Option C3706", "Option D3706"]}, "answerIndex": 2}, {"id": "GE_3797", "section": "General Awareness", "topic": "Science", "difficulty": "moderate", "text": {"en": "[General Awareness/Science] Sample exam-style question #3797: Choose the correct option."}, "options": {"en": ["Option A3797", "Option B3797", "Option C3797", "Option D3797"]}, "answerIndex": 1}, {"id": "RE_3760", "section": "Reasoning", "topic": "Puzzle", "difficulty": "moderate", "text": {"en": "[Reasoning/Puzzle] Sample exam-style question #3760: Choose the correct option."}, "options": {"en": ["Option A3760", "Option B3760", "Option C3760", "Option D3760"]}, "answerIndex": 0}, {"id": "RE_3759", "section": "Reasoning", "topic": "Analogy", "difficulty": "moderate", "text": {"en": "[Reasoning/Analogy] Sample exam-style question #3759: Choose the correct option."}, "options": {"en": ["Option A3759", "Option B3759", "Option C3759", "Option D3759"]}, "answerIndex": 3}, {"id": "MA_3707", "section": "Mathematics", "topic": "Percentage", "difficulty": "moderate", "text": {"en": "[Mathematics/Percentage] Sample exam-style question #3707: Choose the correct option."}, "options": {"en": ["Option A3707", "Option B3707", "Option C3707", "Option D3707"]}, "answerIndex": 3}, {"id": "GE_3763", "section": "General Awareness", "topic": "Science", "difficulty": "moderate", "text": {"en": "[General Awareness/Science] Sample exam-style question #3763: Choose the correct option."}, "options": {"en": ["Option A3763", "Option B3763", "Option C3763", "Option D3763"]}, "answerIndex": 3}, {"id": "RE_3748", "section": "Reasoning", "topic": "Direction", "difficulty": "moderate", "text": {"en": "[Reasoning/Direction] Sample exam-style question #3748: Choose the correct option."}, "options": {"en": ["Option A3748", "Option B3748", "Option C3748", "Option D3748"]}, "answerIndex": 0}, {"id": "MA_3716", "section": "Mathematics", "topic": "Ratio", "difficulty": "moderate", "text": {"en": "[Mathematics/Ratio] Sample exam-style question #3716: Choose the correct option."}, "options": {"en": ["Option A3716", "Option B3716", "Option C3716", "Option D3716"]}, "answerIndex": 0}, {"id": "MA_3720", "section": "Mathematics", "topic": "CI", "difficulty": "moderate", "text": {"en": "[Mathematics/CI] Sample exam-style question #3720: Choose the correct option."}, "options": {"en": ["Option A3720", "Option B3720", "Option C3720", "Option D3720"]}, "answerIndex": 0}, {"id": "RE_3733", "section": "Reasoning", "topic": "Series", "difficulty": "moderate", "text": {"en": "[Reasoning/Series] Sample exam-style question #3733: Choose the correct option."}, "options": {"en": ["Option A3733", "Option B3733", "Option C3733", "Option D3733"]}, "answerIndex": 1}, {"id": "MA_3710", "section": "Mathematics", "topic": "Ratio", "difficulty": "moderate", "text": {"en": "[Mathematics/Ratio] Sample exam-style question #3710: Choose the correct option."}, "options": {"en": ["Option A3710", "Option B3710", "Option C3710", "Option D3710"]}, "answerIndex": 2}, {"id": "MA_3715", "section": "Mathematics", "topic": "DI", "difficulty": "moderate", "text": {"en": "[Mathematics/DI] Sample exam-style question #3715: Choose the correct option."}, "options": {"en": ["Option A3715", "Option B3715", "Option C3715", "Option D3715"]}, "answerIndex": 3}]}