{"testId": "041", "questions": [{"id": "GE_4085", "section": "General Awareness", "topic": "Current Affairs", "difficulty": "moderate", "text": {"en": "[General Awareness/Current Affairs] Sample exam-style question #4085: Choose the correct option."}, "options": {"en": ["Option A4085", "Option B4085", "Option C4085", "Option D4085"]}, "answerIndex": 1}, {"id": "MA_4022", "section": "Mathematics", "topic": "Percentage", "difficulty": "moderate", "text": {"en": "[Mathematics/Percentage] Sample exam-style question #4022: Choose the correct option."}, "options": {"en": ["Option A4022", "Option B4022", "Option C4022", "Option D4022"]}, "answerIndex": 2}, {"id": "GE_4089", "section": "General Awareness", "topic": "Science", "difficulty": "moderate", "text": {"en": "[General Awareness/Science] Sample exam-style question #4089: Choose the correct option."}, "options": {"en": ["Option A4089", "Option B4089", "Option C4089", "Option D4089"]}, "answerIndex": 1}, {"id": "MA_4001", "section": "Mathematics", "topic": "Ratio", "difficulty": "moderate", "text": {"en": "[Mathematics/Ratio] Sample exam-style question #4001: Choose the correct option."}, "options": {"en": ["Option A4001", "Option B4001", "Option C4001", "Option D4001"]}, "answerIndex": 1}, {"id": "RE_4048", "section": "Reasoning", "topic": "Direction", "difficulty": "moderate", "text": {"en": "[Reasoning/Direction] Sample exam-style question #4048: Choose the correct option."}, "options": {"en": ["Option A4048", "Option B4048", "Option C4048", "Option D4048"]}, "answerIndex": 0}, {"id": "RE_4054", "section": "Reasoning", "topic": "Coding", "difficulty": "moderate", "text": {"en": "[Reasoning/Coding] Sample exam-style question #4054: Choose the correct option."}, "options": {"en": ["Option A4054", "Option B4054", "Option C4054", "Option D4054"]}, "answerIndex": 2}, {"id": "GE_4069", "section": "General Awareness", "topic": "Current Affairs", "difficulty": "moderate", "text": {"en": "[General Awareness/Current Affairs] Sample exam-style question #4069: Choose the correct option."}, "options": {"en": ["Option A4069", "Option B4069", "Option C4069", "Option D4069"]}, "answerIndex": 1}, {"id": "MA_4026", "section": "Mathematics", "topic": "Ratio", "difficulty": "moderate", "text": {"en": "[Mathematics/Ratio] Sample exam-style question #4026: Choose the correct option."}, "options": {"en": ["Option A4026", "Option B4026", "Option C4026", "Option D4026"]}, "answerIndex": 2}, {"id": "RE_4046", "section": "Reasoning", "topic": "Analogy", "difficulty": "moderate", "text": {"en": "[Reasoning/Analogy] Sample exam-style question #4046: Choose the correct option."}, "options": {"en": ["Option A4046", "Option B4046", "Option C4046", "Option D4046"]}, "answerIndex": 2}, {"id": "GE_4064", "section": "General Awareness", "topic": "Polity", "difficulty": "moderate", "text": {"en": "[General Awareness/Polity] Sample exam-style question #4064: Choose the correct option."}, "options": {"en": ["Option A4064", "Option B4064", "Option C4064", "Option D4064"]}, "answerIndex": 0}, {"id": "GE_4097", "section": "General Awareness", "topic": "Current Affairs", "difficulty": "moderate", "text": {"en": "[General Awareness/Current Affairs] Sample exam-style question #4097: Choose the correct option."}, "options": {"en": ["Option A4097", "Option B4097", "Option C4097", "Option D4097"]}, "answerIndex": 1}, {"id": "GE_4062", "section": "General Awareness", "topic": "Economy", "difficulty": "moderate", "text": {"en": "[General Awareness/Economy] Sample exam-style question #4062: Choose the correct option."}, "options": {"en": ["Option A4062", "Option B4062", "Option C4062", "Option D4062"]}, "answerIndex": 2}, {"id": "GE_4082", "section": "General Awareness", "topic": "History", "difficulty": "moderate", "text": {"en": "[General Awareness/History] Sample exam-style question #4082: Choose the correct option."}, "options": {"en": ["Option A4082", "Option B4082", "Option C4082", "Option D4082"]}, "answerIndex": 2}, {"id": "GE_4096", "section": "General Awareness", "topic": "Geography", "difficulty": "moderate", "text": {"en": "[General Awareness/Geography] Sample exam-style question #4096: Choose the correct option."}, "options": {"en": ["Option A4096", "Option B4096", "Option C4096", "Option D4096"]}, "answerIndex": 0}, {"id": "RE_4037", "section": "Reasoning", "topic": "Syllogism", "difficulty": "moderate", "text": {"en": "[Reasoning/Syllogism] Sample exam-style question #4037: Choose the correct option."}, "options": {"en": ["Option A4037", "Option B4037", "Option C4037", "Option D4037"]}, "answerIndex": 1}, {"id": "GE_4072", "section": "General Awareness", "topic": "Polity", "difficulty": "moderate", "text": {"en": "[General Awareness/Polity] Sample exam-style question #4072: Choose the correct option."}, "options": {"en": ["Option A4072", "Option B4072", "Option C4072", "Option D4072"]}, "answerIndex": 0}, {"id": "MA_4004", "section": "Mathematics", "topic": "CI", "difficulty": "moderate", "text": {"en": "[Mathematics/CI] Sample exam-style question #4004: Choose the correct option."}, "options": {"en": ["Option A4004", "Option B4004", "Option C4004", "Option D4004"]}, "answerIndex": 0}, {"id": "MA_4006", "section": "Mathematics", "topic": "SI", "difficulty": "moderate", "text": {"en": "[Mathematics/SI] Sample exam-style question #4006: Choose the correct option."}, "options": {"en": ["Option A4006", "Option B4006", "Option C4006", "Option D4006"]}, "answerIndex": 2}, {"id": "RE_4041", "section": "Reasoning", "topic": "Series", "difficulty": "moderate", "text": {"en": "[Reasoning/Series] Sample exam-style question #4041: Choose the correct option."}, "options": {"en": ["Option A4041", "Option B4041", "Option C4041", "Option D4041"]}, "answerIndex": 1}, {"id": "RE_4038", "section": "Reasoning", "topic": "Analogy", "difficulty": "moderate", "text": {"en": "[Reasoning/Analogy] Sample exam-style question #4038: Choose the correct option."}, "options": {"en": ["Option A4038", "Option B4038", "Option C4038", "Option D4038"]}, "answerIndex": 2}, {"id": "MA_4013", "section": "Mathematics", "topic": "DI", "difficulty": "moderate", "text": {"en": "[Mathematics/DI] Sample exam-style question #4013: Choose the correct option."}, "options": {"en": ["Option A4013", "Option B4013", "Option C4013", "Option D4013"]}, "answerIndex": 1}, {"id": "GE_4099", "section": "General Awareness", "topic": "Current Affairs", "difficulty": "moderate", "text": {"en": "[General Awareness/Current Affairs] Sample exam-style question #4099: Choose the correct option."}, "options": {"en": ["Option A4099", "Option B4099", "Option C4099", "Option D4099"]}, "answerIndex": 3}, {"id": "RE_4033", "section": "Reasoning", "topic": "Analogy", "difficulty": "moderate", "text": {"en": "[Reasoning/Analogy] Sample exam-style question #4033: Choose the correct option."}, "options": {"en": ["Option A4033", "Option B4033", "Option C4033", "Option D4033"]}, "answerIndex": 1}, {"id": "RE_4035", "section": "Reasoning", "topic": "Syllogism", "difficulty": "moderate", "text": {"en": "[Reasoning/Syllogism] Sample exam-style question #4035: Choose the correct option."}, "options": {"en": ["Option A4035", "Option B4035", "Option C4035", "Option D4035"]}, "answerIndex": 3}, {"id": "GE_4090", "section": "General Awareness", "topic": "Science", "difficulty": "moderate", "text": {"en": "[General Awareness/Science] Sample exam-style question #4090: Choose the correct option."}, "options": {"en": ["Option A4090", "Option B4090", "Option C4090", "Option D4090"]}, "answerIndex": 2}, {"id": "GE_4084", "section": "General Awareness", "topic": "History", "difficulty": "moderate", "text": {"en": "[General Awareness/History] Sample exam-style question #4084: Choose the correct option."}, "options": {"en": ["Option A4084", "Option B4084", "Option C4084", "Option D4084"]}, "answerIndex": 0}, {"id": "GE_4071", "section": "General Awareness", "topic": "Economy", "difficulty": "moderate", "text": {"en": "[General Awareness/Economy] Sample exam-style question #4071: Choose the correct option."}, "options": {"en": ["Option A4071", "Option B4071", "Option C4071", "Option D4071"]}, "answerIndex": 3}, {"id": "RE_4051", "section": "Reasoning", "topic": "Analogy", "difficulty": "moderate", "text": {"en": "[Reasoning/Analogy] Sample exam-style question #4051: Choose the correct option."}, "options": {"en": ["Option A4051", "Option B4051", "Option C4051", "Option D4051"]}, "answerIndex": 3}, {"id": "RE_4055", "section": "Reasoning", "topic": "Direction", "difficulty": "moderate", "text": {"en": "[Reasoning/Direction] Sample exam-style question #4055: Choose the correct option."}, "options": {"en": ["Option A4055", "Option B4055", "Option C4055", "Option D4055"]}, "answerIndex": 3}, {"id": "GE_4092", "section": "General Awareness", "topic": "Science", "difficulty": "moderate", "text": {"en": "[General Awareness/Science] Sample exam-style question #4092: Choose the correct option."}, "options": {"en": ["Option A4092", "Option B4092", "Option C4092", "Option D4092"]}, "answerIndex": 0}, {"id": "RE_4058", "section": "Reasoning", "topic": "Puzzle", "difficulty": "moderate", "text": {"en": "[Reasoning/Puzzle] Sample exam-style question #4058: Choose the correct option."}, "options": {"en": ["Option A4058", "Option B4058", "Option C4058", "Option D4058"]}, "answerIndex": 2}, {"id": "MA_4030", "section": "Mathematics", "topic": "DI", "difficulty": "moderate", "text": {"en": "[Mathematics/DI] Sample exam-style question #4030: Choose the correct option."}, "options": {"en": ["Option A4030", "Option B4030", "Option C4030", "Option D4030"]}, "answerIndex": 2}, {"id": "RE_4040", "section": "Reasoning", "topic": "Coding", "difficulty": "moderate", "text": {"en": "[Reasoning/Coding] Sample exam-style question #4040: Choose the correct option."}, "options": {"en": ["Option A4040", "Option B4040", "Option C4040", "Option D4040"]}, "answerIndex": 0}, {"id": "GE_4077", "section": "General Awareness", "topic": "Polity", "difficulty": "moderate", "text": {"en": "[General Awareness/Polity] Sample exam-style question #4077: Choose the correct option."}, "options": {"en": ["Option A4077", "Option B4077", "Option C4077", "Option D4077"]}, "answerIndex": 1}, {"id": "MA_4014", "section": "Mathematics", "topic": "DI", "difficulty": "moderate", "text": {"en": "[Mathematics/DI] Sample exam-style question #4014: Choose the correct option."}, "options": {"en": ["Option A4014", "Option B4014", "Option C4014", "Option D4014"]}, "answerIndex": 2}, {"id": "GE_4074", "section": "General Awareness", "topic": "Economy", "difficulty": "moderate", "text": {"en": "[General Awareness/Economy] Sample exam-style question #4074: Choose the correct option."}, "options": {"en": ["Option A4074", "Option B4074", "Option C4074", "Option D4074"]}, "answerIndex": 2}, {"id": "GE_4079", "section": "General Awareness", "topic": "Geography", "difficulty": "moderate", "text": {"en": "[General Awareness/Geography] Sample exam-style question #4079: Choose the correct option."}, "options": {"en": ["Option A4079", "Option B4079", "Option C4079", "Option D4079"]}, "answerIndex": 3}, {"id": "MA_4019", "section": "Mathematics", "topic": "Ratio", "difficulty": "moderate", "text": {"en": "[Mathematics/Ratio] Sample exam-style question #4019: Choose the correct option."}, "options": {"en": ["Option A4019", "Option B4019", "Option C4019", "Option D4019"]}, "answerIndex": 3}, {"id": "GE_4093", "section": "General Awareness", "topic": "Current Affairs", "difficulty": "moderate", "text": {"en": "[General Awareness/Current Affairs] Sample exam-style question #4093: Choose the correct option."}, "options": {"en": ["Option A4093", "Option B4093", "Option C4093", "Option D4093"]}, "answerIndex": 1}, {"id": "RE_4044", "section": "Reasoning", "topic": "Syllogism", "difficulty": "moderate", "text": {"en": "[Reasoning/Syllogism] Sample exam-style question #4044: Choose the correct option."}, "options": {"en": ["Option A4044", "Option B4044", "Option C4044", "Option D4044"]}, "answerIndex": 0}, {"id": "MA_4011", "section": "Mathematics", "topic": "Percentage", "difficulty": "moderate", "text": {"en": "[Mathematics/Percentage] Sample exam-style question #4011: Choose the correct option."}, "options": {"en": ["Option A4011", "Option B4011", "Option C4011", "Option D4011"]}, "answerIndex": 3}, {"id": "GE_4100", "section": "General Awareness", "topic": "Current Affairs", "difficulty": "moderate", "text": {"en": "[General Awareness/Current Affairs] Sample exam-style question #4100: Choose the correct option."}, "options": {"en": ["Option A4100", "Option B4100", "Option C4100", "Option D4100"]}, "answerIndex": 0}, {"id": "MA_4023", "section": "Mathematics", "topic": "CI", "difficulty": "moderate", "text": {"en": "[Mathematics/CI] Sample exam-style question #4023: Choose the correct option."}, "options": {"en": ["Option A4023", "Option B4023", "Option C4023", "Option D4023"]}, "answerIndex": 3}, {"id": "GE_4063", "section": "General Awareness", "topic": "Polity", "difficulty": "moderate", "text": {"en": "[General Awareness/Polity] Sample exam-style question #4063: Choose the correct option."}, "options": {"en": ["Option A4063", "Option B4063", "Option C4063", "Option D4063"]}, "answerIndex": 3}, {"id": "MA_4016", "section": "Mathematics", "topic": "Percentage", "difficulty": "moderate", "text": {"en": "[Mathematics/Percentage] Sample exam-style question #4016: Choose the correct option."}, "options": {"en": ["Option A4016", "Option B4016", "Option C4016", "Option D4016"]}, "answerIndex": 0}, {"id": "GE_4076", "section": "General Awareness", "topic": "Current Affairs", "difficulty": "moderate", "text": {"en": "[General Awareness/Current Affairs] Sample exam-style question #4076: Choose the correct option."}, "options": {"en": ["Option A4076", "Option B4076", "Option C4076", "Option D4076"]}, "answerIndex": 0}, {"id": "RE_4042", "section": "Reasoning", "topic": "Direction", "difficulty": "moderate", "text": {"en": "[Reasoning/Direction] Sample exam-style question #4042: Choose the correct option."}, "options": {"en": ["Option A4042", "Option B4042", "Option C4042", "Option D4042"]}, "answerIndex": 2}, {"id": "MA_4009", "section": "Mathematics", "topic": "Percentage", "difficulty": "moderate", "text": {"en": "[Mathematics/Percentage] Sample exam-style question #4009: Choose the correct option."}, "options": {"en": ["Option A4009", "Option B4009", "Option C4009", "Option D4009"]}, "answerIndex": 1}, {"id": "GE_4065", "section": "General Awareness", "topic": "Current Affairs", "difficulty": "moderate", "text": {"en": "[General Awareness/Current Affairs] Sample exam-style question #4065: Choose the correct option."}, "options": {"en": ["Option A4065", "Option B4065", "Option C4065", "Option D4065"]}, "answerIndex": 1}, {"id": "MA_4005", "section": "Mathematics", "topic": "DI", "difficulty": "moderate", "text": {"en": "[Mathematics/DI] Sample exam-style question #4005: Choose the correct option."}, "options": {"en": ["Option A4005", "Option B4005", "Option C4005", "Option D4005"]}, "answerIndex": 1}, {"id": "MA_4024", "section": "Mathematics", "topic": "Ratio", "difficulty": "moderate", "text": {"en": "[Mathematics/Ratio] Sample exam-style question #4024: Choose the correct option."}, "options": {"en": ["Option A4024", "Option B4024", "Option C4024", "Option D4024"]}, "answerIndex": 0}, {"id": "MA_4008", "section": "Mathematics", "topic": "DI", "difficulty": "moderate", "text": {"en": "[Mathematics/DI] Sample exam-style question #4008: Choose the correct option."}, "options": {"en": ["Option A4008", "Option B4008", "Option C4008", "Option D4008"]}, "answerIndex": 0}, {"id": "RE_4045", "section": "Reasoning", "topic": "Analogy", "difficulty": "moderate", "text": {"en": "[Reasoning/Analogy] Sample exam-style question #4045: Choose the correct option."}, "options": {"en": ["Option A4045", "Option B4045", "Option C4045", "Option D4045"]}, "answerIndex": 1}, {"id": "GE_4070", "section": "General Awareness", "topic": "History", "difficulty": "moderate", "text": {"en": "[General Awareness/History] Sample exam-style question #4070: Choose the correct option."}, "options": {"en": ["Option A4070", "Option B4070", "Option C4070", "Option D4070"]}, "answerIndex": 2}, {"id": "RE_4031", "section": "Reasoning", "topic": "Syllogism", "difficulty": "moderate", "text": {"en": "[Reasoning/Syllogism] Sample exam-style question #4031: Choose the correct option."}, "options": {"en": ["Option A4031", "Option B4031", "Option C4031", "Option D4031"]}, "answerIndex": 3}, {"id": "RE_4039", "section": "Reasoning", "topic": "Analogy", "difficulty": "moderate", "text": {"en": "[Reasoning/Analogy] Sample exam-style question #4039: Choose the correct option."}, "options": {"en": ["Option A4039", "Option B4039", "Option C4039", "Option D4039"]}, "answerIndex": 3}, {"id": "RE_4056", "section": "Reasoning", "topic": "Series", "difficulty": "moderate", "text": {"en": "[Reasoning/Series] Sample exam-style question #4056: Choose the correct option."}, "options": {"en": ["Option A4056", "Option B4056", "Option C4056", "Option D4056"]}, "answerIndex": 0}, {"id": "MA_4017", "section": "Mathematics", "topic": "Percentage", "difficulty": "moderate", "text": {"en": "[Mathematics/Percentage] Sample exam-style question #4017: Choose the correct option."}, "options": {"en": ["Option A4017", "Option B4017", "Option C4017", "Option D4017"]}, "answerIndex": 1}, {"id": "GE_4087", "section": "General Awareness", "topic": "History", "difficulty": "moderate", "text": {"en": "[General Awareness/History] Sample exam-style question #4087: Choose the correct option."}, "options": {"en": ["Option A4087", "Option B4087", "Option C4087", "Option D4087"]}, "answerIndex": 3}, {"id": "MA_4003", "section": "Mathematics", "topic": "DI", "difficulty": "moderate", "text": {"en": "[Mathematics/DI] Sample exam-style question #4003: Choose the correct option."}, "options": {"en": ["Option A4003", "Option B4003", "Option C4003", "Option D4003"]}, "answerIndex": 3}, {"id": "RE_4034", "section": "Reasoning", "topic": "Syllogism", "difficulty": "moderate", "text": {"en": "[Reasoning/Syllogism] Sample exam-style question #4034: Choose the correct option."}, "options": {"en": ["Option A4034", "Option B4034", "Option C4034", "Option D4034"]}, "answerIndex": 2}, {"id": "GE_4083", "section": "General Awareness", "topic": "Economy", "difficulty": "moderate", "text": {"en": "[General Awareness/Economy] Sample exam-style question #4083: Choose the correct option."}, "options": {"en": ["Option A4083", "Option B4083", "Option C4083", "Option D4083"]}, "answerIndex": 3}, {"id": "RE_4043", "section": "Reasoning", "topic": "Analogy", "difficulty": "moderate", "text": {"en": "[Reasoning/Analogy] Sample exam-style question #4043: Choose the correct option."}, "options": {"en": ["Option A4043", "Option B4043", "Option C4043", "Option D4043"]}, "answerIndex": 3}, {"id": "RE_4052", "section": "Reasoning", "topic": "Series", "difficulty": "moderate", "text": {"en": "[Reasoning/Series] Sample exam-style question #4052: Choose the correct option."}, "options": {"en": ["Option A4052", "Option B4052", "Option C4052", "Option D4052"]}, "answerIndex": 0}, {"id": "RE_4032", "section": "Reasoning", "topic": "Series", "difficulty": "moderate", "text": {"en": "[Reasoning/Series] Sample exam-style question #4032: Choose the correct option."}, "options": {"en": ["Option A4032", "Option B4032", "Option C4032", "Option D4032"]}, "answerIndex": 0}, {"id": "RE_4047", "section": "Reasoning", "topic": "Coding", "difficulty": "moderate", "text": {"en": "[Reasoning/Coding] Sample exam-style question #4047: Choose the correct option."}, "options": {"en": ["Option A4047", "Option B4047", "Option C4047", "Option D4047"]}, "answerIndex": 3}, {"id": "GE_4061", "section": "General Awareness", "topic": "Current Affairs", "difficulty": "moderate", "text": {"en": "[General Awareness/Current Affairs] Sample exam-style question #4061: Choose the correct option."}, "options": {"en": ["Option A4061", "Option B4061", "Option C4061", "Option D4061"]}, "answerIndex": 1}, {"id": "GE_4080", "section": "General Awareness", "topic": "Geography", "difficulty": "moderate", "text": {"en": "[General Awareness/Geography] Sample exam-style question #4080: Choose the correct option."}, "options": {"en": ["Option A4080", "Option B4080", "Option C4080", "Option D4080"]}, "answerIndex": 0}, {"id": "GE_4088", "section": "General Awareness", "topic": "Polity", "difficulty": "moderate", "text": {"en": "[General Awareness/Polity] Sample exam-style question #4088: Choose the correct option."}, "options": {"en": ["Option A4088", "Option B4088", "Option C4088", "Option D4088"]}, "answerIndex": 0}, {"id": "GE_4091", "section": "General Awareness", "topic": "Polity", "difficulty": "moderate", "text": {"en": "[General Awareness/Polity] Sample exam-style question #4091: Choose the correct option."}, "options": {"en": ["Option A4091", "Option B4091", "Option C4091", "Option D4091"]}, "answerIndex": 3}, {"id": "RE_4036", "section": "Reasoning", "topic": "Series", "difficulty": "moderate", "text": {"en": "[Reasoning/Series] Sample exam-style question #4036: Choose the correct option."}, "options": {"en": ["Option A4036", "Option B4036", "Option C4036", "Option D4036"]}, "answerIndex": 0}, {"id": "MA_4007", "section": "Mathematics", "topic": "Speed", "difficulty": "moderate", "text": {"en": "[Mathematics/Speed] Sample exam-style question #4007: Choose the correct option."}, "options": {"en": ["Option A4007", "Option B4007", "Option C4007", "Option D4007"]}, "answerIndex": 3}, {"id": "MA_4025", "section": "Mathematics", "topic": "Speed", "difficulty": "moderate", "text": {"en": "[Mathematics/Speed] Sample exam-style question #4025: Choose the correct option."}, "options": {"en": ["Option A4025", "Option B4025", "Option C4025", "Option D4025"]}, "answerIndex": 1}, {"id": "GE_4075", "section": "General Awareness", "topic": "Polity", "difficulty": "moderate", "text": {"en": "[General Awareness/Polity] Sample exam-style question #4075: Choose the correct option."}, "options": {"en": ["Option A4075", "Option B4075", "Option C4075", "Option D4075"]}, "answerIndex": 3}, {"id": "GE_4073", "section": "General Awareness", "topic": "History", "difficulty": "moderate", "text": {"en": "[General Awareness/History] Sample exam-style question #4073: Choose the correct option."}, "options": {"en": ["Option A4073", "Option B4073", "Option C4073", "Option D4073"]}, "answerIndex": 1}, {"id": "MA_4018", "section": "Mathematics", "topic": "DI", "difficulty": "moderate", "text": {"en": "[Mathematics/DI] Sample exam-style question #4018: Choose the correct option."}, "options": {"en": ["Option A4018", "Option B4018", "Option C4018", "Option D4018"]}, "answerIndex": 2}, {"id": "GE_4066", "section": "General Awareness", "topic": "Geography", "difficulty": "moderate", "text": {"en": "[General Awareness/Geography] Sample exam-style question #4066: Choose the correct option."}, "options": {"en": ["Option A4066", "Option B4066", "Option C4066", "Option D4066"]}, "answerIndex": 2}, {"id": "RE_4053", "section": "Reasoning", "topic": "Series", "difficulty": "moderate", "text": {"en": "[Reasoning/Series] Sample exam-style question #4053: Choose the correct option."}, "options": {"en": ["Option A4053", "Option B4053", "Option C4053", "Option D4053"]}, "answerIndex": 1}, {"id": "MA_4015", "section": "Mathematics", "topic": "CI", "difficulty": "moderate", "text": {"en": "[Mathematics/CI] Sample exam-style question #4015: Choose the correct option."}, "options": {"en": ["Option A4015", "Option B4015", "Option C4015", "Option D4015"]}, "answerIndex": 3}, {"id": "GE_4068", "section": "General Awareness", "topic": "Economy", "difficulty": "moderate", "text": {"en": "[General Awareness/Economy] Sample exam-style question #4068: Choose the correct option."}, "options": {"en": ["Option A4068", "Option B4068", "Option C4068", "Option D4068"]}, "answerIndex": 0}, {"id": "GE_4078", "section": "General Awareness", "topic": "Polity", "difficulty": "moderate", "text": {"en": "[General Awareness/Polity] Sample exam-style question #4078: Choose the correct option."}, "options": {"en": ["Option A4078", "Option B4078", "Option C4078", "Option D4078"]}, "answerIndex": 2}, {"id": "RE_4060", "section": "Reasoning", "topic": "Puzzle", "difficulty": "moderate", "text": {"en": "[Reasoning/Puzzle] Sample exam-style question #4060: Choose the correct option."}, "options": {"en": ["Option A4060", "Option B4060", "Option C4060", "Option D4060"]}, "answerIndex": 0}, {"id": "GE_4094", "section": "General Awareness", "topic": "History", "difficulty": "moderate", "text": {"en": "[General Awareness/History] Sample exam-style question #4094: Choose the correct option."}, "options": {"en": ["Option A4094", "Option B4094", "Option C4094", "Option D4094"]}, "answerIndex": 2}, {"id": "MA_4029", "section": "Mathematics", "topic": "Ratio", "difficulty": "moderate", "text": {"en": "[Mathematics/Ratio] Sample exam-style question #4029: Choose the correct option."}, "options": {"en": ["Option A4029", "Option B4029", "Option C4029", "Option D4029"]}, "answerIndex": 1}, {"id": "GE_4086", "section": "General Awareness", "topic": "Current Affairs", "difficulty": "moderate", "text": {"en": "[General Awareness/Current Affairs] Sample exam-style question #4086: Choose the correct option."}, "options": {"en": ["Option A4086", "Option B4086", "Option C4086", "Option D4086"]}, "answerIndex": 2}, {"id": "GE_4098", "section": "General Awareness", "topic": "History", "difficulty": "moderate", "text": {"en": "[General Awareness/History] Sample exam-style question #4098: Choose the correct option."}, "options": {"en": ["Option A4098", "Option B4098", "Option C4098", "Option D4098"]}, "answerIndex": 2}, {"id": "MA_4020", "section": "Mathematics", "topic": "CI", "difficulty": "moderate", "text": {"en": "[Mathematics/CI] Sample exam-style question #4020: Choose the correct option."}, "options": {"en": ["Option A4020", "Option B4020", "Option C4020", "Option D4020"]}, "answerIndex": 0}, {"id": "GE_4095", "section": "General Awareness", "topic": "Economy", "difficulty": "moderate", "text": {"en": "[General Awareness/Economy] Sample exam-style question #4095: Choose the correct option."}, "options": {"en": ["Option A4095", "Option B4095", "Option C4095", "Option D4095"]}, "answerIndex": 3}, {"id": "GE_4067", "section": "General Awareness", "topic": "Polity", "difficulty": "moderate", "text": {"en": "[General Awareness/Polity] Sample exam-style question #4067: Choose the correct option."}, "options": {"en": ["Option A4067", "Option B4067", "Option C4067", "Option D4067"]}, "answerIndex": 3}, {"id": "GE_4081", "section": "General Awareness", "topic": "Geography", "difficulty": "moderate", "text": {"en": "[General Awareness/Geography] Sample exam-style question #4081: Choose the correct option."}, "options": {"en": ["Option A4081", "Option B4081", "Option C4081", "Option D4081"]}, "answerIndex": 1}, {"id": "RE_4050", "section": "Reasoning", "topic": "Series", "difficulty": "moderate", "text": {"en": "[Reasoning/Series] Sample exam-style question #4050: Choose the correct option."}, "options": {"en": ["Option A4050", "Option B4050", "Option C4050", "Option D4050"]}, "answerIndex": 2}, {"id": "MA_4010", "section": "Mathematics", "topic": "Percentage", "difficulty": "moderate", "text": {"en": "[Mathematics/Percentage] Sample exam-style question #4010: Choose the correct option."}, "options": {"en": ["Option A4010", "Option B4010", "Option C4010", "Option D4010"]}, "answerIndex": 2}, {"id": "MA_4027", "section": "Mathematics", "topic": "Speed", "difficulty": "moderate", "text": {"en": "[Mathematics/Speed] Sample exam-style question #4027: Choose the correct option."}, "options": {"en": ["Option A4027", "Option B4027", "Option C4027", "Option D4027"]}, "answerIndex": 3}, {"id": "MA_4012", "section": "Mathematics", "topic": "Speed", "difficulty": "moderate", "text": {"en": "[Mathematics/Speed] Sample exam-style question #4012: Choose the correct option."}, "options": {"en": ["Option A4012", "Option B4012", "Option C4012", "Option D4012"]}, "answerIndex": 0}, {"id": "MA_4028", "section": "Mathematics", "topic": "SI", "difficulty": "moderate", "text": {"en": "[Mathematics/SI] Sample exam-style question #4028: Choose the correct option."}, "options": {"en": ["Option A4028", "Option B4028", "Option C4028", "Option D4028"]}, "answerIndex": 0}, {"id": "MA_4002", "section": "Mathematics", "topic": "Time&Work", "difficulty": "moderate", "text": {"en": "[Mathematics/Time&Work] Sample exam-style question #4002: Choose the correct option."}, "options": {"en": ["Option A4002", "Option B4002", "Option C4002", "Option D4002"]}, "answerIndex": 2}, {"id": "RE_4049", "section": "Reasoning", "topic": "Analogy", "difficulty": "moderate", "text": {"en": "[Reasoning/Analogy] Sample exam-style question #4049: Choose the correct option."}, "options": {"en": ["Option A4049", "Option B4049", "Option C4049", "Option D4049"]}, "answerIndex": 1}, {"id": "RE_4059", "section": "Reasoning", "topic": "Coding", "difficulty": "moderate", "text": {"en": "[Reasoning/Coding] Sample exam-style question #4059: Choose the correct option."}, "options": {"en": ["Option A4059", "Option B4059", "Option C4059", "Option D4059"]}, "answerIndex": 3}, {"id": "MA_4021", "section": "Mathematics", "topic": "CI", "difficulty": "moderate", "text": {"en": "[Mathematics/CI] Sample exam-style question #4021: Choose the correct option."}, "options": {"en": ["Option A4021", "Option B4021", "Option C4021", "Option D4021"]}, "answerIndex": 1}, {"id": "RE_4057", "section": "Reasoning", "topic": "Coding", "difficulty": "moderate", "text": {"en": "[Reasoning/Coding] Sample exam-style question #4057: Choose the correct option."}, "options": {"en": ["Option A4057", "Option B4057", "Option C4057", "Option D4057"]}, "answerIndex": 1}]}