{"testId": "021", "questions": [{"id": "MA_2008", "section": "Mathematics", "topic": "Speed", "difficulty": "moderate", "text": {"en": "[Mathematics/Speed] Sample exam-style question #2008: Choose the correct option."}, "options": {"en": ["Option A2008", "Option B2008", "Option C2008", "Option D2008"]}, "answerIndex": 0}, {"id": "MA_2012", "section": "Mathematics", "topic": "Speed", "difficulty": "moderate", "text": {"en": "[Mathematics/Speed] Sample exam-style question #2012: Choose the correct option."}, "options": {"en": ["Option A2012", "Option B2012", "Option C2012", "Option D2012"]}, "answerIndex": 0}, {"id": "MA_2027", "section": "Mathematics", "topic": "Time&Work", "difficulty": "moderate", "text": {"en": "[Mathematics/Time&Work] Sample exam-style question #2027: Choose the correct option."}, "options": {"en": ["Option A2027", "Option B2027", "Option C2027", "Option D2027"]}, "answerIndex": 3}, {"id": "MA_2020", "section": "Mathematics", "topic": "SI", "difficulty": "moderate", "text": {"en": "[Mathematics/SI] Sample exam-style question #2020: Choose the correct option."}, "options": {"en": ["Option A2020", "Option B2020", "Option C2020", "Option D2020"]}, "answerIndex": 0}, {"id": "GE_2100", "section": "General Awareness", "topic": "Science", "difficulty": "moderate", "text": {"en": "[General Awareness/Science] Sample exam-style question #2100: Choose the correct option."}, "options": {"en": ["Option A2100", "Option B2100", "Option C2100", "Option D2100"]}, "answerIndex": 0}, {"id": "GE_2062", "section": "General Awareness", "topic": "Economy", "difficulty": "moderate", "text": {"en": "[General Awareness/Economy] Sample exam-style question #2062: Choose the correct option."}, "options": {"en": ["Option A2062", "Option B2062", "Option C2062", "Option D2062"]}, "answerIndex": 2}, {"id": "GE_2074", "section": "General Awareness", "topic": "Economy", "difficulty": "moderate", "text": {"en": "[General Awareness/Economy] Sample exam-style question #2074: Choose the correct option."}, "options": {"en": ["Option A2074", "Option B2074", "Option C2074", "Option D2074"]}, "answerIndex": 2}, {"id": "GE_2098", "section": "General Awareness", "topic": "Science", "difficulty": "moderate", "text": {"en": "[General Awareness/Science] Sample exam-style question #2098: Choose the correct option."}, "options": {"en": ["Option A2098", "Option B2098", "Option C2098", "Option D2098"]}, "answerIndex": 2}, {"id": "RE_2044", "section": "Reasoning", "topic": "Coding", "difficulty": "moderate", "text": {"en": "[Reasoning/Coding] Sample exam-style question #2044: Choose the correct option."}, "options": {"en": ["Option A2044", "Option B2044", "Option C2044", "Option D2044"]}, "answerIndex": 0}, {"id": "MA_2016", "section": "Mathematics", "topic": "Time&Work", "difficulty": "moderate", "text": {"en": "[Mathematics/Time&Work] Sample exam-style question #2016: Choose the correct option."}, "options": {"en": ["Option A2016", "Option B2016", "Option C2016", "Option D2016"]}, "answerIndex": 0}, {"id": "MA_2015", "section": "Mathematics", "topic": "Time&Work", "difficulty": "moderate", "text": {"en": "[Mathematics/Time&Work] Sample exam-style question #2015: Choose the correct option."}, "options": {"en": ["Option A2015", "Option B2015", "Option C2015", "Option D2015"]}, "answerIndex": 3}, {"id": "RE_2034", "section": "Reasoning", "topic": "Syllogism", "difficulty": "moderate", "text": {"en": "[Reasoning/Syllogism] Sample exam-style question #2034: Choose the correct option."}, "options": {"en": ["Option A2034", "Option B2034", "Option C2034", "Option D2034"]}, "answerIndex": 2}, {"id": "GE_2083", "section": "General Awareness", "topic": "Economy", "difficulty": "moderate", "text": {"en": "[General Awareness/Economy] Sample exam-style question #2083: Choose the correct option."}, "options": {"en": ["Option A2083", "Option B2083", "Option C2083", "Option D2083"]}, "answerIndex": 3}, {"id": "GE_2079", "section": "General Awareness", "topic": "Geography", "difficulty": "moderate", "text": {"en": "[General Awareness/Geography] Sample exam-style question #2079: Choose the correct option."}, "options": {"en": ["Option A2079", "Option B2079", "Option C2079", "Option D2079"]}, "answerIndex": 3}, {"id": "MA_2025", "section": "Mathematics", "topic": "SI", "difficulty": "moderate", "text": {"en": "[Mathematics/SI] Sample exam-style question #2025: Choose the correct option."}, "options": {"en": ["Option A2025", "Option B2025", "Option C2025", "Option D2025"]}, "answerIndex": 1}, {"id": "GE_2089", "section": "General Awareness", "topic": "Geography", "difficulty": "moderate", "text": {"en": "[General Awareness/Geography] Sample exam-style question #2089: Choose the correct option."}, "options": {"en": ["Option A2089", "Option B2089", "Option C2089", "Option D2089"]}, "answerIndex": 1}, {"id": "GE_2075", "section": "General Awareness", "topic": "Science", "difficulty": "moderate", "text": {"en": "[General Awareness/Science] Sample exam-style question #2075: Choose the correct option."}, "options": {"en": ["Option A2075", "Option B2075", "Option C2075", "Option D2075"]}, "answerIndex": 3}, {"id": "RE_2038", "section": "Reasoning", "topic": "Direction", "difficulty": "moderate", "text": {"en": "[Reasoning/Direction] Sample exam-style question #2038: Choose the correct option."}, "options": {"en": ["Option A2038", "Option B2038", "Option C2038", "Option D2038"]}, "answerIndex": 2}, {"id": "GE_2072", "section": "General Awareness", "topic": "Current Affairs", "difficulty": "moderate", "text": {"en": "[General Awareness/Current Affairs] Sample exam-style question #2072: Choose the correct option."}, "options": {"en": ["Option A2072", "Option B2072", "Option C2072", "Option D2072"]}, "answerIndex": 0}, {"id": "RE_2049", "section": "Reasoning", "topic": "Coding", "difficulty": "moderate", "text": {"en": "[Reasoning/Coding] Sample exam-style question #2049: Choose the correct option."}, "options": {"en": ["Option A2049", "Option B2049", "Option C2049", "Option D2049"]}, "answerIndex": 1}, {"id": "GE_2082", "section": "General Awareness", "topic": "Geography", "difficulty": "moderate", "text": {"en": "[General Awareness/Geography] Sample exam-style question #2082: Choose the correct option."}, "options": {"en": ["Option A2082", "Option B2082", "Option C2082", "Option D2082"]}, "answerIndex": 2}, {"id": "GE_2090", "section": "General Awareness", "topic": "Polity", "difficulty": "moderate", "text": {"en": "[General Awareness/Polity] Sample exam-style question #2090: Choose the correct option."}, "options": {"en": ["Option A2090", "Option B2090", "Option C2090", "Option D2090"]}, "answerIndex": 2}, {"id": "GE_2078", "section": "General Awareness", "topic": "Geography", "difficulty": "moderate", "text": {"en": "[General Awareness/Geography] Sample exam-style question #2078: Choose the correct option."}, "options": {"en": ["Option A2078", "Option B2078", "Option C2078", "Option D2078"]}, "answerIndex": 2}, {"id": "MA_2009", "section": "Mathematics", "topic": "Ratio", "difficulty": "moderate", "text": {"en": "[Mathematics/Ratio] Sample exam-style question #2009: Choose the correct option."}, "options": {"en": ["Option A2009", "Option B2009", "Option C2009", "Option D2009"]}, "answerIndex": 1}, {"id": "GE_2094", "section": "General Awareness", "topic": "Science", "difficulty": "moderate", "text": {"en": "[General Awareness/Science] Sample exam-style question #2094: Choose the correct option."}, "options": {"en": ["Option A2094", "Option B2094", "Option C2094", "Option D2094"]}, "answerIndex": 2}, {"id": "MA_2017", "section": "Mathematics", "topic": "Time&Work", "difficulty": "moderate", "text": {"en": "[Mathematics/Time&Work] Sample exam-style question #2017: Choose the correct option."}, "options": {"en": ["Option A2017", "Option B2017", "Option C2017", "Option D2017"]}, "answerIndex": 1}, {"id": "MA_2022", "section": "Mathematics", "topic": "CI", "difficulty": "moderate", "text": {"en": "[Mathematics/CI] Sample exam-style question #2022: Choose the correct option."}, "options": {"en": ["Option A2022", "Option B2022", "Option C2022", "Option D2022"]}, "answerIndex": 2}, {"id": "GE_2064", "section": "General Awareness", "topic": "Geography", "difficulty": "moderate", "text": {"en": "[General Awareness/Geography] Sample exam-style question #2064: Choose the correct option."}, "options": {"en": ["Option A2064", "Option B2064", "Option C2064", "Option D2064"]}, "answerIndex": 0}, {"id": "GE_2091", "section": "General Awareness", "topic": "Science", "difficulty": "moderate", "text": {"en": "[General Awareness/Science] Sample exam-style question #2091: Choose the correct option."}, "options": {"en": ["Option A2091", "Option B2091", "Option C2091", "Option D2091"]}, "answerIndex": 3}, {"id": "GE_2081", "section": "General Awareness", "topic": "History", "difficulty": "moderate", "text": {"en": "[General Awareness/History] Sample exam-style question #2081: Choose the correct option."}, "options": {"en": ["Option A2081", "Option B2081", "Option C2081", "Option D2081"]}, "answerIndex": 1}, {"id": "GE_2097", "section": "General Awareness", "topic": "Geography", "difficulty": "moderate", "text": {"en": "[General Awareness/Geography] Sample exam-style question #2097: Choose the correct option."}, "options": {"en": ["Option A2097", "Option B2097", "Option C2097", "Option D2097"]}, "answerIndex": 1}, {"id": "RE_2036", "section": "Reasoning", "topic": "Puzzle", "difficulty": "moderate", "text": {"en": "[Reasoning/Puzzle] Sample exam-style question #2036: Choose the correct option."}, "options": {"en": ["Option A2036", "Option B2036", "Option C2036", "Option D2036"]}, "answerIndex": 0}, {"id": "MA_2005", "section": "Mathematics", "topic": "Speed", "difficulty": "moderate", "text": {"en": "[Mathematics/Speed] Sample exam-style question #2005: Choose the correct option."}, "options": {"en": ["Option A2005", "Option B2005", "Option C2005", "Option D2005"]}, "answerIndex": 1}, {"id": "RE_2039", "section": "Reasoning", "topic": "Syllogism", "difficulty": "moderate", "text": {"en": "[Reasoning/Syllogism] Sample exam-style question #2039: Choose the correct option."}, "options": {"en": ["Option A2039", "Option B2039", "Option C2039", "Option D2039"]}, "answerIndex": 3}, {"id": "RE_2057", "section": "Reasoning", "topic": "Puzzle", "difficulty": "moderate", "text": {"en": "[Reasoning/Puzzle] Sample exam-style question #2057: Choose the correct option."}, "options": {"en": ["Option A2057", "Option B2057", "Option C2057", "Option D2057"]}, "answerIndex": 1}, {"id": "GE_2099", "section": "General Awareness", "topic": "History", "difficulty": "moderate", "text": {"en": "[General Awareness/History] Sample exam-style question #2099: Choose the correct option."}, "options": {"en": ["Option A2099", "Option B2099", "Option C2099", "Option D2099"]}, "answerIndex": 3}, {"id": "RE_2037", "section": "Reasoning", "topic": "Analogy", "difficulty": "moderate", "text": {"en": "[Reasoning/Analogy] Sample exam-style question #2037: Choose the correct option."}, "options": {"en": ["Option A2037", "Option B2037", "Option C2037", "Option D2037"]}, "answerIndex": 1}, {"id": "MA_2026", "section": "Mathematics", "topic": "Speed", "difficulty": "moderate", "text": {"en": "[Mathematics/Speed] Sample exam-style question #2026: Choose the correct option."}, "options": {"en": ["Option A2026", "Option B2026", "Option C2026", "Option D2026"]}, "answerIndex": 2}, {"id": "GE_2070", "section": "General Awareness", "topic": "Science", "difficulty": "moderate", "text": {"en": "[General Awareness/Science] Sample exam-style question #2070: Choose the correct option."}, "options": {"en": ["Option A2070", "Option B2070", "Option C2070", "Option D2070"]}, "answerIndex": 2}, {"id": "MA_2006", "section": "Mathematics", "topic": "Percentage", "difficulty": "moderate", "text": {"en": "[Mathematics/Percentage] Sample exam-style question #2006: Choose the correct option."}, "options": {"en": ["Option A2006", "Option B2006", "Option C2006", "Option D2006"]}, "answerIndex": 2}, {"id": "RE_2060", "section": "Reasoning", "topic": "Syllogism", "difficulty": "moderate", "text": {"en": "[Reasoning/Syllogism] Sample exam-style question #2060: Choose the correct option."}, "options": {"en": ["Option A2060", "Option B2060", "Option C2060", "Option D2060"]}, "answerIndex": 0}, {"id": "MA_2028", "section": "Mathematics", "topic": "Percentage", "difficulty": "moderate", "text": {"en": "[Mathematics/Percentage] Sample exam-style question #2028: Choose the correct option."}, "options": {"en": ["Option A2028", "Option B2028", "Option C2028", "Option D2028"]}, "answerIndex": 0}, {"id": "GE_2092", "section": "General Awareness", "topic": "Science", "difficulty": "moderate", "text": {"en": "[General Awareness/Science] Sample exam-style question #2092: Choose the correct option."}, "options": {"en": ["Option A2092", "Option B2092", "Option C2092", "Option D2092"]}, "answerIndex": 0}, {"id": "MA_2002", "section": "Mathematics", "topic": "DI", "difficulty": "moderate", "text": {"en": "[Mathematics/DI] Sample exam-style question #2002: Choose the correct option."}, "options": {"en": ["Option A2002", "Option B2002", "Option C2002", "Option D2002"]}, "answerIndex": 2}, {"id": "RE_2047", "section": "Reasoning", "topic": "Puzzle", "difficulty": "moderate", "text": {"en": "[Reasoning/Puzzle] Sample exam-style question #2047: Choose the correct option."}, "options": {"en": ["Option A2047", "Option B2047", "Option C2047", "Option D2047"]}, "answerIndex": 3}, {"id": "GE_2096", "section": "General Awareness", "topic": "Current Affairs", "difficulty": "moderate", "text": {"en": "[General Awareness/Current Affairs] Sample exam-style question #2096: Choose the correct option."}, "options": {"en": ["Option A2096", "Option B2096", "Option C2096", "Option D2096"]}, "answerIndex": 0}, {"id": "GE_2071", "section": "General Awareness", "topic": "Polity", "difficulty": "moderate", "text": {"en": "[General Awareness/Polity] Sample exam-style question #2071: Choose the correct option."}, "options": {"en": ["Option A2071", "Option B2071", "Option C2071", "Option D2071"]}, "answerIndex": 3}, {"id": "RE_2041", "section": "Reasoning", "topic": "Analogy", "difficulty": "moderate", "text": {"en": "[Reasoning/Analogy] Sample exam-style question #2041: Choose the correct option."}, "options": {"en": ["Option A2041", "Option B2041", "Option C2041", "Option D2041"]}, "answerIndex": 1}, {"id": "MA_2011", "section": "Mathematics", "topic": "Ratio", "difficulty": "moderate", "text": {"en": "[Mathematics/Ratio] Sample exam-style question #2011: Choose the correct option."}, "options": {"en": ["Option A2011", "Option B2011", "Option C2011", "Option D2011"]}, "answerIndex": 3}, {"id": "GE_2086", "section": "General Awareness", "topic": "History", "difficulty": "moderate", "text": {"en": "[General Awareness/History] Sample exam-style question #2086: Choose the correct option."}, "options": {"en": ["Option A2086", "Option B2086", "Option C2086", "Option D2086"]}, "answerIndex": 2}, {"id": "MA_2021", "section": "Mathematics", "topic": "SI", "difficulty": "moderate", "text": {"en": "[Mathematics/SI] Sample exam-style question #2021: Choose the correct option."}, "options": {"en": ["Option A2021", "Option B2021", "Option C2021", "Option D2021"]}, "answerIndex": 1}, {"id": "MA_2018", "section": "Mathematics", "topic": "Ratio", "difficulty": "moderate", "text": {"en": "[Mathematics/Ratio] Sample exam-style question #2018: Choose the correct option."}, "options": {"en": ["Option A2018", "Option B2018", "Option C2018", "Option D2018"]}, "answerIndex": 2}, {"id": "MA_2019", "section": "Mathematics", "topic": "SI", "difficulty": "moderate", "text": {"en": "[Mathematics/SI] Sample exam-style question #2019: Choose the correct option."}, "options": {"en": ["Option A2019", "Option B2019", "Option C2019", "Option D2019"]}, "answerIndex": 3}, {"id": "GE_2084", "section": "General Awareness", "topic": "History", "difficulty": "moderate", "text": {"en": "[General Awareness/History] Sample exam-style question #2084: Choose the correct option."}, "options": {"en": ["Option A2084", "Option B2084", "Option C2084", "Option D2084"]}, "answerIndex": 0}, {"id": "GE_2065", "section": "General Awareness", "topic": "History", "difficulty": "moderate", "text": {"en": "[General Awareness/History] Sample exam-style question #2065: Choose the correct option."}, "options": {"en": ["Option A2065", "Option B2065", "Option C2065", "Option D2065"]}, "answerIndex": 1}, {"id": "MA_2007", "section": "Mathematics", "topic": "Time&Work", "difficulty": "moderate", "text": {"en": "[Mathematics/Time&Work] Sample exam-style question #2007: Choose the correct option."}, "options": {"en": ["Option A2007", "Option B2007", "Option C2007", "Option D2007"]}, "answerIndex": 3}, {"id": "RE_2040", "section": "Reasoning", "topic": "Syllogism", "difficulty": "moderate", "text": {"en": "[Reasoning/Syllogism] Sample exam-style question #2040: Choose the correct option."}, "options": {"en": ["Option A2040", "Option B2040", "Option C2040", "Option D2040"]}, "answerIndex": 0}, {"id": "RE_2052", "section": "Reasoning", "topic": "Analogy", "difficulty": "moderate", "text": {"en": "[Reasoning/Analogy] Sample exam-style question #2052: Choose the correct option."}, "options": {"en": ["Option A2052", "Option B2052", "Option C2052", "Option D2052"]}, "answerIndex": 0}, {"id": "RE_2054", "section": "Reasoning", "topic": "Analogy", "difficulty": "moderate", "text": {"en": "[Reasoning/Analogy] Sample exam-style question #2054: Choose the correct option."}, "options": {"en": ["Option A2054", "Option B2054", "Option C2054", "Option D2054"]}, "answerIndex": 2}, {"id": "RE_2035", "section": "Reasoning", "topic": "Series", "difficulty": "moderate", "text": {"en": "[Reasoning/Series] Sample exam-style question #2035: Choose the correct option."}, "options": {"en": ["Option A2035", "Option B2035", "Option C2035", "Option D2035"]}, "answerIndex": 3}, {"id": "MA_2029", "section": "Mathematics", "topic": "DI", "difficulty": "moderate", "text": {"en": "[Mathematics/DI] Sample exam-style question #2029: Choose the correct option."}, "options": {"en": ["Option A2029", "Option B2029", "Option C2029", "Option D2029"]}, "answerIndex": 1}, {"id": "MA_2010", "section": "Mathematics", "topic": "Percentage", "difficulty": "moderate", "text": {"en": "[Mathematics/Percentage] Sample exam-style question #2010: Choose the correct option."}, "options": {"en": ["Option A2010", "Option B2010", "Option C2010", "Option D2010"]}, "answerIndex": 2}, {"id": "GE_2067", "section": "General Awareness", "topic": "Current Affairs", "difficulty": "moderate", "text": {"en": "[General Awareness/Current Affairs] Sample exam-style question #2067: Choose the correct option."}, "options": {"en": ["Option A2067", "Option B2067", "Option C2067", "Option D2067"]}, "answerIndex": 3}, {"id": "GE_2080", "section": "General Awareness", "topic": "History", "difficulty": "moderate", "text": {"en": "[General Awareness/History] Sample exam-style question #2080: Choose the correct option."}, "options": {"en": ["Option A2080", "Option B2080", "Option C2080", "Option D2080"]}, "answerIndex": 0}, {"id": "MA_2004", "section": "Mathematics", "topic": "SI", "difficulty": "moderate", "text": {"en": "[Mathematics/SI] Sample exam-style question #2004: Choose the correct option."}, "options": {"en": ["Option A2004", "Option B2004", "Option C2004", "Option D2004"]}, "answerIndex": 0}, {"id": "RE_2051", "section": "Reasoning", "topic": "Syllogism", "difficulty": "moderate", "text": {"en": "[Reasoning/Syllogism] Sample exam-style question #2051: Choose the correct option."}, "options": {"en": ["Option A2051", "Option B2051", "Option C2051", "Option D2051"]}, "answerIndex": 3}, {"id": "RE_2058", "section": "Reasoning", "topic": "Analogy", "difficulty": "moderate", "text": {"en": "[Reasoning/Analogy] Sample exam-style question #2058: Choose the correct option."}, "options": {"en": ["Option A2058", "Option B2058", "Option C2058", "Option D2058"]}, "answerIndex": 2}, {"id": "GE_2085", "section": "General Awareness", "topic": "History", "difficulty": "moderate", "text": {"en": "[General Awareness/History] Sample exam-style question #2085: Choose the correct option."}, "options": {"en": ["Option A2085", "Option B2085", "Option C2085", "Option D2085"]}, "answerIndex": 1}, {"id": "RE_2050", "section": "Reasoning", "topic": "Syllogism", "difficulty": "moderate", "text": {"en": "[Reasoning/Syllogism] Sample exam-style question #2050: Choose the correct option."}, "options": {"en": ["Option A2050", "Option B2050", "Option C2050", "Option D2050"]}, "answerIndex": 2}, {"id": "RE_2048", "section": "Reasoning", "topic": "Analogy", "difficulty": "moderate", "text": {"en": "[Reasoning/Analogy] Sample exam-style question #2048: Choose the correct option."}, "options": {"en": ["Option A2048", "Option B2048", "Option C2048", "Option D2048"]}, "answerIndex": 0}, {"id": "RE_2046", "section": "Reasoning", "topic": "Series", "difficulty": "moderate", "text": {"en": "[Reasoning/Series] Sample exam-style question #2046: Choose the correct option."}, "options": {"en": ["Option A2046", "Option B2046", "Option C2046", "Option D2046"]}, "answerIndex": 2}, {"id": "RE_2031", "section": "Reasoning", "topic": "Analogy", "difficulty": "moderate", "text": {"en": "[Reasoning/Analogy] Sample exam-style question #2031: Choose the correct option."}, "options": {"en": ["Option A2031", "Option B2031", "Option C2031", "Option D2031"]}, "answerIndex": 3}, {"id": "MA_2013", "section": "Mathematics", "topic": "CI", "difficulty": "moderate", "text": {"en": "[Mathematics/CI] Sample exam-style question #2013: Choose the correct option."}, "options": {"en": ["Option A2013", "Option B2013", "Option C2013", "Option D2013"]}, "answerIndex": 1}, {"id": "GE_2063", "section": "General Awareness", "topic": "Current Affairs", "difficulty": "moderate", "text": {"en": "[General Awareness/Current Affairs] Sample exam-style question #2063: Choose the correct option."}, "options": {"en": ["Option A2063", "Option B2063", "Option C2063", "Option D2063"]}, "answerIndex": 3}, {"id": "RE_2045", "section": "Reasoning", "topic": "Syllogism", "difficulty": "moderate", "text": {"en": "[Reasoning/Syllogism] Sample exam-style question #2045: Choose the correct option."}, "options": {"en": ["Option A2045", "Option B2045", "Option C2045", "Option D2045"]}, "answerIndex": 1}, {"id": "GE_2061", "section": "General Awareness", "topic": "Science", "difficulty": "moderate", "text": {"en": "[General Awareness/Science] Sample exam-style question #2061: Choose the correct option."}, "options": {"en": ["Option A2061", "Option B2061", "Option C2061", "Option D2061"]}, "answerIndex": 1}, {"id": "MA_2030", "section": "Mathematics", "topic": "Speed", "difficulty": "moderate", "text": {"en": "[Mathematics/Speed] Sample exam-style question #2030: Choose the correct option."}, "options": {"en": ["Option A2030", "Option B2030", "Option C2030", "Option D2030"]}, "answerIndex": 2}, {"id": "MA_2001", "section": "Mathematics", "topic": "Percentage", "difficulty": "moderate", "text": {"en": "[Mathematics/Percentage] Sample exam-style question #2001: Choose the correct option."}, "options": {"en": ["Option A2001", "Option B2001", "Option C2001", "Option D2001"]}, "answerIndex": 1}, {"id": "RE_2042", "section": "Reasoning", "topic": "Analogy", "difficulty": "moderate", "text": {"en": "[Reasoning/Analogy] Sample exam-style question #2042: Choose the correct option."}, "options": {"en": ["Option A2042", "Option B2042", "Option C2042", "Option D2042"]}, "answerIndex": 2}, {"id": "MA_2003", "section": "Mathematics", "topic": "DI", "difficulty": "moderate", "text": {"en": "[Mathematics/DI] Sample exam-style question #2003: Choose the correct option."}, "options": {"en": ["Option A2003", "Option B2003", "Option C2003", "Option D2003"]}, "answerIndex": 3}, {"id": "GE_2076", "section": "General Awareness", "topic": "Geography", "difficulty": "moderate", "text": {"en": "[General Awareness/Geography] Sample exam-style question #2076: Choose the correct option."}, "options": {"en": ["Option A2076", "Option B2076", "Option C2076", "Option D2076"]}, "answerIndex": 0}, {"id": "RE_2055", "section": "Reasoning", "topic": "Direction", "difficulty": "moderate", "text": {"en": "[Reasoning/Direction] Sample exam-style question #2055: Choose the correct option."}, "options": {"en": ["Option A2055", "Option B2055", "Option C2055", "Option D2055"]}, "answerIndex": 3}, {"id": "MA_2024", "section": "Mathematics", "topic": "DI", "difficulty": "moderate", "text": {"en": "[Mathematics/DI] Sample exam-style question #2024: Choose the correct option."}, "options": {"en": ["Option A2024", "Option B2024", "Option C2024", "Option D2024"]}, "answerIndex": 0}, {"id": "GE_2095", "section": "General Awareness", "topic": "Polity", "difficulty": "moderate", "text": {"en": "[General Awareness/Polity] Sample exam-style question #2095: Choose the correct option."}, "options": {"en": ["Option A2095", "Option B2095", "Option C2095", "Option D2095"]}, "answerIndex": 3}, {"id": "RE_2059", "section": "Reasoning", "topic": "Series", "difficulty": "moderate", "text": {"en": "[Reasoning/Series] Sample exam-style question #2059: Choose the correct option."}, "options": {"en": ["Option A2059", "Option B2059", "Option C2059", "Option D2059"]}, "answerIndex": 3}, {"id": "GE_2087", "section": "General Awareness", "topic": "History", "difficulty": "moderate", "text": {"en": "[General Awareness/History] Sample exam-style question #2087: Choose the correct option."}, "options": {"en": ["Option A2087", "Option B2087", "Option C2087", "Option D2087"]}, "answerIndex": 3}, {"id": "MA_2014", "section": "Mathematics", "topic": "CI", "difficulty": "moderate", "text": {"en": "[Mathematics/CI] Sample exam-style question #2014: Choose the correct option."}, "options": {"en": ["Option A2014", "Option B2014", "Option C2014", "Option D2014"]}, "answerIndex": 2}, {"id": "RE_2043", "section": "Reasoning", "topic": "Puzzle", "difficulty": "moderate", "text": {"en": "[Reasoning/Puzzle] Sample exam-style question #2043: Choose the correct option."}, "options": {"en": ["Option A2043", "Option B2043", "Option C2043", "Option D2043"]}, "answerIndex": 3}, {"id": "GE_2093", "section": "General Awareness", "topic": "Current Affairs", "difficulty": "moderate", "text": {"en": "[General Awareness/Current Affairs] Sample exam-style question #2093: Choose the correct option."}, "options": {"en": ["Option A2093", "Option B2093", "Option C2093", "Option D2093"]}, "answerIndex": 1}, {"id": "GE_2088", "section": "General Awareness", "topic": "Polity", "difficulty": "moderate", "text": {"en": "[General Awareness/Polity] Sample exam-style question #2088: Choose the correct option."}, "options": {"en": ["Option A2088", "Option B2088", "Option C2088", "Option D2088"]}, "answerIndex": 0}, {"id": "RE_2056", "section": "Reasoning", "topic": "Coding", "difficulty": "moderate", "text": {"en": "[Reasoning/Coding] Sample exam-style question #2056: Choose the correct option."}, "options": {"en": ["Option A2056", "Option B2056", "Option C2056", "Option D2056"]}, "answerIndex": 0}, {"id": "GE_2077", "section": "General Awareness", "topic": "Polity", "difficulty": "moderate", "text": {"en": "[General Awareness/Polity] Sample exam-style question #2077: Choose the correct option."}, "options": {"en": ["Option A2077", "Option B2077", "Option C2077", "Option D2077"]}, "answerIndex": 1}, {"id": "RE_2053", "section": "Reasoning", "topic": "Analogy", "difficulty": "moderate", "text": {"en": "[Reasoning/Analogy] Sample exam-style question #2053: Choose the correct option."}, "options": {"en": ["Option A2053", "Option B2053", "Option C2053", "Option D2053"]}, "answerIndex": 1}, {"id": "GE_2069", "section": "General Awareness", "topic": "Current Affairs", "difficulty": "moderate", "text": {"en": "[General Awareness/Current Affairs] Sample exam-style question #2069: Choose the correct option."}, "options": {"en": ["Option A2069", "Option B2069", "Option C2069", "Option D2069"]}, "answerIndex": 1}, {"id": "RE_2033", "section": "Reasoning", "topic": "Series", "difficulty": "moderate", "text": {"en": "[Reasoning/Series] Sample exam-style question #2033: Choose the correct option."}, "options": {"en": ["Option A2033", "Option B2033", "Option C2033", "Option D2033"]}, "answerIndex": 1}, {"id": "RE_2032", "section": "Reasoning", "topic": "Syllogism", "difficulty": "moderate", "text": {"en": "[Reasoning/Syllogism] Sample exam-style question #2032: Choose the correct option."}, "options": {"en": ["Option A2032", "Option B2032", "Option C2032", "Option D2032"]}, "answerIndex": 0}, {"id": "GE_2073", "section": "General Awareness", "topic": "Current Affairs", "difficulty": "moderate", "text": {"en": "[General Awareness/Current Affairs] Sample exam-style question #2073: Choose the correct option."}, "options": {"en": ["Option A2073", "Option B2073", "Option C2073", "Option D2073"]}, "answerIndex": 1}, {"id": "MA_2023", "section": "Mathematics", "topic": "CI", "difficulty": "moderate", "text": {"en": "[Mathematics/CI] Sample exam-style question #2023: Choose the correct option."}, "options": {"en": ["Option A2023", "Option B2023", "Option C2023", "Option D2023"]}, "answerIndex": 3}, {"id": "GE_2066", "section": "General Awareness", "topic": "Current Affairs", "difficulty": "moderate", "text": {"en": "[General Awareness/Current Affairs] Sample exam-style question #2066: Choose the correct option."}, "options": {"en": ["Option A2066", "Option B2066", "Option C2066", "Option D2066"]}, "answerIndex": 2}, {"id": "GE_2068", "section": "General Awareness", "topic": "Current Affairs", "difficulty": "moderate", "text": {"en": "[General Awareness/Current Affairs] Sample exam-style question #2068: Choose the correct option."}, "options": {"en": ["Option A2068", "Option B2068", "Option C2068", "Option D2068"]}, "answerIndex": 0}]}