{"testId": "002", "questions": [{"id": "MA_0109", "section": "Mathematics", "topic": "DI", "difficulty": "moderate", "text": {"en": "[Mathematics/DI] Sample exam-style question #109: Choose the correct option."}, "options": {"en": ["Option A109", "Option B109", "Option C109", "Option D109"]}, "answerIndex": 1}, {"id": "GE_0174", "section": "General Awareness", "topic": "Geography", "difficulty": "moderate", "text": {"en": "[General Awareness/Geography] Sample exam-style question #174: Choose the correct option."}, "options": {"en": ["Option A174", "Option B174", "Option C174", "Option D174"]}, "answerIndex": 2}, {"id": "MA_0125", "section": "Mathematics", "topic": "CI", "difficulty": "moderate", "text": {"en": "[Mathematics/CI] Sample exam-style question #125: Choose the correct option."}, "options": {"en": ["Option A125", "Option B125", "Option C125", "Option D125"]}, "answerIndex": 1}, {"id": "GE_0165", "section": "General Awareness", "topic": "Current Affairs", "difficulty": "moderate", "text": {"en": "[General Awareness/Current Affairs] Sample exam-style question #165: Choose the correct option."}, "options": {"en": ["Option A165", "Option B165", "Option C165", "Option D165"]}, "answerIndex": 1}, {"id": "MA_0115", "section": "Mathematics", "topic": "SI", "difficulty": "moderate", "text": {"en": "[Mathematics/SI] Sample exam-style question #115: Choose the correct option."}, "options": {"en": ["Option A115", "Option B115", "Option C115", "Option D115"]}, "answerIndex": 3}, {"id": "GE_0170", "section": "General Awareness", "topic": "Geography", "difficulty": "moderate", "text": {"en": "[General Awareness/Geography] Sample exam-style question #170: Choose the correct option."}, "options": {"en": ["Option A170", "Option B170", "Option C170", "Option D170"]}, "answerIndex": 2}, {"id": "RE_0150", "section": "Reasoning", "topic": "Coding", "difficulty": "moderate", "text": {"en": "[Reasoning/Coding] Sample exam-style question #150: Choose the correct option."}, "options": {"en": ["Option A150", "Option B150", "Option C150", "Option D150"]}, "answerIndex": 2}, {"id": "MA_0122", "section": "Mathematics", "topic": "SI", "difficulty": "moderate", "text": {"en": "[Mathematics/SI] Sample exam-style question #122: Choose the correct option."}, "options": {"en": ["Option A122", "Option B122", "Option C122", "Option D122"]}, "answerIndex": 2}, {"id": "GE_0196", "section": "General Awareness", "topic": "Science", "difficulty": "moderate", "text": {"en": "[General Awareness/Science] Sample exam-style question #196: Choose the correct option."}, "options": {"en": ["Option A196", "Option B196", "Option C196", "Option D196"]}, "answerIndex": 0}, {"id": "MA_0124", "section": "Mathematics", "topic": "Speed", "difficulty": "moderate", "text": {"en": "[Mathematics/Speed] Sample exam-style question #124: Choose the correct option."}, "options": {"en": ["Option A124", "Option B124", "Option C124", "Option D124"]}, "answerIndex": 0}, {"id": "MA_0120", "section": "Mathematics", "topic": "Time&Work", "difficulty": "moderate", "text": {"en": "[Mathematics/Time&Work] Sample exam-style question #120: Choose the correct option."}, "options": {"en": ["Option A120", "Option B120", "Option C120", "Option D120"]}, "answerIndex": 0}, {"id": "RE_0144", "section": "Reasoning", "topic": "Coding", "difficulty": "moderate", "text": {"en": "[Reasoning/Coding] Sample exam-style question #144: Choose the correct option."}, "options": {"en": ["Option A144", "Option B144", "Option C144", "Option D144"]}, "answerIndex": 0}, {"id": "RE_0145", "section": "Reasoning", "topic": "Puzzle", "difficulty": "moderate", "text": {"en": "[Reasoning/Puzzle] Sample exam-style question #145: Choose the correct option."}, "options": {"en": ["Option A145", "Option B145", "Option C145", "Option D145"]}, "answerIndex": 1}, {"id": "GE_0199", "section": "General Awareness", "topic": "Geography", "difficulty": "moderate", "text": {"en": "[General Awareness/Geography] Sample exam-style question #199: Choose the correct option."}, "options": {"en": ["Option A199", "Option B199", "Option C199", "Option D199"]}, "answerIndex": 3}, {"id": "RE_0148", "section": "Reasoning", "topic": "Series", "difficulty": "moderate", "text": {"en": "[Reasoning/Series] Sample exam-style question #148: Choose the correct option."}, "options": {"en": ["Option A148", "Option B148", "Option C148", "Option D148"]}, "answerIndex": 0}, {"id": "RE_0137", "section": "Reasoning", "topic": "Analogy", "difficulty": "moderate", "text": {"en": "[Reasoning/Analogy] Sample exam-style question #137: Choose the correct option."}, "options": {"en": ["Option A137", "Option B137", "Option C137", "Option D137"]}, "answerIndex": 1}, {"id": "RE_0143", "section": "Reasoning", "topic": "Coding", "difficulty": "moderate", "text": {"en": "[Reasoning/Coding] Sample exam-style question #143: Choose the correct option."}, "options": {"en": ["Option A143", "Option B143", "Option C143", "Option D143"]}, "answerIndex": 3}, {"id": "MA_0123", "section": "Mathematics", "topic": "Ratio", "difficulty": "moderate", "text": {"en": "[Mathematics/Ratio] Sample exam-style question #123: Choose the correct option."}, "options": {"en": ["Option A123", "Option B123", "Option C123", "Option D123"]}, "answerIndex": 3}, {"id": "RE_0147", "section": "Reasoning", "topic": "Series", "difficulty": "moderate", "text": {"en": "[Reasoning/Series] Sample exam-style question #147: Choose the correct option."}, "options": {"en": ["Option A147", "Option B147", "Option C147", "Option D147"]}, "answerIndex": 3}, {"id": "GE_0169", "section": "General Awareness", "topic": "Science", "difficulty": "moderate", "text": {"en": "[General Awareness/Science] Sample exam-style question #169: Choose the correct option."}, "options": {"en": ["Option A169", "Option B169", "Option C169", "Option D169"]}, "answerIndex": 1}, {"id": "RE_0133", "section": "Reasoning", "topic": "Analogy", "difficulty": "moderate", "text": {"en": "[Reasoning/Analogy] Sample exam-style question #133: Choose the correct option."}, "options": {"en": ["Option A133", "Option B133", "Option C133", "Option D133"]}, "answerIndex": 1}, {"id": "GE_0183", "section": "General Awareness", "topic": "History", "difficulty": "moderate", "text": {"en": "[General Awareness/History] Sample exam-style question #183: Choose the correct option."}, "options": {"en": ["Option A183", "Option B183", "Option C183", "Option D183"]}, "answerIndex": 3}, {"id": "GE_0186", "section": "General Awareness", "topic": "Current Affairs", "difficulty": "moderate", "text": {"en": "[General Awareness/Current Affairs] Sample exam-style question #186: Choose the correct option."}, "options": {"en": ["Option A186", "Option B186", "Option C186", "Option D186"]}, "answerIndex": 2}, {"id": "GE_0179", "section": "General Awareness", "topic": "Current Affairs", "difficulty": "moderate", "text": {"en": "[General Awareness/Current Affairs] Sample exam-style question #179: Choose the correct option."}, "options": {"en": ["Option A179", "Option B179", "Option C179", "Option D179"]}, "answerIndex": 3}, {"id": "GE_0171", "section": "General Awareness", "topic": "Current Affairs", "difficulty": "moderate", "text": {"en": "[General Awareness/Current Affairs] Sample exam-style question #171: Choose the correct option."}, "options": {"en": ["Option A171", "Option B171", "Option C171", "Option D171"]}, "answerIndex": 3}, {"id": "RE_0141", "section": "Reasoning", "topic": "Direction", "difficulty": "moderate", "text": {"en": "[Reasoning/Direction] Sample exam-style question #141: Choose the correct option."}, "options": {"en": ["Option A141", "Option B141", "Option C141", "Option D141"]}, "answerIndex": 1}, {"id": "MA_0130", "section": "Mathematics", "topic": "SI", "difficulty": "moderate", "text": {"en": "[Mathematics/SI] Sample exam-style question #130: Choose the correct option."}, "options": {"en": ["Option A130", "Option B130", "Option C130", "Option D130"]}, "answerIndex": 2}, {"id": "GE_0187", "section": "General Awareness", "topic": "Geography", "difficulty": "moderate", "text": {"en": "[General Awareness/Geography] Sample exam-style question #187: Choose the correct option."}, "options": {"en": ["Option A187", "Option B187", "Option C187", "Option D187"]}, "answerIndex": 3}, {"id": "GE_0161", "section": "General Awareness", "topic": "Science", "difficulty": "moderate", "text": {"en": "[General Awareness/Science] Sample exam-style question #161: Choose the correct option."}, "options": {"en": ["Option A161", "Option B161", "Option C161", "Option D161"]}, "answerIndex": 1}, {"id": "RE_0135", "section": "Reasoning", "topic": "Puzzle", "difficulty": "moderate", "text": {"en": "[Reasoning/Puzzle] Sample exam-style question #135: Choose the correct option."}, "options": {"en": ["Option A135", "Option B135", "Option C135", "Option D135"]}, "answerIndex": 3}, {"id": "MA_0101", "section": "Mathematics", "topic": "Speed", "difficulty": "moderate", "text": {"en": "[Mathematics/Speed] Sample exam-style question #101: Choose the correct option."}, "options": {"en": ["Option A101", "Option B101", "Option C101", "Option D101"]}, "answerIndex": 1}, {"id": "MA_0116", "section": "Mathematics", "topic": "CI", "difficulty": "moderate", "text": {"en": "[Mathematics/CI] Sample exam-style question #116: Choose the correct option."}, "options": {"en": ["Option A116", "Option B116", "Option C116", "Option D116"]}, "answerIndex": 0}, {"id": "RE_0151", "section": "Reasoning", "topic": "Analogy", "difficulty": "moderate", "text": {"en": "[Reasoning/Analogy] Sample exam-style question #151: Choose the correct option."}, "options": {"en": ["Option A151", "Option B151", "Option C151", "Option D151"]}, "answerIndex": 3}, {"id": "RE_0146", "section": "Reasoning", "topic": "Direction", "difficulty": "moderate", "text": {"en": "[Reasoning/Direction] Sample exam-style question #146: Choose the correct option."}, "options": {"en": ["Option A146", "Option B146", "Option C146", "Option D146"]}, "answerIndex": 2}, {"id": "MA_0108", "section": "Mathematics", "topic": "DI", "difficulty": "moderate", "text": {"en": "[Mathematics/DI] Sample exam-style question #108: Choose the correct option."}, "options": {"en": ["Option A108", "Option B108", "Option C108", "Option D108"]}, "answerIndex": 0}, {"id": "RE_0149", "section": "Reasoning", "topic": "Series", "difficulty": "moderate", "text": {"en": "[Reasoning/Series] Sample exam-style question #149: Choose the correct option."}, "options": {"en": ["Option A149", "Option B149", "Option C149", "Option D149"]}, "answerIndex": 1}, {"id": "MA_0114", "section": "Mathematics", "topic": "DI", "difficulty": "moderate", "text": {"en": "[Mathematics/DI] Sample exam-style question #114: Choose the correct option."}, "options": {"en": ["Option A114", "Option B114", "Option C114", "Option D114"]}, "answerIndex": 2}, {"id": "GE_0163", "section": "General Awareness", "topic": "Science", "difficulty": "moderate", "text": {"en": "[General Awareness/Science] Sample exam-style question #163: Choose the correct option."}, "options": {"en": ["Option A163", "Option B163", "Option C163", "Option D163"]}, "answerIndex": 3}, {"id": "MA_0102", "section": "Mathematics", "topic": "Speed", "difficulty": "moderate", "text": {"en": "[Mathematics/Speed] Sample exam-style question #102: Choose the correct option."}, "options": {"en": ["Option A102", "Option B102", "Option C102", "Option D102"]}, "answerIndex": 2}, {"id": "MA_0118", "section": "Mathematics", "topic": "Percentage", "difficulty": "moderate", "text": {"en": "[Mathematics/Percentage] Sample exam-style question #118: Choose the correct option."}, "options": {"en": ["Option A118", "Option B118", "Option C118", "Option D118"]}, "answerIndex": 2}, {"id": "RE_0153", "section": "Reasoning", "topic": "Analogy", "difficulty": "moderate", "text": {"en": "[Reasoning/Analogy] Sample exam-style question #153: Choose the correct option."}, "options": {"en": ["Option A153", "Option B153", "Option C153", "Option D153"]}, "answerIndex": 1}, {"id": "GE_0189", "section": "General Awareness", "topic": "Science", "difficulty": "moderate", "text": {"en": "[General Awareness/Science] Sample exam-style question #189: Choose the correct option."}, "options": {"en": ["Option A189", "Option B189", "Option C189", "Option D189"]}, "answerIndex": 1}, {"id": "GE_0184", "section": "General Awareness", "topic": "Science", "difficulty": "moderate", "text": {"en": "[General Awareness/Science] Sample exam-style question #184: Choose the correct option."}, "options": {"en": ["Option A184", "Option B184", "Option C184", "Option D184"]}, "answerIndex": 0}, {"id": "GE_0191", "section": "General Awareness", "topic": "History", "difficulty": "moderate", "text": {"en": "[General Awareness/History] Sample exam-style question #191: Choose the correct option."}, "options": {"en": ["Option A191", "Option B191", "Option C191", "Option D191"]}, "answerIndex": 3}, {"id": "MA_0128", "section": "Mathematics", "topic": "CI", "difficulty": "moderate", "text": {"en": "[Mathematics/CI] Sample exam-style question #128: Choose the correct option."}, "options": {"en": ["Option A128", "Option B128", "Option C128", "Option D128"]}, "answerIndex": 0}, {"id": "RE_0159", "section": "Reasoning", "topic": "Puzzle", "difficulty": "moderate", "text": {"en": "[Reasoning/Puzzle] Sample exam-style question #159: Choose the correct option."}, "options": {"en": ["Option A159", "Option B159", "Option C159", "Option D159"]}, "answerIndex": 3}, {"id": "GE_0185", "section": "General Awareness", "topic": "Polity", "difficulty": "moderate", "text": {"en": "[General Awareness/Polity] Sample exam-style question #185: Choose the correct option."}, "options": {"en": ["Option A185", "Option B185", "Option C185", "Option D185"]}, "answerIndex": 1}, {"id": "MA_0103", "section": "Mathematics", "topic": "Time&Work", "difficulty": "moderate", "text": {"en": "[Mathematics/Time&Work] Sample exam-style question #103: Choose the correct option."}, "options": {"en": ["Option A103", "Option B103", "Option C103", "Option D103"]}, "answerIndex": 3}, {"id": "GE_0164", "section": "General Awareness", "topic": "Polity", "difficulty": "moderate", "text": {"en": "[General Awareness/Polity] Sample exam-style question #164: Choose the correct option."}, "options": {"en": ["Option A164", "Option B164", "Option C164", "Option D164"]}, "answerIndex": 0}, {"id": "GE_0178", "section": "General Awareness", "topic": "Polity", "difficulty": "moderate", "text": {"en": "[General Awareness/Polity] Sample exam-style question #178: Choose the correct option."}, "options": {"en": ["Option A178", "Option B178", "Option C178", "Option D178"]}, "answerIndex": 2}, {"id": "RE_0134", "section": "Reasoning", "topic": "Puzzle", "difficulty": "moderate", "text": {"en": "[Reasoning/Puzzle] Sample exam-style question #134: Choose the correct option."}, "options": {"en": ["Option A134", "Option B134", "Option C134", "Option D134"]}, "answerIndex": 2}, {"id": "GE_0182", "section": "General Awareness", "topic": "Science", "difficulty": "moderate", "text": {"en": "[General Awareness/Science] Sample exam-style question #182: Choose the correct option."}, "options": {"en": ["Option A182", "Option B182", "Option C182", "Option D182"]}, "answerIndex": 2}, {"id": "RE_0132", "section": "Reasoning", "topic": "Coding", "difficulty": "moderate", "text": {"en": "[Reasoning/Coding] Sample exam-style question #132: Choose the correct option."}, "options": {"en": ["Option A132", "Option B132", "Option C132", "Option D132"]}, "answerIndex": 0}, {"id": "GE_0193", "section": "General Awareness", "topic": "Geography", "difficulty": "moderate", "text": {"en": "[General Awareness/Geography] Sample exam-style question #193: Choose the correct option."}, "options": {"en": ["Option A193", "Option B193", "Option C193", "Option D193"]}, "answerIndex": 1}, {"id": "MA_0127", "section": "Mathematics", "topic": "Speed", "difficulty": "moderate", "text": {"en": "[Mathematics/Speed] Sample exam-style question #127: Choose the correct option."}, "options": {"en": ["Option A127", "Option B127", "Option C127", "Option D127"]}, "answerIndex": 3}, {"id": "RE_0158", "section": "Reasoning", "topic": "Direction", "difficulty": "moderate", "text": {"en": "[Reasoning/Direction] Sample exam-style question #158: Choose the correct option."}, "options": {"en": ["Option A158", "Option B158", "Option C158", "Option D158"]}, "answerIndex": 2}, {"id": "GE_0200", "section": "General Awareness", "topic": "Economy", "difficulty": "moderate", "text": {"en": "[General Awareness/Economy] Sample exam-style question #200: Choose the correct option."}, "options": {"en": ["Option A200", "Option B200", "Option C200", "Option D200"]}, "answerIndex": 0}, {"id": "RE_0139", "section": "Reasoning", "topic": "Direction", "difficulty": "moderate", "text": {"en": "[Reasoning/Direction] Sample exam-style question #139: Choose the correct option."}, "options": {"en": ["Option A139", "Option B139", "Option C139", "Option D139"]}, "answerIndex": 3}, {"id": "RE_0152", "section": "Reasoning", "topic": "Coding", "difficulty": "moderate", "text": {"en": "[Reasoning/Coding] Sample exam-style question #152: Choose the correct option."}, "options": {"en": ["Option A152", "Option B152", "Option C152", "Option D152"]}, "answerIndex": 0}, {"id": "GE_0176", "section": "General Awareness", "topic": "History", "difficulty": "moderate", "text": {"en": "[General Awareness/History] Sample exam-style question #176: Choose the correct option."}, "options": {"en": ["Option A176", "Option B176", "Option C176", "Option D176"]}, "answerIndex": 0}, {"id": "MA_0126", "section": "Mathematics", "topic": "CI", "difficulty": "moderate", "text": {"en": "[Mathematics/CI] Sample exam-style question #126: Choose the correct option."}, "options": {"en": ["Option A126", "Option B126", "Option C126", "Option D126"]}, "answerIndex": 2}, {"id": "MA_0105", "section": "Mathematics", "topic": "Speed", "difficulty": "moderate", "text": {"en": "[Mathematics/Speed] Sample exam-style question #105: Choose the correct option."}, "options": {"en": ["Option A105", "Option B105", "Option C105", "Option D105"]}, "answerIndex": 1}, {"id": "RE_0142", "section": "Reasoning", "topic": "Syllogism", "difficulty": "moderate", "text": {"en": "[Reasoning/Syllogism] Sample exam-style question #142: Choose the correct option."}, "options": {"en": ["Option A142", "Option B142", "Option C142", "Option D142"]}, "answerIndex": 2}, {"id": "GE_0188", "section": "General Awareness", "topic": "Current Affairs", "difficulty": "moderate", "text": {"en": "[General Awareness/Current Affairs] Sample exam-style question #188: Choose the correct option."}, "options": {"en": ["Option A188", "Option B188", "Option C188", "Option D188"]}, "answerIndex": 0}, {"id": "RE_0155", "section": "Reasoning", "topic": "Puzzle", "difficulty": "moderate", "text": {"en": "[Reasoning/Puzzle] Sample exam-style question #155: Choose the correct option."}, "options": {"en": ["Option A155", "Option B155", "Option C155", "Option D155"]}, "answerIndex": 3}, {"id": "MA_0113", "section": "Mathematics", "topic": "Percentage", "difficulty": "moderate", "text": {"en": "[Mathematics/Percentage] Sample exam-style question #113: Choose the correct option."}, "options": {"en": ["Option A113", "Option B113", "Option C113", "Option D113"]}, "answerIndex": 1}, {"id": "MA_0110", "section": "Mathematics", "topic": "Percentage", "difficulty": "moderate", "text": {"en": "[Mathematics/Percentage] Sample exam-style question #110: Choose the correct option."}, "options": {"en": ["Option A110", "Option B110", "Option C110", "Option D110"]}, "answerIndex": 2}, {"id": "RE_0138", "section": "Reasoning", "topic": "Puzzle", "difficulty": "moderate", "text": {"en": "[Reasoning/Puzzle] Sample exam-style question #138: Choose the correct option."}, "options": {"en": ["Option A138", "Option B138", "Option C138", "Option D138"]}, "answerIndex": 2}, {"id": "RE_0157", "section": "Reasoning", "topic": "Direction", "difficulty": "moderate", "text": {"en": "[Reasoning/Direction] Sample exam-style question #157: Choose the correct option."}, "options": {"en": ["Option A157", "Option B157", "Option C157", "Option D157"]}, "answerIndex": 1}, {"id": "GE_0168", "section": "General Awareness", "topic": "Current Affairs", "difficulty": "moderate", "text": {"en": "[General Awareness/Current Affairs] Sample exam-style question #168: Choose the correct option."}, "options": {"en": ["Option A168", "Option B168", "Option C168", "Option D168"]}, "answerIndex": 0}, {"id": "MA_0111", "section": "Mathematics", "topic": "Ratio", "difficulty": "moderate", "text": {"en": "[Mathematics/Ratio] Sample exam-style question #111: Choose the correct option."}, "options": {"en": ["Option A111", "Option B111", "Option C111", "Option D111"]}, "answerIndex": 3}, {"id": "GE_0194", "section": "General Awareness", "topic": "History", "difficulty": "moderate", "text": {"en": "[General Awareness/History] Sample exam-style question #194: Choose the correct option."}, "options": {"en": ["Option A194", "Option B194", "Option C194", "Option D194"]}, "answerIndex": 2}, {"id": "RE_0160", "section": "Reasoning", "topic": "Direction", "difficulty": "moderate", "text": {"en": "[Reasoning/Direction] Sample exam-style question #160: Choose the correct option."}, "options": {"en": ["Option A160", "Option B160", "Option C160", "Option D160"]}, "answerIndex": 0}, {"id": "RE_0140", "section": "Reasoning", "topic": "Puzzle", "difficulty": "moderate", "text": {"en": "[Reasoning/Puzzle] Sample exam-style question #140: Choose the correct option."}, "options": {"en": ["Option A140", "Option B140", "Option C140", "Option D140"]}, "answerIndex": 0}, {"id": "MA_0121", "section": "Mathematics", "topic": "Speed", "difficulty": "moderate", "text": {"en": "[Mathematics/Speed] Sample exam-style question #121: Choose the correct option."}, "options": {"en": ["Option A121", "Option B121", "Option C121", "Option D121"]}, "answerIndex": 1}, {"id": "GE_0190", "section": "General Awareness", "topic": "Science", "difficulty": "moderate", "text": {"en": "[General Awareness/Science] Sample exam-style question #190: Choose the correct option."}, "options": {"en": ["Option A190", "Option B190", "Option C190", "Option D190"]}, "answerIndex": 2}, {"id": "GE_0192", "section": "General Awareness", "topic": "History", "difficulty": "moderate", "text": {"en": "[General Awareness/History] Sample exam-style question #192: Choose the correct option."}, "options": {"en": ["Option A192", "Option B192", "Option C192", "Option D192"]}, "answerIndex": 0}, {"id": "GE_0172", "section": "General Awareness", "topic": "Geography", "difficulty": "moderate", "text": {"en": "[General Awareness/Geography] Sample exam-style question #172: Choose the correct option."}, "options": {"en": ["Option A172", "Option B172", "Option C172", "Option D172"]}, "answerIndex": 0}, {"id": "GE_0173", "section": "General Awareness", "topic": "Polity", "difficulty": "moderate", "text": {"en": "[General Awareness/Polity] Sample exam-style question #173: Choose the correct option."}, "options": {"en": ["Option A173", "Option B173", "Option C173", "Option D173"]}, "answerIndex": 1}, {"id": "MA_0104", "section": "Mathematics", "topic": "Ratio", "difficulty": "moderate", "text": {"en": "[Mathematics/Ratio] Sample exam-style question #104: Choose the correct option."}, "options": {"en": ["Option A104", "Option B104", "Option C104", "Option D104"]}, "answerIndex": 0}, {"id": "GE_0198", "section": "General Awareness", "topic": "Science", "difficulty": "moderate", "text": {"en": "[General Awareness/Science] Sample exam-style question #198: Choose the correct option."}, "options": {"en": ["Option A198", "Option B198", "Option C198", "Option D198"]}, "answerIndex": 2}, {"id": "MA_0106", "section": "Mathematics", "topic": "SI", "difficulty": "moderate", "text": {"en": "[Mathematics/SI] Sample exam-style question #106: Choose the correct option."}, "options": {"en": ["Option A106", "Option B106", "Option C106", "Option D106"]}, "answerIndex": 2}, {"id": "GE_0197", "section": "General Awareness", "topic": "Polity", "difficulty": "moderate", "text": {"en": "[General Awareness/Polity] Sample exam-style question #197: Choose the correct option."}, "options": {"en": ["Option A197", "Option B197", "Option C197", "Option D197"]}, "answerIndex": 1}, {"id": "RE_0131", "section": "Reasoning", "topic": "Coding", "difficulty": "moderate", "text": {"en": "[Reasoning/Coding] Sample exam-style question #131: Choose the correct option."}, "options": {"en": ["Option A131", "Option B131", "Option C131", "Option D131"]}, "answerIndex": 3}, {"id": "MA_0107", "section": "Mathematics", "topic": "DI", "difficulty": "moderate", "text": {"en": "[Mathematics/DI] Sample exam-style question #107: Choose the correct option."}, "options": {"en": ["Option A107", "Option B107", "Option C107", "Option D107"]}, "answerIndex": 3}, {"id": "GE_0166", "section": "General Awareness", "topic": "Current Affairs", "difficulty": "moderate", "text": {"en": "[General Awareness/Current Affairs] Sample exam-style question #166: Choose the correct option."}, "options": {"en": ["Option A166", "Option B166", "Option C166", "Option D166"]}, "answerIndex": 2}, {"id": "RE_0156", "section": "Reasoning", "topic": "Series", "difficulty": "moderate", "text": {"en": "[Reasoning/Series] Sample exam-style question #156: Choose the correct option."}, "options": {"en": ["Option A156", "Option B156", "Option C156", "Option D156"]}, "answerIndex": 0}, {"id": "MA_0112", "section": "Mathematics", "topic": "DI", "difficulty": "moderate", "text": {"en": "[Mathematics/DI] Sample exam-style question #112: Choose the correct option."}, "options": {"en": ["Option A112", "Option B112", "Option C112", "Option D112"]}, "answerIndex": 0}, {"id": "GE_0180", "section": "General Awareness", "topic": "Current Affairs", "difficulty": "moderate", "text": {"en": "[General Awareness/Current Affairs] Sample exam-style question #180: Choose the correct option."}, "options": {"en": ["Option A180", "Option B180", "Option C180", "Option D180"]}, "answerIndex": 0}, {"id": "GE_0175", "section": "General Awareness", "topic": "Economy", "difficulty": "moderate", "text": {"en": "[General Awareness/Economy] Sample exam-style question #175: Choose the correct option."}, "options": {"en": ["Option A175", "Option B175", "Option C175", "Option D175"]}, "answerIndex": 3}, {"id": "GE_0181", "section": "General Awareness", "topic": "Geography", "difficulty": "moderate", "text": {"en": "[General Awareness/Geography] Sample exam-style question #181: Choose the correct option."}, "options": {"en": ["Option A181", "Option B181", "Option C181", "Option D181"]}, "answerIndex": 1}, {"id": "GE_0195", "section": "General Awareness", "topic": "Science", "difficulty": "moderate", "text": {"en": "[General Awareness/Science] Sample exam-style question #195: Choose the correct option."}, "options": {"en": ["Option A195", "Option B195", "Option C195", "Option D195"]}, "answerIndex": 3}, {"id": "GE_0162", "section": "General Awareness", "topic": "Geography", "difficulty": "moderate", "text": {"en": "[General Awareness/Geography] Sample exam-style question #162: Choose the correct option."}, "options": {"en": ["Option A162", "Option B162", "Option C162", "Option D162"]}, "answerIndex": 2}, {"id": "RE_0136", "section": "Reasoning", "topic": "Syllogism", "difficulty": "moderate", "text": {"en": "[Reasoning/Syllogism] Sample exam-style question #136: Choose the correct option."}, "options": {"en": ["Option A136", "Option B136", "Option C136", "Option D136"]}, "answerIndex": 0}, {"id": "MA_0117", "section": "Mathematics", "topic": "SI", "difficulty": "moderate", "text": {"en": "[Mathematics/SI] Sample exam-style question #117: Choose the correct option."}, "options": {"en": ["Option A117", "Option B117", "Option C117", "Option D117"]}, "answerIndex": 1}, {"id": "MA_0119", "section": "Mathematics", "topic": "Ratio", "difficulty": "moderate", "text": {"en": "[Mathematics/Ratio] Sample exam-style question #119: Choose the correct option."}, "options": {"en": ["Option A119", "Option B119", "Option C119", "Option D119"]}, "answerIndex": 3}, {"id": "MA_0129", "section": "Mathematics", "topic": "Ratio", "difficulty": "moderate", "text": {"en": "[Mathematics/Ratio] Sample exam-style question #129: Choose the correct option."}, "options": {"en": ["Option A129", "Option B129", "Option C129", "Option D129"]}, "answerIndex": 1}, {"id": "RE_0154", "section": "Reasoning", "topic": "Direction", "difficulty": "moderate", "text": {"en": "[Reasoning/Direction] Sample exam-style question #154: Choose the correct option."}, "options": {"en": ["Option A154", "Option B154", "Option C154", "Option D154"]}, "answerIndex": 2}, {"id": "GE_0177", "section": "General Awareness", "topic": "Economy", "difficulty": "moderate", "text": {"en": "[General Awareness/Economy] Sample exam-style question #177: Choose the correct option."}, "options": {"en": ["Option A177", "Option B177", "Option C177", "Option D177"]}, "answerIndex": 1}, {"id": "GE_0167", "section": "General Awareness", "topic": "Polity", "difficulty": "moderate", "text": {"en": "[General Awareness/Polity] Sample exam-style question #167: Choose the correct option."}, "options": {"en": ["Option A167", "Option B167", "Option C167", "Option D167"]}, "answerIndex": 3}]}