{"testId": "013", "questions": [{"id": "MA_1207", "section": "Mathematics", "topic": "CI", "difficulty": "moderate", "text": {"en": "[Mathematics/CI] Sample exam-style question #1207: Choose the correct option."}, "options": {"en": ["Option A1207", "Option B1207", "Option C1207", "Option D1207"]}, "answerIndex": 3}, {"id": "GE_1291", "section": "General Awareness", "topic": "Current Affairs", "difficulty": "moderate", "text": {"en": "[General Awareness/Current Affairs] Sample exam-style question #1291: Choose the correct option."}, "options": {"en": ["Option A1291", "Option B1291", "Option C1291", "Option D1291"]}, "answerIndex": 3}, {"id": "GE_1262", "section": "General Awareness", "topic": "Science", "difficulty": "moderate", "text": {"en": "[General Awareness/Science] Sample exam-style question #1262: Choose the correct option."}, "options": {"en": ["Option A1262", "Option B1262", "Option C1262", "Option D1262"]}, "answerIndex": 2}, {"id": "MA_1220", "section": "Mathematics", "topic": "SI", "difficulty": "moderate", "text": {"en": "[Mathematics/SI] Sample exam-style question #1220: Choose the correct option."}, "options": {"en": ["Option A1220", "Option B1220", "Option C1220", "Option D1220"]}, "answerIndex": 0}, {"id": "GE_1264", "section": "General Awareness", "topic": "History", "difficulty": "moderate", "text": {"en": "[General Awareness/History] Sample exam-style question #1264: Choose the correct option."}, "options": {"en": ["Option A1264", "Option B1264", "Option C1264", "Option D1264"]}, "answerIndex": 0}, {"id": "RE_1248", "section": "Reasoning", "topic": "Syllogism", "difficulty": "moderate", "text": {"en": "[Reasoning/Syllogism] Sample exam-style question #1248: Choose the correct option."}, "options": {"en": ["Option A1248", "Option B1248", "Option C1248", "Option D1248"]}, "answerIndex": 0}, {"id": "RE_1240", "section": "Reasoning", "topic": "Coding", "difficulty": "moderate", "text": {"en": "[Reasoning/Coding] Sample exam-style question #1240: Choose the correct option."}, "options": {"en": ["Option A1240", "Option B1240", "Option C1240", "Option D1240"]}, "answerIndex": 0}, {"id": "RE_1236", "section": "Reasoning", "topic": "Series", "difficulty": "moderate", "text": {"en": "[Reasoning/Series] Sample exam-style question #1236: Choose the correct option."}, "options": {"en": ["Option A1236", "Option B1236", "Option C1236", "Option D1236"]}, "answerIndex": 0}, {"id": "GE_1270", "section": "General Awareness", "topic": "Geography", "difficulty": "moderate", "text": {"en": "[General Awareness/Geography] Sample exam-style question #1270: Choose the correct option."}, "options": {"en": ["Option A1270", "Option B1270", "Option C1270", "Option D1270"]}, "answerIndex": 2}, {"id": "MA_1215", "section": "Mathematics", "topic": "Speed", "difficulty": "moderate", "text": {"en": "[Mathematics/Speed] Sample exam-style question #1215: Choose the correct option."}, "options": {"en": ["Option A1215", "Option B1215", "Option C1215", "Option D1215"]}, "answerIndex": 3}, {"id": "RE_1249", "section": "Reasoning", "topic": "Puzzle", "difficulty": "moderate", "text": {"en": "[Reasoning/Puzzle] Sample exam-style question #1249: Choose the correct option."}, "options": {"en": ["Option A1249", "Option B1249", "Option C1249", "Option D1249"]}, "answerIndex": 1}, {"id": "MA_1230", "section": "Mathematics", "topic": "Time&Work", "difficulty": "moderate", "text": {"en": "[Mathematics/Time&Work] Sample exam-style question #1230: Choose the correct option."}, "options": {"en": ["Option A1230", "Option B1230", "Option C1230", "Option D1230"]}, "answerIndex": 2}, {"id": "MA_1222", "section": "Mathematics", "topic": "Ratio", "difficulty": "moderate", "text": {"en": "[Mathematics/Ratio] Sample exam-style question #1222: Choose the correct option."}, "options": {"en": ["Option A1222", "Option B1222", "Option C1222", "Option D1222"]}, "answerIndex": 2}, {"id": "RE_1247", "section": "Reasoning", "topic": "Analogy", "difficulty": "moderate", "text": {"en": "[Reasoning/Analogy] Sample exam-style question #1247: Choose the correct option."}, "options": {"en": ["Option A1247", "Option B1247", "Option C1247", "Option D1247"]}, "answerIndex": 3}, {"id": "GE_1271", "section": "General Awareness", "topic": "Polity", "difficulty": "moderate", "text": {"en": "[General Awareness/Polity] Sample exam-style question #1271: Choose the correct option."}, "options": {"en": ["Option A1271", "Option B1271", "Option C1271", "Option D1271"]}, "answerIndex": 3}, {"id": "RE_1259", "section": "Reasoning", "topic": "Direction", "difficulty": "moderate", "text": {"en": "[Reasoning/Direction] Sample exam-style question #1259: Choose the correct option."}, "options": {"en": ["Option A1259", "Option B1259", "Option C1259", "Option D1259"]}, "answerIndex": 3}, {"id": "MA_1223", "section": "Mathematics", "topic": "SI", "difficulty": "moderate", "text": {"en": "[Mathematics/SI] Sample exam-style question #1223: Choose the correct option."}, "options": {"en": ["Option A1223", "Option B1223", "Option C1223", "Option D1223"]}, "answerIndex": 3}, {"id": "GE_1265", "section": "General Awareness", "topic": "Polity", "difficulty": "moderate", "text": {"en": "[General Awareness/Polity] Sample exam-style question #1265: Choose the correct option."}, "options": {"en": ["Option A1265", "Option B1265", "Option C1265", "Option D1265"]}, "answerIndex": 1}, {"id": "RE_1235", "section": "Reasoning", "topic": "Puzzle", "difficulty": "moderate", "text": {"en": "[Reasoning/Puzzle] Sample exam-style question #1235: Choose the correct option."}, "options": {"en": ["Option A1235", "Option B1235", "Option C1235", "Option D1235"]}, "answerIndex": 3}, {"id": "GE_1297", "section": "General Awareness", "topic": "Polity", "difficulty": "moderate", "text": {"en": "[General Awareness/Polity] Sample exam-style question #1297: Choose the correct option."}, "options": {"en": ["Option A1297", "Option B1297", "Option C1297", "Option D1297"]}, "answerIndex": 1}, {"id": "GE_1285", "section": "General Awareness", "topic": "Science", "difficulty": "moderate", "text": {"en": "[General Awareness/Science] Sample exam-style question #1285: Choose the correct option."}, "options": {"en": ["Option A1285", "Option B1285", "Option C1285", "Option D1285"]}, "answerIndex": 1}, {"id": "GE_1280", "section": "General Awareness", "topic": "Economy", "difficulty": "moderate", "text": {"en": "[General Awareness/Economy] Sample exam-style question #1280: Choose the correct option."}, "options": {"en": ["Option A1280", "Option B1280", "Option C1280", "Option D1280"]}, "answerIndex": 0}, {"id": "GE_1275", "section": "General Awareness", "topic": "Science", "difficulty": "moderate", "text": {"en": "[General Awareness/Science] Sample exam-style question #1275: Choose the correct option."}, "options": {"en": ["Option A1275", "Option B1275", "Option C1275", "Option D1275"]}, "answerIndex": 3}, {"id": "GE_1281", "section": "General Awareness", "topic": "Science", "difficulty": "moderate", "text": {"en": "[General Awareness/Science] Sample exam-style question #1281: Choose the correct option."}, "options": {"en": ["Option A1281", "Option B1281", "Option C1281", "Option D1281"]}, "answerIndex": 1}, {"id": "MA_1211", "section": "Mathematics", "topic": "SI", "difficulty": "moderate", "text": {"en": "[Mathematics/SI] Sample exam-style question #1211: Choose the correct option."}, "options": {"en": ["Option A1211", "Option B1211", "Option C1211", "Option D1211"]}, "answerIndex": 3}, {"id": "MA_1206", "section": "Mathematics", "topic": "CI", "difficulty": "moderate", "text": {"en": "[Mathematics/CI] Sample exam-style question #1206: Choose the correct option."}, "options": {"en": ["Option A1206", "Option B1206", "Option C1206", "Option D1206"]}, "answerIndex": 2}, {"id": "MA_1228", "section": "Mathematics", "topic": "Percentage", "difficulty": "moderate", "text": {"en": "[Mathematics/Percentage] Sample exam-style question #1228: Choose the correct option."}, "options": {"en": ["Option A1228", "Option B1228", "Option C1228", "Option D1228"]}, "answerIndex": 0}, {"id": "GE_1284", "section": "General Awareness", "topic": "Geography", "difficulty": "moderate", "text": {"en": "[General Awareness/Geography] Sample exam-style question #1284: Choose the correct option."}, "options": {"en": ["Option A1284", "Option B1284", "Option C1284", "Option D1284"]}, "answerIndex": 0}, {"id": "RE_1237", "section": "Reasoning", "topic": "Puzzle", "difficulty": "moderate", "text": {"en": "[Reasoning/Puzzle] Sample exam-style question #1237: Choose the correct option."}, "options": {"en": ["Option A1237", "Option B1237", "Option C1237", "Option D1237"]}, "answerIndex": 1}, {"id": "MA_1203", "section": "Mathematics", "topic": "Speed", "difficulty": "moderate", "text": {"en": "[Mathematics/Speed] Sample exam-style question #1203: Choose the correct option."}, "options": {"en": ["Option A1203", "Option B1203", "Option C1203", "Option D1203"]}, "answerIndex": 3}, {"id": "GE_1266", "section": "General Awareness", "topic": "Geography", "difficulty": "moderate", "text": {"en": "[General Awareness/Geography] Sample exam-style question #1266: Choose the correct option."}, "options": {"en": ["Option A1266", "Option B1266", "Option C1266", "Option D1266"]}, "answerIndex": 2}, {"id": "GE_1261", "section": "General Awareness", "topic": "Science", "difficulty": "moderate", "text": {"en": "[General Awareness/Science] Sample exam-style question #1261: Choose the correct option."}, "options": {"en": ["Option A1261", "Option B1261", "Option C1261", "Option D1261"]}, "answerIndex": 1}, {"id": "RE_1254", "section": "Reasoning", "topic": "Direction", "difficulty": "moderate", "text": {"en": "[Reasoning/Direction] Sample exam-style question #1254: Choose the correct option."}, "options": {"en": ["Option A1254", "Option B1254", "Option C1254", "Option D1254"]}, "answerIndex": 2}, {"id": "GE_1277", "section": "General Awareness", "topic": "Current Affairs", "difficulty": "moderate", "text": {"en": "[General Awareness/Current Affairs] Sample exam-style question #1277: Choose the correct option."}, "options": {"en": ["Option A1277", "Option B1277", "Option C1277", "Option D1277"]}, "answerIndex": 1}, {"id": "MA_1218", "section": "Mathematics", "topic": "Percentage", "difficulty": "moderate", "text": {"en": "[Mathematics/Percentage] Sample exam-style question #1218: Choose the correct option."}, "options": {"en": ["Option A1218", "Option B1218", "Option C1218", "Option D1218"]}, "answerIndex": 2}, {"id": "MA_1217", "section": "Mathematics", "topic": "DI", "difficulty": "moderate", "text": {"en": "[Mathematics/DI] Sample exam-style question #1217: Choose the correct option."}, "options": {"en": ["Option A1217", "Option B1217", "Option C1217", "Option D1217"]}, "answerIndex": 1}, {"id": "GE_1267", "section": "General Awareness", "topic": "Economy", "difficulty": "moderate", "text": {"en": "[General Awareness/Economy] Sample exam-style question #1267: Choose the correct option."}, "options": {"en": ["Option A1267", "Option B1267", "Option C1267", "Option D1267"]}, "answerIndex": 3}, {"id": "RE_1257", "section": "Reasoning", "topic": "Puzzle", "difficulty": "moderate", "text": {"en": "[Reasoning/Puzzle] Sample exam-style question #1257: Choose the correct option."}, "options": {"en": ["Option A1257", "Option B1257", "Option C1257", "Option D1257"]}, "answerIndex": 1}, {"id": "RE_1255", "section": "Reasoning", "topic": "Coding", "difficulty": "moderate", "text": {"en": "[Reasoning/Coding] Sample exam-style question #1255: Choose the correct option."}, "options": {"en": ["Option A1255", "Option B1255", "Option C1255", "Option D1255"]}, "answerIndex": 3}, {"id": "MA_1229", "section": "Mathematics", "topic": "Speed", "difficulty": "moderate", "text": {"en": "[Mathematics/Speed] Sample exam-style question #1229: Choose the correct option."}, "options": {"en": ["Option A1229", "Option B1229", "Option C1229", "Option D1229"]}, "answerIndex": 1}, {"id": "GE_1287", "section": "General Awareness", "topic": "Economy", "difficulty": "moderate", "text": {"en": "[General Awareness/Economy] Sample exam-style question #1287: Choose the correct option."}, "options": {"en": ["Option A1287", "Option B1287", "Option C1287", "Option D1287"]}, "answerIndex": 3}, {"id": "GE_1294", "section": "General Awareness", "topic": "Economy", "difficulty": "moderate", "text": {"en": "[General Awareness/Economy] Sample exam-style question #1294: Choose the correct option."}, "options": {"en": ["Option A1294", "Option B1294", "Option C1294", "Option D1294"]}, "answerIndex": 2}, {"id": "GE_1300", "section": "General Awareness", "topic": "Economy", "difficulty": "moderate", "text": {"en": "[General Awareness/Economy] Sample exam-style question #1300: Choose the correct option."}, "options": {"en": ["Option A1300", "Option B1300", "Option C1300", "Option D1300"]}, "answerIndex": 0}, {"id": "GE_1279", "section": "General Awareness", "topic": "History", "difficulty": "moderate", "text": {"en": "[General Awareness/History] Sample exam-style question #1279: Choose the correct option."}, "options": {"en": ["Option A1279", "Option B1279", "Option C1279", "Option D1279"]}, "answerIndex": 3}, {"id": "GE_1286", "section": "General Awareness", "topic": "Science", "difficulty": "moderate", "text": {"en": "[General Awareness/Science] Sample exam-style question #1286: Choose the correct option."}, "options": {"en": ["Option A1286", "Option B1286", "Option C1286", "Option D1286"]}, "answerIndex": 2}, {"id": "GE_1288", "section": "General Awareness", "topic": "Economy", "difficulty": "moderate", "text": {"en": "[General Awareness/Economy] Sample exam-style question #1288: Choose the correct option."}, "options": {"en": ["Option A1288", "Option B1288", "Option C1288", "Option D1288"]}, "answerIndex": 0}, {"id": "MA_1202", "section": "Mathematics", "topic": "Percentage", "difficulty": "moderate", "text": {"en": "[Mathematics/Percentage] Sample exam-style question #1202: Choose the correct option."}, "options": {"en": ["Option A1202", "Option B1202", "Option C1202", "Option D1202"]}, "answerIndex": 2}, {"id": "MA_1213", "section": "Mathematics", "topic": "DI", "difficulty": "moderate", "text": {"en": "[Mathematics/DI] Sample exam-style question #1213: Choose the correct option."}, "options": {"en": ["Option A1213", "Option B1213", "Option C1213", "Option D1213"]}, "answerIndex": 1}, {"id": "RE_1239", "section": "Reasoning", "topic": "Series", "difficulty": "moderate", "text": {"en": "[Reasoning/Series] Sample exam-style question #1239: Choose the correct option."}, "options": {"en": ["Option A1239", "Option B1239", "Option C1239", "Option D1239"]}, "answerIndex": 3}, {"id": "RE_1252", "section": "Reasoning", "topic": "Direction", "difficulty": "moderate", "text": {"en": "[Reasoning/Direction] Sample exam-style question #1252: Choose the correct option."}, "options": {"en": ["Option A1252", "Option B1252", "Option C1252", "Option D1252"]}, "answerIndex": 0}, {"id": "GE_1274", "section": "General Awareness", "topic": "Geography", "difficulty": "moderate", "text": {"en": "[General Awareness/Geography] Sample exam-style question #1274: Choose the correct option."}, "options": {"en": ["Option A1274", "Option B1274", "Option C1274", "Option D1274"]}, "answerIndex": 2}, {"id": "GE_1268", "section": "General Awareness", "topic": "Geography", "difficulty": "moderate", "text": {"en": "[General Awareness/Geography] Sample exam-style question #1268: Choose the correct option."}, "options": {"en": ["Option A1268", "Option B1268", "Option C1268", "Option D1268"]}, "answerIndex": 0}, {"id": "RE_1244", "section": "Reasoning", "topic": "Analogy", "difficulty": "moderate", "text": {"en": "[Reasoning/Analogy] Sample exam-style question #1244: Choose the correct option."}, "options": {"en": ["Option A1244", "Option B1244", "Option C1244", "Option D1244"]}, "answerIndex": 0}, {"id": "RE_1241", "section": "Reasoning", "topic": "Series", "difficulty": "moderate", "text": {"en": "[Reasoning/Series] Sample exam-style question #1241: Choose the correct option."}, "options": {"en": ["Option A1241", "Option B1241", "Option C1241", "Option D1241"]}, "answerIndex": 1}, {"id": "RE_1245", "section": "Reasoning", "topic": "Coding", "difficulty": "moderate", "text": {"en": "[Reasoning/Coding] Sample exam-style question #1245: Choose the correct option."}, "options": {"en": ["Option A1245", "Option B1245", "Option C1245", "Option D1245"]}, "answerIndex": 1}, {"id": "RE_1256", "section": "Reasoning", "topic": "Direction", "difficulty": "moderate", "text": {"en": "[Reasoning/Direction] Sample exam-style question #1256: Choose the correct option."}, "options": {"en": ["Option A1256", "Option B1256", "Option C1256", "Option D1256"]}, "answerIndex": 0}, {"id": "MA_1205", "section": "Mathematics", "topic": "Time&Work", "difficulty": "moderate", "text": {"en": "[Mathematics/Time&Work] Sample exam-style question #1205: Choose the correct option."}, "options": {"en": ["Option A1205", "Option B1205", "Option C1205", "Option D1205"]}, "answerIndex": 1}, {"id": "MA_1212", "section": "Mathematics", "topic": "Time&Work", "difficulty": "moderate", "text": {"en": "[Mathematics/Time&Work] Sample exam-style question #1212: Choose the correct option."}, "options": {"en": ["Option A1212", "Option B1212", "Option C1212", "Option D1212"]}, "answerIndex": 0}, {"id": "GE_1272", "section": "General Awareness", "topic": "Geography", "difficulty": "moderate", "text": {"en": "[General Awareness/Geography] Sample exam-style question #1272: Choose the correct option."}, "options": {"en": ["Option A1272", "Option B1272", "Option C1272", "Option D1272"]}, "answerIndex": 0}, {"id": "GE_1276", "section": "General Awareness", "topic": "Science", "difficulty": "moderate", "text": {"en": "[General Awareness/Science] Sample exam-style question #1276: Choose the correct option."}, "options": {"en": ["Option A1276", "Option B1276", "Option C1276", "Option D1276"]}, "answerIndex": 0}, {"id": "RE_1231", "section": "Reasoning", "topic": "Coding", "difficulty": "moderate", "text": {"en": "[Reasoning/Coding] Sample exam-style question #1231: Choose the correct option."}, "options": {"en": ["Option A1231", "Option B1231", "Option C1231", "Option D1231"]}, "answerIndex": 3}, {"id": "MA_1225", "section": "Mathematics", "topic": "Speed", "difficulty": "moderate", "text": {"en": "[Mathematics/Speed] Sample exam-style question #1225: Choose the correct option."}, "options": {"en": ["Option A1225", "Option B1225", "Option C1225", "Option D1225"]}, "answerIndex": 1}, {"id": "RE_1260", "section": "Reasoning", "topic": "Coding", "difficulty": "moderate", "text": {"en": "[Reasoning/Coding] Sample exam-style question #1260: Choose the correct option."}, "options": {"en": ["Option A1260", "Option B1260", "Option C1260", "Option D1260"]}, "answerIndex": 0}, {"id": "GE_1269", "section": "General Awareness", "topic": "Science", "difficulty": "moderate", "text": {"en": "[General Awareness/Science] Sample exam-style question #1269: Choose the correct option."}, "options": {"en": ["Option A1269", "Option B1269", "Option C1269", "Option D1269"]}, "answerIndex": 1}, {"id": "RE_1253", "section": "Reasoning", "topic": "Direction", "difficulty": "moderate", "text": {"en": "[Reasoning/Direction] Sample exam-style question #1253: Choose the correct option."}, "options": {"en": ["Option A1253", "Option B1253", "Option C1253", "Option D1253"]}, "answerIndex": 1}, {"id": "MA_1214", "section": "Mathematics", "topic": "CI", "difficulty": "moderate", "text": {"en": "[Mathematics/CI] Sample exam-style question #1214: Choose the correct option."}, "options": {"en": ["Option A1214", "Option B1214", "Option C1214", "Option D1214"]}, "answerIndex": 2}, {"id": "GE_1292", "section": "General Awareness", "topic": "History", "difficulty": "moderate", "text": {"en": "[General Awareness/History] Sample exam-style question #1292: Choose the correct option."}, "options": {"en": ["Option A1292", "Option B1292", "Option C1292", "Option D1292"]}, "answerIndex": 0}, {"id": "MA_1219", "section": "Mathematics", "topic": "Ratio", "difficulty": "moderate", "text": {"en": "[Mathematics/Ratio] Sample exam-style question #1219: Choose the correct option."}, "options": {"en": ["Option A1219", "Option B1219", "Option C1219", "Option D1219"]}, "answerIndex": 3}, {"id": "MA_1216", "section": "Mathematics", "topic": "CI", "difficulty": "moderate", "text": {"en": "[Mathematics/CI] Sample exam-style question #1216: Choose the correct option."}, "options": {"en": ["Option A1216", "Option B1216", "Option C1216", "Option D1216"]}, "answerIndex": 0}, {"id": "MA_1226", "section": "Mathematics", "topic": "CI", "difficulty": "moderate", "text": {"en": "[Mathematics/CI] Sample exam-style question #1226: Choose the correct option."}, "options": {"en": ["Option A1226", "Option B1226", "Option C1226", "Option D1226"]}, "answerIndex": 2}, {"id": "RE_1242", "section": "Reasoning", "topic": "Direction", "difficulty": "moderate", "text": {"en": "[Reasoning/Direction] Sample exam-style question #1242: Choose the correct option."}, "options": {"en": ["Option A1242", "Option B1242", "Option C1242", "Option D1242"]}, "answerIndex": 2}, {"id": "RE_1246", "section": "Reasoning", "topic": "Direction", "difficulty": "moderate", "text": {"en": "[Reasoning/Direction] Sample exam-style question #1246: Choose the correct option."}, "options": {"en": ["Option A1246", "Option B1246", "Option C1246", "Option D1246"]}, "answerIndex": 2}, {"id": "RE_1251", "section": "Reasoning", "topic": "Syllogism", "difficulty": "moderate", "text": {"en": "[Reasoning/Syllogism] Sample exam-style question #1251: Choose the correct option."}, "options": {"en": ["Option A1251", "Option B1251", "Option C1251", "Option D1251"]}, "answerIndex": 3}, {"id": "MA_1221", "section": "Mathematics", "topic": "Time&Work", "difficulty": "moderate", "text": {"en": "[Mathematics/Time&Work] Sample exam-style question #1221: Choose the correct option."}, "options": {"en": ["Option A1221", "Option B1221", "Option C1221", "Option D1221"]}, "answerIndex": 1}, {"id": "RE_1238", "section": "Reasoning", "topic": "Direction", "difficulty": "moderate", "text": {"en": "[Reasoning/Direction] Sample exam-style question #1238: Choose the correct option."}, "options": {"en": ["Option A1238", "Option B1238", "Option C1238", "Option D1238"]}, "answerIndex": 2}, {"id": "GE_1299", "section": "General Awareness", "topic": "Current Affairs", "difficulty": "moderate", "text": {"en": "[General Awareness/Current Affairs] Sample exam-style question #1299: Choose the correct option."}, "options": {"en": ["Option A1299", "Option B1299", "Option C1299", "Option D1299"]}, "answerIndex": 3}, {"id": "MA_1227", "section": "Mathematics", "topic": "Percentage", "difficulty": "moderate", "text": {"en": "[Mathematics/Percentage] Sample exam-style question #1227: Choose the correct option."}, "options": {"en": ["Option A1227", "Option B1227", "Option C1227", "Option D1227"]}, "answerIndex": 3}, {"id": "MA_1209", "section": "Mathematics", "topic": "Ratio", "difficulty": "moderate", "text": {"en": "[Mathematics/Ratio] Sample exam-style question #1209: Choose the correct option."}, "options": {"en": ["Option A1209", "Option B1209", "Option C1209", "Option D1209"]}, "answerIndex": 1}, {"id": "GE_1283", "section": "General Awareness", "topic": "Geography", "difficulty": "moderate", "text": {"en": "[General Awareness/Geography] Sample exam-style question #1283: Choose the correct option."}, "options": {"en": ["Option A1283", "Option B1283", "Option C1283", "Option D1283"]}, "answerIndex": 3}, {"id": "RE_1258", "section": "Reasoning", "topic": "Coding", "difficulty": "moderate", "text": {"en": "[Reasoning/Coding] Sample exam-style question #1258: Choose the correct option."}, "options": {"en": ["Option A1258", "Option B1258", "Option C1258", "Option D1258"]}, "answerIndex": 2}, {"id": "GE_1278", "section": "General Awareness", "topic": "Economy", "difficulty": "moderate", "text": {"en": "[General Awareness/Economy] Sample exam-style question #1278: Choose the correct option."}, "options": {"en": ["Option A1278", "Option B1278", "Option C1278", "Option D1278"]}, "answerIndex": 2}, {"id": "MA_1210", "section": "Mathematics", "topic": "Time&Work", "difficulty": "moderate", "text": {"en": "[Mathematics/Time&Work] Sample exam-style question #1210: Choose the correct option."}, "options": {"en": ["Option A1210", "Option B1210", "Option C1210", "Option D1210"]}, "answerIndex": 2}, {"id": "RE_1243", "section": "Reasoning", "topic": "Series", "difficulty": "moderate", "text": {"en": "[Reasoning/Series] Sample exam-style question #1243: Choose the correct option."}, "options": {"en": ["Option A1243", "Option B1243", "Option C1243", "Option D1243"]}, "answerIndex": 3}, {"id": "GE_1282", "section": "General Awareness", "topic": "Economy", "difficulty": "moderate", "text": {"en": "[General Awareness/Economy] Sample exam-style question #1282: Choose the correct option."}, "options": {"en": ["Option A1282", "Option B1282", "Option C1282", "Option D1282"]}, "answerIndex": 2}, {"id": "MA_1201", "section": "Mathematics", "topic": "DI", "difficulty": "moderate", "text": {"en": "[Mathematics/DI] Sample exam-style question #1201: Choose the correct option."}, "options": {"en": ["Option A1201", "Option B1201", "Option C1201", "Option D1201"]}, "answerIndex": 1}, {"id": "RE_1234", "section": "Reasoning", "topic": "Syllogism", "difficulty": "moderate", "text": {"en": "[Reasoning/Syllogism] Sample exam-style question #1234: Choose the correct option."}, "options": {"en": ["Option A1234", "Option B1234", "Option C1234", "Option D1234"]}, "answerIndex": 2}, {"id": "RE_1232", "section": "Reasoning", "topic": "Analogy", "difficulty": "moderate", "text": {"en": "[Reasoning/Analogy] Sample exam-style question #1232: Choose the correct option."}, "options": {"en": ["Option A1232", "Option B1232", "Option C1232", "Option D1232"]}, "answerIndex": 0}, {"id": "GE_1295", "section": "General Awareness", "topic": "History", "difficulty": "moderate", "text": {"en": "[General Awareness/History] Sample exam-style question #1295: Choose the correct option."}, "options": {"en": ["Option A1295", "Option B1295", "Option C1295", "Option D1295"]}, "answerIndex": 3}, {"id": "MA_1208", "section": "Mathematics", "topic": "Percentage", "difficulty": "moderate", "text": {"en": "[Mathematics/Percentage] Sample exam-style question #1208: Choose the correct option."}, "options": {"en": ["Option A1208", "Option B1208", "Option C1208", "Option D1208"]}, "answerIndex": 0}, {"id": "RE_1250", "section": "Reasoning", "topic": "Analogy", "difficulty": "moderate", "text": {"en": "[Reasoning/Analogy] Sample exam-style question #1250: Choose the correct option."}, "options": {"en": ["Option A1250", "Option B1250", "Option C1250", "Option D1250"]}, "answerIndex": 2}, {"id": "MA_1204", "section": "Mathematics", "topic": "DI", "difficulty": "moderate", "text": {"en": "[Mathematics/DI] Sample exam-style question #1204: Choose the correct option."}, "options": {"en": ["Option A1204", "Option B1204", "Option C1204", "Option D1204"]}, "answerIndex": 0}, {"id": "GE_1296", "section": "General Awareness", "topic": "Economy", "difficulty": "moderate", "text": {"en": "[General Awareness/Economy] Sample exam-style question #1296: Choose the correct option."}, "options": {"en": ["Option A1296", "Option B1296", "Option C1296", "Option D1296"]}, "answerIndex": 0}, {"id": "GE_1273", "section": "General Awareness", "topic": "Current Affairs", "difficulty": "moderate", "text": {"en": "[General Awareness/Current Affairs] Sample exam-style question #1273: Choose the correct option."}, "options": {"en": ["Option A1273", "Option B1273", "Option C1273", "Option D1273"]}, "answerIndex": 1}, {"id": "MA_1224", "section": "Mathematics", "topic": "CI", "difficulty": "moderate", "text": {"en": "[Mathematics/CI] Sample exam-style question #1224: Choose the correct option."}, "options": {"en": ["Option A1224", "Option B1224", "Option C1224", "Option D1224"]}, "answerIndex": 0}, {"id": "GE_1290", "section": "General Awareness", "topic": "History", "difficulty": "moderate", "text": {"en": "[General Awareness/History] Sample exam-style question #1290: Choose the correct option."}, "options": {"en": ["Option A1290", "Option B1290", "Option C1290", "Option D1290"]}, "answerIndex": 2}, {"id": "GE_1293", "section": "General Awareness", "topic": "Science", "difficulty": "moderate", "text": {"en": "[General Awareness/Science] Sample exam-style question #1293: Choose the correct option."}, "options": {"en": ["Option A1293", "Option B1293", "Option C1293", "Option D1293"]}, "answerIndex": 1}, {"id": "GE_1289", "section": "General Awareness", "topic": "Geography", "difficulty": "moderate", "text": {"en": "[General Awareness/Geography] Sample exam-style question #1289: Choose the correct option."}, "options": {"en": ["Option A1289", "Option B1289", "Option C1289", "Option D1289"]}, "answerIndex": 1}, {"id": "RE_1233", "section": "Reasoning", "topic": "Coding", "difficulty": "moderate", "text": {"en": "[Reasoning/Coding] Sample exam-style question #1233: Choose the correct option."}, "options": {"en": ["Option A1233", "Option B1233", "Option C1233", "Option D1233"]}, "answerIndex": 1}, {"id": "GE_1298", "section": "General Awareness", "topic": "Geography", "difficulty": "moderate", "text": {"en": "[General Awareness/Geography] Sample exam-style question #1298: Choose the correct option."}, "options": {"en": ["Option A1298", "Option B1298", "Option C1298", "Option D1298"]}, "answerIndex": 2}, {"id": "GE_1263", "section": "General Awareness", "topic": "Current Affairs", "difficulty": "moderate", "text": {"en": "[General Awareness/Current Affairs] Sample exam-style question #1263: Choose the correct option."}, "options": {"en": ["Option A1263", "Option B1263", "Option C1263", "Option D1263"]}, "answerIndex": 3}]}