{"testId": "036", "questions": [{"id": "GE_3571", "section": "General Awareness", "topic": "Polity", "difficulty": "moderate", "text": {"en": "[General Awareness/Polity] Sample exam-style question #3571: Choose the correct option."}, "options": {"en": ["Option A3571", "Option B3571", "Option C3571", "Option D3571"]}, "answerIndex": 3}, {"id": "MA_3527", "section": "Mathematics", "topic": "Percentage", "difficulty": "moderate", "text": {"en": "[Mathematics/Percentage] Sample exam-style question #3527: Choose the correct option."}, "options": {"en": ["Option A3527", "Option B3527", "Option C3527", "Option D3527"]}, "answerIndex": 3}, {"id": "RE_3536", "section": "Reasoning", "topic": "Direction", "difficulty": "moderate", "text": {"en": "[Reasoning/Direction] Sample exam-style question #3536: Choose the correct option."}, "options": {"en": ["Option A3536", "Option B3536", "Option C3536", "Option D3536"]}, "answerIndex": 0}, {"id": "RE_3544", "section": "Reasoning", "topic": "Analogy", "difficulty": "moderate", "text": {"en": "[Reasoning/Analogy] Sample exam-style question #3544: Choose the correct option."}, "options": {"en": ["Option A3544", "Option B3544", "Option C3544", "Option D3544"]}, "answerIndex": 0}, {"id": "RE_3538", "section": "Reasoning", "topic": "Analogy", "difficulty": "moderate", "text": {"en": "[Reasoning/Analogy] Sample exam-style question #3538: Choose the correct option."}, "options": {"en": ["Option A3538", "Option B3538", "Option C3538", "Option D3538"]}, "answerIndex": 2}, {"id": "GE_3569", "section": "General Awareness", "topic": "History", "difficulty": "moderate", "text": {"en": "[General Awareness/History] Sample exam-style question #3569: Choose the correct option."}, "options": {"en": ["Option A3569", "Option B3569", "Option C3569", "Option D3569"]}, "answerIndex": 1}, {"id": "GE_3586", "section": "General Awareness", "topic": "Geography", "difficulty": "moderate", "text": {"en": "[General Awareness/Geography] Sample exam-style question #3586: Choose the correct option."}, "options": {"en": ["Option A3586", "Option B3586", "Option C3586", "Option D3586"]}, "answerIndex": 2}, {"id": "RE_3540", "section": "Reasoning", "topic": "Coding", "difficulty": "moderate", "text": {"en": "[Reasoning/Coding] Sample exam-style question #3540: Choose the correct option."}, "options": {"en": ["Option A3540", "Option B3540", "Option C3540", "Option D3540"]}, "answerIndex": 0}, {"id": "GE_3587", "section": "General Awareness", "topic": "Geography", "difficulty": "moderate", "text": {"en": "[General Awareness/Geography] Sample exam-style question #3587: Choose the correct option."}, "options": {"en": ["Option A3587", "Option B3587", "Option C3587", "Option D3587"]}, "answerIndex": 3}, {"id": "GE_3579", "section": "General Awareness", "topic": "Geography", "difficulty": "moderate", "text": {"en": "[General Awareness/Geography] Sample exam-style question #3579: Choose the correct option."}, "options": {"en": ["Option A3579", "Option B3579", "Option C3579", "Option D3579"]}, "answerIndex": 3}, {"id": "RE_3531", "section": "Reasoning", "topic": "Syllogism", "difficulty": "moderate", "text": {"en": "[Reasoning/Syllogism] Sample exam-style question #3531: Choose the correct option."}, "options": {"en": ["Option A3531", "Option B3531", "Option C3531", "Option D3531"]}, "answerIndex": 3}, {"id": "GE_3591", "section": "General Awareness", "topic": "Economy", "difficulty": "moderate", "text": {"en": "[General Awareness/Economy] Sample exam-style question #3591: Choose the correct option."}, "options": {"en": ["Option A3591", "Option B3591", "Option C3591", "Option D3591"]}, "answerIndex": 3}, {"id": "MA_3522", "section": "Mathematics", "topic": "Percentage", "difficulty": "moderate", "text": {"en": "[Mathematics/Percentage] Sample exam-style question #3522: Choose the correct option."}, "options": {"en": ["Option A3522", "Option B3522", "Option C3522", "Option D3522"]}, "answerIndex": 2}, {"id": "RE_3541", "section": "Reasoning", "topic": "Puzzle", "difficulty": "moderate", "text": {"en": "[Reasoning/Puzzle] Sample exam-style question #3541: Choose the correct option."}, "options": {"en": ["Option A3541", "Option B3541", "Option C3541", "Option D3541"]}, "answerIndex": 1}, {"id": "GE_3567", "section": "General Awareness", "topic": "Science", "difficulty": "moderate", "text": {"en": "[General Awareness/Science] Sample exam-style question #3567: Choose the correct option."}, "options": {"en": ["Option A3567", "Option B3567", "Option C3567", "Option D3567"]}, "answerIndex": 3}, {"id": "GE_3597", "section": "General Awareness", "topic": "Current Affairs", "difficulty": "moderate", "text": {"en": "[General Awareness/Current Affairs] Sample exam-style question #3597: Choose the correct option."}, "options": {"en": ["Option A3597", "Option B3597", "Option C3597", "Option D3597"]}, "answerIndex": 1}, {"id": "GE_3564", "section": "General Awareness", "topic": "Current Affairs", "difficulty": "moderate", "text": {"en": "[General Awareness/Current Affairs] Sample exam-style question #3564: Choose the correct option."}, "options": {"en": ["Option A3564", "Option B3564", "Option C3564", "Option D3564"]}, "answerIndex": 0}, {"id": "GE_3582", "section": "General Awareness", "topic": "Economy", "difficulty": "moderate", "text": {"en": "[General Awareness/Economy] Sample exam-style question #3582: Choose the correct option."}, "options": {"en": ["Option A3582", "Option B3582", "Option C3582", "Option D3582"]}, "answerIndex": 2}, {"id": "GE_3595", "section": "General Awareness", "topic": "Geography", "difficulty": "moderate", "text": {"en": "[General Awareness/Geography] Sample exam-style question #3595: Choose the correct option."}, "options": {"en": ["Option A3595", "Option B3595", "Option C3595", "Option D3595"]}, "answerIndex": 3}, {"id": "MA_3526", "section": "Mathematics", "topic": "Time&Work", "difficulty": "moderate", "text": {"en": "[Mathematics/Time&Work] Sample exam-style question #3526: Choose the correct option."}, "options": {"en": ["Option A3526", "Option B3526", "Option C3526", "Option D3526"]}, "answerIndex": 2}, {"id": "MA_3525", "section": "Mathematics", "topic": "SI", "difficulty": "moderate", "text": {"en": "[Mathematics/SI] Sample exam-style question #3525: Choose the correct option."}, "options": {"en": ["Option A3525", "Option B3525", "Option C3525", "Option D3525"]}, "answerIndex": 1}, {"id": "GE_3584", "section": "General Awareness", "topic": "Science", "difficulty": "moderate", "text": {"en": "[General Awareness/Science] Sample exam-style question #3584: Choose the correct option."}, "options": {"en": ["Option A3584", "Option B3584", "Option C3584", "Option D3584"]}, "answerIndex": 0}, {"id": "MA_3529", "section": "Mathematics", "topic": "Time&Work", "difficulty": "moderate", "text": {"en": "[Mathematics/Time&Work] Sample exam-style question #3529: Choose the correct option."}, "options": {"en": ["Option A3529", "Option B3529", "Option C3529", "Option D3529"]}, "answerIndex": 1}, {"id": "RE_3545", "section": "Reasoning", "topic": "Direction", "difficulty": "moderate", "text": {"en": "[Reasoning/Direction] Sample exam-style question #3545: Choose the correct option."}, "options": {"en": ["Option A3545", "Option B3545", "Option C3545", "Option D3545"]}, "answerIndex": 1}, {"id": "RE_3537", "section": "Reasoning", "topic": "Series", "difficulty": "moderate", "text": {"en": "[Reasoning/Series] Sample exam-style question #3537: Choose the correct option."}, "options": {"en": ["Option A3537", "Option B3537", "Option C3537", "Option D3537"]}, "answerIndex": 1}, {"id": "RE_3549", "section": "Reasoning", "topic": "Syllogism", "difficulty": "moderate", "text": {"en": "[Reasoning/Syllogism] Sample exam-style question #3549: Choose the correct option."}, "options": {"en": ["Option A3549", "Option B3549", "Option C3549", "Option D3549"]}, "answerIndex": 1}, {"id": "GE_3599", "section": "General Awareness", "topic": "Current Affairs", "difficulty": "moderate", "text": {"en": "[General Awareness/Current Affairs] Sample exam-style question #3599: Choose the correct option."}, "options": {"en": ["Option A3599", "Option B3599", "Option C3599", "Option D3599"]}, "answerIndex": 3}, {"id": "MA_3507", "section": "Mathematics", "topic": "SI", "difficulty": "moderate", "text": {"en": "[Mathematics/SI] Sample exam-style question #3507: Choose the correct option."}, "options": {"en": ["Option A3507", "Option B3507", "Option C3507", "Option D3507"]}, "answerIndex": 3}, {"id": "MA_3513", "section": "Mathematics", "topic": "Ratio", "difficulty": "moderate", "text": {"en": "[Mathematics/Ratio] Sample exam-style question #3513: Choose the correct option."}, "options": {"en": ["Option A3513", "Option B3513", "Option C3513", "Option D3513"]}, "answerIndex": 1}, {"id": "MA_3511", "section": "Mathematics", "topic": "SI", "difficulty": "moderate", "text": {"en": "[Mathematics/SI] Sample exam-style question #3511: Choose the correct option."}, "options": {"en": ["Option A3511", "Option B3511", "Option C3511", "Option D3511"]}, "answerIndex": 3}, {"id": "GE_3570", "section": "General Awareness", "topic": "Economy", "difficulty": "moderate", "text": {"en": "[General Awareness/Economy] Sample exam-style question #3570: Choose the correct option."}, "options": {"en": ["Option A3570", "Option B3570", "Option C3570", "Option D3570"]}, "answerIndex": 2}, {"id": "RE_3532", "section": "Reasoning", "topic": "Direction", "difficulty": "moderate", "text": {"en": "[Reasoning/Direction] Sample exam-style question #3532: Choose the correct option."}, "options": {"en": ["Option A3532", "Option B3532", "Option C3532", "Option D3532"]}, "answerIndex": 0}, {"id": "GE_3561", "section": "General Awareness", "topic": "Geography", "difficulty": "moderate", "text": {"en": "[General Awareness/Geography] Sample exam-style question #3561: Choose the correct option."}, "options": {"en": ["Option A3561", "Option B3561", "Option C3561", "Option D3561"]}, "answerIndex": 1}, {"id": "GE_3592", "section": "General Awareness", "topic": "Geography", "difficulty": "moderate", "text": {"en": "[General Awareness/Geography] Sample exam-style question #3592: Choose the correct option."}, "options": {"en": ["Option A3592", "Option B3592", "Option C3592", "Option D3592"]}, "answerIndex": 0}, {"id": "MA_3515", "section": "Mathematics", "topic": "Ratio", "difficulty": "moderate", "text": {"en": "[Mathematics/Ratio] Sample exam-style question #3515: Choose the correct option."}, "options": {"en": ["Option A3515", "Option B3515", "Option C3515", "Option D3515"]}, "answerIndex": 3}, {"id": "RE_3550", "section": "Reasoning", "topic": "Syllogism", "difficulty": "moderate", "text": {"en": "[Reasoning/Syllogism] Sample exam-style question #3550: Choose the correct option."}, "options": {"en": ["Option A3550", "Option B3550", "Option C3550", "Option D3550"]}, "answerIndex": 2}, {"id": "GE_3588", "section": "General Awareness", "topic": "Science", "difficulty": "moderate", "text": {"en": "[General Awareness/Science] Sample exam-style question #3588: Choose the correct option."}, "options": {"en": ["Option A3588", "Option B3588", "Option C3588", "Option D3588"]}, "answerIndex": 0}, {"id": "RE_3557", "section": "Reasoning", "topic": "Direction", "difficulty": "moderate", "text": {"en": "[Reasoning/Direction] Sample exam-style question #3557: Choose the correct option."}, "options": {"en": ["Option A3557", "Option B3557", "Option C3557", "Option D3557"]}, "answerIndex": 1}, {"id": "GE_3574", "section": "General Awareness", "topic": "Polity", "difficulty": "moderate", "text": {"en": "[General Awareness/Polity] Sample exam-style question #3574: Choose the correct option."}, "options": {"en": ["Option A3574", "Option B3574", "Option C3574", "Option D3574"]}, "answerIndex": 2}, {"id": "MA_3518", "section": "Mathematics", "topic": "Time&Work", "difficulty": "moderate", "text": {"en": "[Mathematics/Time&Work] Sample exam-style question #3518: Choose the correct option."}, "options": {"en": ["Option A3518", "Option B3518", "Option C3518", "Option D3518"]}, "answerIndex": 2}, {"id": "MA_3516", "section": "Mathematics", "topic": "CI", "difficulty": "moderate", "text": {"en": "[Mathematics/CI] Sample exam-style question #3516: Choose the correct option."}, "options": {"en": ["Option A3516", "Option B3516", "Option C3516", "Option D3516"]}, "answerIndex": 0}, {"id": "GE_3583", "section": "General Awareness", "topic": "Current Affairs", "difficulty": "moderate", "text": {"en": "[General Awareness/Current Affairs] Sample exam-style question #3583: Choose the correct option."}, "options": {"en": ["Option A3583", "Option B3583", "Option C3583", "Option D3583"]}, "answerIndex": 3}, {"id": "GE_3572", "section": "General Awareness", "topic": "History", "difficulty": "moderate", "text": {"en": "[General Awareness/History] Sample exam-style question #3572: Choose the correct option."}, "options": {"en": ["Option A3572", "Option B3572", "Option C3572", "Option D3572"]}, "answerIndex": 0}, {"id": "RE_3553", "section": "Reasoning", "topic": "Series", "difficulty": "moderate", "text": {"en": "[Reasoning/Series] Sample exam-style question #3553: Choose the correct option."}, "options": {"en": ["Option A3553", "Option B3553", "Option C3553", "Option D3553"]}, "answerIndex": 1}, {"id": "RE_3558", "section": "Reasoning", "topic": "Syllogism", "difficulty": "moderate", "text": {"en": "[Reasoning/Syllogism] Sample exam-style question #3558: Choose the correct option."}, "options": {"en": ["Option A3558", "Option B3558", "Option C3558", "Option D3558"]}, "answerIndex": 2}, {"id": "MA_3524", "section": "Mathematics", "topic": "Percentage", "difficulty": "moderate", "text": {"en": "[Mathematics/Percentage] Sample exam-style question #3524: Choose the correct option."}, "options": {"en": ["Option A3524", "Option B3524", "Option C3524", "Option D3524"]}, "answerIndex": 0}, {"id": "GE_3600", "section": "General Awareness", "topic": "Economy", "difficulty": "moderate", "text": {"en": "[General Awareness/Economy] Sample exam-style question #3600: Choose the correct option."}, "options": {"en": ["Option A3600", "Option B3600", "Option C3600", "Option D3600"]}, "answerIndex": 0}, {"id": "MA_3506", "section": "Mathematics", "topic": "Percentage", "difficulty": "moderate", "text": {"en": "[Mathematics/Percentage] Sample exam-style question #3506: Choose the correct option."}, "options": {"en": ["Option A3506", "Option B3506", "Option C3506", "Option D3506"]}, "answerIndex": 2}, {"id": "MA_3530", "section": "Mathematics", "topic": "DI", "difficulty": "moderate", "text": {"en": "[Mathematics/DI] Sample exam-style question #3530: Choose the correct option."}, "options": {"en": ["Option A3530", "Option B3530", "Option C3530", "Option D3530"]}, "answerIndex": 2}, {"id": "GE_3565", "section": "General Awareness", "topic": "Current Affairs", "difficulty": "moderate", "text": {"en": "[General Awareness/Current Affairs] Sample exam-style question #3565: Choose the correct option."}, "options": {"en": ["Option A3565", "Option B3565", "Option C3565", "Option D3565"]}, "answerIndex": 1}, {"id": "GE_3563", "section": "General Awareness", "topic": "History", "difficulty": "moderate", "text": {"en": "[General Awareness/History] Sample exam-style question #3563: Choose the correct option."}, "options": {"en": ["Option A3563", "Option B3563", "Option C3563", "Option D3563"]}, "answerIndex": 3}, {"id": "RE_3551", "section": "Reasoning", "topic": "Direction", "difficulty": "moderate", "text": {"en": "[Reasoning/Direction] Sample exam-style question #3551: Choose the correct option."}, "options": {"en": ["Option A3551", "Option B3551", "Option C3551", "Option D3551"]}, "answerIndex": 3}, {"id": "RE_3556", "section": "Reasoning", "topic": "Syllogism", "difficulty": "moderate", "text": {"en": "[Reasoning/Syllogism] Sample exam-style question #3556: Choose the correct option."}, "options": {"en": ["Option A3556", "Option B3556", "Option C3556", "Option D3556"]}, "answerIndex": 0}, {"id": "RE_3552", "section": "Reasoning", "topic": "Coding", "difficulty": "moderate", "text": {"en": "[Reasoning/Coding] Sample exam-style question #3552: Choose the correct option."}, "options": {"en": ["Option A3552", "Option B3552", "Option C3552", "Option D3552"]}, "answerIndex": 0}, {"id": "RE_3555", "section": "Reasoning", "topic": "Direction", "difficulty": "moderate", "text": {"en": "[Reasoning/Direction] Sample exam-style question #3555: Choose the correct option."}, "options": {"en": ["Option A3555", "Option B3555", "Option C3555", "Option D3555"]}, "answerIndex": 3}, {"id": "RE_3535", "section": "Reasoning", "topic": "Direction", "difficulty": "moderate", "text": {"en": "[Reasoning/Direction] Sample exam-style question #3535: Choose the correct option."}, "options": {"en": ["Option A3535", "Option B3535", "Option C3535", "Option D3535"]}, "answerIndex": 3}, {"id": "MA_3521", "section": "Mathematics", "topic": "CI", "difficulty": "moderate", "text": {"en": "[Mathematics/CI] Sample exam-style question #3521: Choose the correct option."}, "options": {"en": ["Option A3521", "Option B3521", "Option C3521", "Option D3521"]}, "answerIndex": 1}, {"id": "GE_3573", "section": "General Awareness", "topic": "Geography", "difficulty": "moderate", "text": {"en": "[General Awareness/Geography] Sample exam-style question #3573: Choose the correct option."}, "options": {"en": ["Option A3573", "Option B3573", "Option C3573", "Option D3573"]}, "answerIndex": 1}, {"id": "GE_3589", "section": "General Awareness", "topic": "Current Affairs", "difficulty": "moderate", "text": {"en": "[General Awareness/Current Affairs] Sample exam-style question #3589: Choose the correct option."}, "options": {"en": ["Option A3589", "Option B3589", "Option C3589", "Option D3589"]}, "answerIndex": 1}, {"id": "GE_3596", "section": "General Awareness", "topic": "Geography", "difficulty": "moderate", "text": {"en": "[General Awareness/Geography] Sample exam-style question #3596: Choose the correct option."}, "options": {"en": ["Option A3596", "Option B3596", "Option C3596", "Option D3596"]}, "answerIndex": 0}, {"id": "GE_3576", "section": "General Awareness", "topic": "Geography", "difficulty": "moderate", "text": {"en": "[General Awareness/Geography] Sample exam-style question #3576: Choose the correct option."}, "options": {"en": ["Option A3576", "Option B3576", "Option C3576", "Option D3576"]}, "answerIndex": 0}, {"id": "MA_3508", "section": "Mathematics", "topic": "CI", "difficulty": "moderate", "text": {"en": "[Mathematics/CI] Sample exam-style question #3508: Choose the correct option."}, "options": {"en": ["Option A3508", "Option B3508", "Option C3508", "Option D3508"]}, "answerIndex": 0}, {"id": "RE_3560", "section": "Reasoning", "topic": "Series", "difficulty": "moderate", "text": {"en": "[Reasoning/Series] Sample exam-style question #3560: Choose the correct option."}, "options": {"en": ["Option A3560", "Option B3560", "Option C3560", "Option D3560"]}, "answerIndex": 0}, {"id": "MA_3504", "section": "Mathematics", "topic": "Percentage", "difficulty": "moderate", "text": {"en": "[Mathematics/Percentage] Sample exam-style question #3504: Choose the correct option."}, "options": {"en": ["Option A3504", "Option B3504", "Option C3504", "Option D3504"]}, "answerIndex": 0}, {"id": "MA_3502", "section": "Mathematics", "topic": "SI", "difficulty": "moderate", "text": {"en": "[Mathematics/SI] Sample exam-style question #3502: Choose the correct option."}, "options": {"en": ["Option A3502", "Option B3502", "Option C3502", "Option D3502"]}, "answerIndex": 2}, {"id": "GE_3568", "section": "General Awareness", "topic": "Science", "difficulty": "moderate", "text": {"en": "[General Awareness/Science] Sample exam-style question #3568: Choose the correct option."}, "options": {"en": ["Option A3568", "Option B3568", "Option C3568", "Option D3568"]}, "answerIndex": 0}, {"id": "MA_3520", "section": "Mathematics", "topic": "Time&Work", "difficulty": "moderate", "text": {"en": "[Mathematics/Time&Work] Sample exam-style question #3520: Choose the correct option."}, "options": {"en": ["Option A3520", "Option B3520", "Option C3520", "Option D3520"]}, "answerIndex": 0}, {"id": "RE_3542", "section": "Reasoning", "topic": "Puzzle", "difficulty": "moderate", "text": {"en": "[Reasoning/Puzzle] Sample exam-style question #3542: Choose the correct option."}, "options": {"en": ["Option A3542", "Option B3542", "Option C3542", "Option D3542"]}, "answerIndex": 2}, {"id": "GE_3581", "section": "General Awareness", "topic": "Geography", "difficulty": "moderate", "text": {"en": "[General Awareness/Geography] Sample exam-style question #3581: Choose the correct option."}, "options": {"en": ["Option A3581", "Option B3581", "Option C3581", "Option D3581"]}, "answerIndex": 1}, {"id": "MA_3528", "section": "Mathematics", "topic": "Time&Work", "difficulty": "moderate", "text": {"en": "[Mathematics/Time&Work] Sample exam-style question #3528: Choose the correct option."}, "options": {"en": ["Option A3528", "Option B3528", "Option C3528", "Option D3528"]}, "answerIndex": 0}, {"id": "RE_3548", "section": "Reasoning", "topic": "Syllogism", "difficulty": "moderate", "text": {"en": "[Reasoning/Syllogism] Sample exam-style question #3548: Choose the correct option."}, "options": {"en": ["Option A3548", "Option B3548", "Option C3548", "Option D3548"]}, "answerIndex": 0}, {"id": "RE_3539", "section": "Reasoning", "topic": "Puzzle", "difficulty": "moderate", "text": {"en": "[Reasoning/Puzzle] Sample exam-style question #3539: Choose the correct option."}, "options": {"en": ["Option A3539", "Option B3539", "Option C3539", "Option D3539"]}, "answerIndex": 3}, {"id": "MA_3523", "section": "Mathematics", "topic": "Percentage", "difficulty": "moderate", "text": {"en": "[Mathematics/Percentage] Sample exam-style question #3523: Choose the correct option."}, "options": {"en": ["Option A3523", "Option B3523", "Option C3523", "Option D3523"]}, "answerIndex": 3}, {"id": "GE_3598", "section": "General Awareness", "topic": "Current Affairs", "difficulty": "moderate", "text": {"en": "[General Awareness/Current Affairs] Sample exam-style question #3598: Choose the correct option."}, "options": {"en": ["Option A3598", "Option B3598", "Option C3598", "Option D3598"]}, "answerIndex": 2}, {"id": "MA_3503", "section": "Mathematics", "topic": "SI", "difficulty": "moderate", "text": {"en": "[Mathematics/SI] Sample exam-style question #3503: Choose the correct option."}, "options": {"en": ["Option A3503", "Option B3503", "Option C3503", "Option D3503"]}, "answerIndex": 3}, {"id": "GE_3578", "section": "General Awareness", "topic": "Economy", "difficulty": "moderate", "text": {"en": "[General Awareness/Economy] Sample exam-style question #3578: Choose the correct option."}, "options": {"en": ["Option A3578", "Option B3578", "Option C3578", "Option D3578"]}, "answerIndex": 2}, {"id": "GE_3575", "section": "General Awareness", "topic": "Economy", "difficulty": "moderate", "text": {"en": "[General Awareness/Economy] Sample exam-style question #3575: Choose the correct option."}, "options": {"en": ["Option A3575", "Option B3575", "Option C3575", "Option D3575"]}, "answerIndex": 3}, {"id": "MA_3517", "section": "Mathematics", "topic": "CI", "difficulty": "moderate", "text": {"en": "[Mathematics/CI] Sample exam-style question #3517: Choose the correct option."}, "options": {"en": ["Option A3517", "Option B3517", "Option C3517", "Option D3517"]}, "answerIndex": 1}, {"id": "RE_3533", "section": "Reasoning", "topic": "Series", "difficulty": "moderate", "text": {"en": "[Reasoning/Series] Sample exam-style question #3533: Choose the correct option."}, "options": {"en": ["Option A3533", "Option B3533", "Option C3533", "Option D3533"]}, "answerIndex": 1}, {"id": "GE_3562", "section": "General Awareness", "topic": "Geography", "difficulty": "moderate", "text": {"en": "[General Awareness/Geography] Sample exam-style question #3562: Choose the correct option."}, "options": {"en": ["Option A3562", "Option B3562", "Option C3562", "Option D3562"]}, "answerIndex": 2}, {"id": "RE_3534", "section": "Reasoning", "topic": "Syllogism", "difficulty": "moderate", "text": {"en": "[Reasoning/Syllogism] Sample exam-style question #3534: Choose the correct option."}, "options": {"en": ["Option A3534", "Option B3534", "Option C3534", "Option D3534"]}, "answerIndex": 2}, {"id": "GE_3566", "section": "General Awareness", "topic": "Economy", "difficulty": "moderate", "text": {"en": "[General Awareness/Economy] Sample exam-style question #3566: Choose the correct option."}, "options": {"en": ["Option A3566", "Option B3566", "Option C3566", "Option D3566"]}, "answerIndex": 2}, {"id": "GE_3577", "section": "General Awareness", "topic": "Science", "difficulty": "moderate", "text": {"en": "[General Awareness/Science] Sample exam-style question #3577: Choose the correct option."}, "options": {"en": ["Option A3577", "Option B3577", "Option C3577", "Option D3577"]}, "answerIndex": 1}, {"id": "MA_3514", "section": "Mathematics", "topic": "Percentage", "difficulty": "moderate", "text": {"en": "[Mathematics/Percentage] Sample exam-style question #3514: Choose the correct option."}, "options": {"en": ["Option A3514", "Option B3514", "Option C3514", "Option D3514"]}, "answerIndex": 2}, {"id": "GE_3580", "section": "General Awareness", "topic": "Economy", "difficulty": "moderate", "text": {"en": "[General Awareness/Economy] Sample exam-style question #3580: Choose the correct option."}, "options": {"en": ["Option A3580", "Option B3580", "Option C3580", "Option D3580"]}, "answerIndex": 0}, {"id": "RE_3543", "section": "Reasoning", "topic": "Coding", "difficulty": "moderate", "text": {"en": "[Reasoning/Coding] Sample exam-style question #3543: Choose the correct option."}, "options": {"en": ["Option A3543", "Option B3543", "Option C3543", "Option D3543"]}, "answerIndex": 3}, {"id": "RE_3546", "section": "Reasoning", "topic": "Coding", "difficulty": "moderate", "text": {"en": "[Reasoning/Coding] Sample exam-style question #3546: Choose the correct option."}, "options": {"en": ["Option A3546", "Option B3546", "Option C3546", "Option D3546"]}, "answerIndex": 2}, {"id": "MA_3501", "section": "Mathematics", "topic": "CI", "difficulty": "moderate", "text": {"en": "[Mathematics/CI] Sample exam-style question #3501: Choose the correct option."}, "options": {"en": ["Option A3501", "Option B3501", "Option C3501", "Option D3501"]}, "answerIndex": 1}, {"id": "MA_3519", "section": "Mathematics", "topic": "Time&Work", "difficulty": "moderate", "text": {"en": "[Mathematics/Time&Work] Sample exam-style question #3519: Choose the correct option."}, "options": {"en": ["Option A3519", "Option B3519", "Option C3519", "Option D3519"]}, "answerIndex": 3}, {"id": "RE_3559", "section": "Reasoning", "topic": "Direction", "difficulty": "moderate", "text": {"en": "[Reasoning/Direction] Sample exam-style question #3559: Choose the correct option."}, "options": {"en": ["Option A3559", "Option B3559", "Option C3559", "Option D3559"]}, "answerIndex": 3}, {"id": "RE_3547", "section": "Reasoning", "topic": "Coding", "difficulty": "moderate", "text": {"en": "[Reasoning/Coding] Sample exam-style question #3547: Choose the correct option."}, "options": {"en": ["Option A3547", "Option B3547", "Option C3547", "Option D3547"]}, "answerIndex": 3}, {"id": "MA_3510", "section": "Mathematics", "topic": "DI", "difficulty": "moderate", "text": {"en": "[Mathematics/DI] Sample exam-style question #3510: Choose the correct option."}, "options": {"en": ["Option A3510", "Option B3510", "Option C3510", "Option D3510"]}, "answerIndex": 2}, {"id": "MA_3505", "section": "Mathematics", "topic": "Percentage", "difficulty": "moderate", "text": {"en": "[Mathematics/Percentage] Sample exam-style question #3505: Choose the correct option."}, "options": {"en": ["Option A3505", "Option B3505", "Option C3505", "Option D3505"]}, "answerIndex": 1}, {"id": "MA_3509", "section": "Mathematics", "topic": "SI", "difficulty": "moderate", "text": {"en": "[Mathematics/SI] Sample exam-style question #3509: Choose the correct option."}, "options": {"en": ["Option A3509", "Option B3509", "Option C3509", "Option D3509"]}, "answerIndex": 1}, {"id": "GE_3593", "section": "General Awareness", "topic": "History", "difficulty": "moderate", "text": {"en": "[General Awareness/History] Sample exam-style question #3593: Choose the correct option."}, "options": {"en": ["Option A3593", "Option B3593", "Option C3593", "Option D3593"]}, "answerIndex": 1}, {"id": "MA_3512", "section": "Mathematics", "topic": "Percentage", "difficulty": "moderate", "text": {"en": "[Mathematics/Percentage] Sample exam-style question #3512: Choose the correct option."}, "options": {"en": ["Option A3512", "Option B3512", "Option C3512", "Option D3512"]}, "answerIndex": 0}, {"id": "GE_3585", "section": "General Awareness", "topic": "History", "difficulty": "moderate", "text": {"en": "[General Awareness/History] Sample exam-style question #3585: Choose the correct option."}, "options": {"en": ["Option A3585", "Option B3585", "Option C3585", "Option D3585"]}, "answerIndex": 1}, {"id": "GE_3594", "section": "General Awareness", "topic": "Economy", "difficulty": "moderate", "text": {"en": "[General Awareness/Economy] Sample exam-style question #3594: Choose the correct option."}, "options": {"en": ["Option A3594", "Option B3594", "Option C3594", "Option D3594"]}, "answerIndex": 2}, {"id": "GE_3590", "section": "General Awareness", "topic": "History", "difficulty": "moderate", "text": {"en": "[General Awareness/History] Sample exam-style question #3590: Choose the correct option."}, "options": {"en": ["Option A3590", "Option B3590", "Option C3590", "Option D3590"]}, "answerIndex": 2}, {"id": "RE_3554", "section": "Reasoning", "topic": "Coding", "difficulty": "moderate", "text": {"en": "[Reasoning/Coding] Sample exam-style question #3554: Choose the correct option."}, "options": {"en": ["Option A3554", "Option B3554", "Option C3554", "Option D3554"]}, "answerIndex": 2}]}