{"testId": "004", "questions": [{"id": "RE_0335", "section": "Reasoning", "topic": "Series", "difficulty": "moderate", "text": {"en": "[Reasoning/Series] Sample exam-style question #335: Choose the correct option."}, "options": {"en": ["Option A335", "Option B335", "Option C335", "Option D335"]}, "answerIndex": 3}, {"id": "GE_0372", "section": "General Awareness", "topic": "Polity", "difficulty": "moderate", "text": {"en": "[General Awareness/Polity] Sample exam-style question #372: Choose the correct option."}, "options": {"en": ["Option A372", "Option B372", "Option C372", "Option D372"]}, "answerIndex": 0}, {"id": "GE_0400", "section": "General Awareness", "topic": "History", "difficulty": "moderate", "text": {"en": "[General Awareness/History] Sample exam-style question #400: Choose the correct option."}, "options": {"en": ["Option A400", "Option B400", "Option C400", "Option D400"]}, "answerIndex": 0}, {"id": "RE_0334", "section": "Reasoning", "topic": "Direction", "difficulty": "moderate", "text": {"en": "[Reasoning/Direction] Sample exam-style question #334: Choose the correct option."}, "options": {"en": ["Option A334", "Option B334", "Option C334", "Option D334"]}, "answerIndex": 2}, {"id": "RE_0337", "section": "Reasoning", "topic": "Direction", "difficulty": "moderate", "text": {"en": "[Reasoning/Direction] Sample exam-style question #337: Choose the correct option."}, "options": {"en": ["Option A337", "Option B337", "Option C337", "Option D337"]}, "answerIndex": 1}, {"id": "RE_0347", "section": "Reasoning", "topic": "Analogy", "difficulty": "moderate", "text": {"en": "[Reasoning/Analogy] Sample exam-style question #347: Choose the correct option."}, "options": {"en": ["Option A347", "Option B347", "Option C347", "Option D347"]}, "answerIndex": 3}, {"id": "RE_0340", "section": "Reasoning", "topic": "Syllogism", "difficulty": "moderate", "text": {"en": "[Reasoning/Syllogism] Sample exam-style question #340: Choose the correct option."}, "options": {"en": ["Option A340", "Option B340", "Option C340", "Option D340"]}, "answerIndex": 0}, {"id": "MA_0306", "section": "Mathematics", "topic": "Ratio", "difficulty": "moderate", "text": {"en": "[Mathematics/Ratio] Sample exam-style question #306: Choose the correct option."}, "options": {"en": ["Option A306", "Option B306", "Option C306", "Option D306"]}, "answerIndex": 2}, {"id": "GE_0364", "section": "General Awareness", "topic": "Economy", "difficulty": "moderate", "text": {"en": "[General Awareness/Economy] Sample exam-style question #364: Choose the correct option."}, "options": {"en": ["Option A364", "Option B364", "Option C364", "Option D364"]}, "answerIndex": 0}, {"id": "MA_0303", "section": "Mathematics", "topic": "Ratio", "difficulty": "moderate", "text": {"en": "[Mathematics/Ratio] Sample exam-style question #303: Choose the correct option."}, "options": {"en": ["Option A303", "Option B303", "Option C303", "Option D303"]}, "answerIndex": 3}, {"id": "RE_0351", "section": "Reasoning", "topic": "Coding", "difficulty": "moderate", "text": {"en": "[Reasoning/Coding] Sample exam-style question #351: Choose the correct option."}, "options": {"en": ["Option A351", "Option B351", "Option C351", "Option D351"]}, "answerIndex": 3}, {"id": "GE_0390", "section": "General Awareness", "topic": "Science", "difficulty": "moderate", "text": {"en": "[General Awareness/Science] Sample exam-style question #390: Choose the correct option."}, "options": {"en": ["Option A390", "Option B390", "Option C390", "Option D390"]}, "answerIndex": 2}, {"id": "GE_0377", "section": "General Awareness", "topic": "Economy", "difficulty": "moderate", "text": {"en": "[General Awareness/Economy] Sample exam-style question #377: Choose the correct option."}, "options": {"en": ["Option A377", "Option B377", "Option C377", "Option D377"]}, "answerIndex": 1}, {"id": "GE_0392", "section": "General Awareness", "topic": "Geography", "difficulty": "moderate", "text": {"en": "[General Awareness/Geography] Sample exam-style question #392: Choose the correct option."}, "options": {"en": ["Option A392", "Option B392", "Option C392", "Option D392"]}, "answerIndex": 0}, {"id": "GE_0395", "section": "General Awareness", "topic": "Current Affairs", "difficulty": "moderate", "text": {"en": "[General Awareness/Current Affairs] Sample exam-style question #395: Choose the correct option."}, "options": {"en": ["Option A395", "Option B395", "Option C395", "Option D395"]}, "answerIndex": 3}, {"id": "RE_0360", "section": "Reasoning", "topic": "Syllogism", "difficulty": "moderate", "text": {"en": "[Reasoning/Syllogism] Sample exam-style question #360: Choose the correct option."}, "options": {"en": ["Option A360", "Option B360", "Option C360", "Option D360"]}, "answerIndex": 0}, {"id": "RE_0352", "section": "Reasoning", "topic": "Syllogism", "difficulty": "moderate", "text": {"en": "[Reasoning/Syllogism] Sample exam-style question #352: Choose the correct option."}, "options": {"en": ["Option A352", "Option B352", "Option C352", "Option D352"]}, "answerIndex": 0}, {"id": "MA_0324", "section": "Mathematics", "topic": "Percentage", "difficulty": "moderate", "text": {"en": "[Mathematics/Percentage] Sample exam-style question #324: Choose the correct option."}, "options": {"en": ["Option A324", "Option B324", "Option C324", "Option D324"]}, "answerIndex": 0}, {"id": "MA_0322", "section": "Mathematics", "topic": "Time&Work", "difficulty": "moderate", "text": {"en": "[Mathematics/Time&Work] Sample exam-style question #322: Choose the correct option."}, "options": {"en": ["Option A322", "Option B322", "Option C322", "Option D322"]}, "answerIndex": 2}, {"id": "GE_0387", "section": "General Awareness", "topic": "Current Affairs", "difficulty": "moderate", "text": {"en": "[General Awareness/Current Affairs] Sample exam-style question #387: Choose the correct option."}, "options": {"en": ["Option A387", "Option B387", "Option C387", "Option D387"]}, "answerIndex": 3}, {"id": "GE_0399", "section": "General Awareness", "topic": "Economy", "difficulty": "moderate", "text": {"en": "[General Awareness/Economy] Sample exam-style question #399: Choose the correct option."}, "options": {"en": ["Option A399", "Option B399", "Option C399", "Option D399"]}, "answerIndex": 3}, {"id": "GE_0373", "section": "General Awareness", "topic": "Science", "difficulty": "moderate", "text": {"en": "[General Awareness/Science] Sample exam-style question #373: Choose the correct option."}, "options": {"en": ["Option A373", "Option B373", "Option C373", "Option D373"]}, "answerIndex": 1}, {"id": "MA_0313", "section": "Mathematics", "topic": "Percentage", "difficulty": "moderate", "text": {"en": "[Mathematics/Percentage] Sample exam-style question #313: Choose the correct option."}, "options": {"en": ["Option A313", "Option B313", "Option C313", "Option D313"]}, "answerIndex": 1}, {"id": "MA_0321", "section": "Mathematics", "topic": "Speed", "difficulty": "moderate", "text": {"en": "[Mathematics/Speed] Sample exam-style question #321: Choose the correct option."}, "options": {"en": ["Option A321", "Option B321", "Option C321", "Option D321"]}, "answerIndex": 1}, {"id": "MA_0315", "section": "Mathematics", "topic": "DI", "difficulty": "moderate", "text": {"en": "[Mathematics/DI] Sample exam-style question #315: Choose the correct option."}, "options": {"en": ["Option A315", "Option B315", "Option C315", "Option D315"]}, "answerIndex": 3}, {"id": "RE_0333", "section": "Reasoning", "topic": "Coding", "difficulty": "moderate", "text": {"en": "[Reasoning/Coding] Sample exam-style question #333: Choose the correct option."}, "options": {"en": ["Option A333", "Option B333", "Option C333", "Option D333"]}, "answerIndex": 1}, {"id": "MA_0305", "section": "Mathematics", "topic": "CI", "difficulty": "moderate", "text": {"en": "[Mathematics/CI] Sample exam-style question #305: Choose the correct option."}, "options": {"en": ["Option A305", "Option B305", "Option C305", "Option D305"]}, "answerIndex": 1}, {"id": "GE_0363", "section": "General Awareness", "topic": "Science", "difficulty": "moderate", "text": {"en": "[General Awareness/Science] Sample exam-style question #363: Choose the correct option."}, "options": {"en": ["Option A363", "Option B363", "Option C363", "Option D363"]}, "answerIndex": 3}, {"id": "GE_0376", "section": "General Awareness", "topic": "History", "difficulty": "moderate", "text": {"en": "[General Awareness/History] Sample exam-style question #376: Choose the correct option."}, "options": {"en": ["Option A376", "Option B376", "Option C376", "Option D376"]}, "answerIndex": 0}, {"id": "GE_0385", "section": "General Awareness", "topic": "Polity", "difficulty": "moderate", "text": {"en": "[General Awareness/Polity] Sample exam-style question #385: Choose the correct option."}, "options": {"en": ["Option A385", "Option B385", "Option C385", "Option D385"]}, "answerIndex": 1}, {"id": "MA_0318", "section": "Mathematics", "topic": "Time&Work", "difficulty": "moderate", "text": {"en": "[Mathematics/Time&Work] Sample exam-style question #318: Choose the correct option."}, "options": {"en": ["Option A318", "Option B318", "Option C318", "Option D318"]}, "answerIndex": 2}, {"id": "MA_0323", "section": "Mathematics", "topic": "DI", "difficulty": "moderate", "text": {"en": "[Mathematics/DI] Sample exam-style question #323: Choose the correct option."}, "options": {"en": ["Option A323", "Option B323", "Option C323", "Option D323"]}, "answerIndex": 3}, {"id": "MA_0310", "section": "Mathematics", "topic": "CI", "difficulty": "moderate", "text": {"en": "[Mathematics/CI] Sample exam-style question #310: Choose the correct option."}, "options": {"en": ["Option A310", "Option B310", "Option C310", "Option D310"]}, "answerIndex": 2}, {"id": "RE_0341", "section": "Reasoning", "topic": "Direction", "difficulty": "moderate", "text": {"en": "[Reasoning/Direction] Sample exam-style question #341: Choose the correct option."}, "options": {"en": ["Option A341", "Option B341", "Option C341", "Option D341"]}, "answerIndex": 1}, {"id": "RE_0359", "section": "Reasoning", "topic": "Analogy", "difficulty": "moderate", "text": {"en": "[Reasoning/Analogy] Sample exam-style question #359: Choose the correct option."}, "options": {"en": ["Option A359", "Option B359", "Option C359", "Option D359"]}, "answerIndex": 3}, {"id": "RE_0349", "section": "Reasoning", "topic": "Direction", "difficulty": "moderate", "text": {"en": "[Reasoning/Direction] Sample exam-style question #349: Choose the correct option."}, "options": {"en": ["Option A349", "Option B349", "Option C349", "Option D349"]}, "answerIndex": 1}, {"id": "GE_0371", "section": "General Awareness", "topic": "History", "difficulty": "moderate", "text": {"en": "[General Awareness/History] Sample exam-style question #371: Choose the correct option."}, "options": {"en": ["Option A371", "Option B371", "Option C371", "Option D371"]}, "answerIndex": 3}, {"id": "GE_0381", "section": "General Awareness", "topic": "Science", "difficulty": "moderate", "text": {"en": "[General Awareness/Science] Sample exam-style question #381: Choose the correct option."}, "options": {"en": ["Option A381", "Option B381", "Option C381", "Option D381"]}, "answerIndex": 1}, {"id": "RE_0350", "section": "Reasoning", "topic": "Coding", "difficulty": "moderate", "text": {"en": "[Reasoning/Coding] Sample exam-style question #350: Choose the correct option."}, "options": {"en": ["Option A350", "Option B350", "Option C350", "Option D350"]}, "answerIndex": 2}, {"id": "GE_0383", "section": "General Awareness", "topic": "Polity", "difficulty": "moderate", "text": {"en": "[General Awareness/Polity] Sample exam-style question #383: Choose the correct option."}, "options": {"en": ["Option A383", "Option B383", "Option C383", "Option D383"]}, "answerIndex": 3}, {"id": "MA_0330", "section": "Mathematics", "topic": "CI", "difficulty": "moderate", "text": {"en": "[Mathematics/CI] Sample exam-style question #330: Choose the correct option."}, "options": {"en": ["Option A330", "Option B330", "Option C330", "Option D330"]}, "answerIndex": 2}, {"id": "GE_0361", "section": "General Awareness", "topic": "Polity", "difficulty": "moderate", "text": {"en": "[General Awareness/Polity] Sample exam-style question #361: Choose the correct option."}, "options": {"en": ["Option A361", "Option B361", "Option C361", "Option D361"]}, "answerIndex": 1}, {"id": "MA_0311", "section": "Mathematics", "topic": "Ratio", "difficulty": "moderate", "text": {"en": "[Mathematics/Ratio] Sample exam-style question #311: Choose the correct option."}, "options": {"en": ["Option A311", "Option B311", "Option C311", "Option D311"]}, "answerIndex": 3}, {"id": "RE_0353", "section": "Reasoning", "topic": "Coding", "difficulty": "moderate", "text": {"en": "[Reasoning/Coding] Sample exam-style question #353: Choose the correct option."}, "options": {"en": ["Option A353", "Option B353", "Option C353", "Option D353"]}, "answerIndex": 1}, {"id": "MA_0326", "section": "Mathematics", "topic": "DI", "difficulty": "moderate", "text": {"en": "[Mathematics/DI] Sample exam-style question #326: Choose the correct option."}, "options": {"en": ["Option A326", "Option B326", "Option C326", "Option D326"]}, "answerIndex": 2}, {"id": "GE_0388", "section": "General Awareness", "topic": "Science", "difficulty": "moderate", "text": {"en": "[General Awareness/Science] Sample exam-style question #388: Choose the correct option."}, "options": {"en": ["Option A388", "Option B388", "Option C388", "Option D388"]}, "answerIndex": 0}, {"id": "MA_0328", "section": "Mathematics", "topic": "Ratio", "difficulty": "moderate", "text": {"en": "[Mathematics/Ratio] Sample exam-style question #328: Choose the correct option."}, "options": {"en": ["Option A328", "Option B328", "Option C328", "Option D328"]}, "answerIndex": 0}, {"id": "RE_0332", "section": "Reasoning", "topic": "Direction", "difficulty": "moderate", "text": {"en": "[Reasoning/Direction] Sample exam-style question #332: Choose the correct option."}, "options": {"en": ["Option A332", "Option B332", "Option C332", "Option D332"]}, "answerIndex": 0}, {"id": "RE_0343", "section": "Reasoning", "topic": "Direction", "difficulty": "moderate", "text": {"en": "[Reasoning/Direction] Sample exam-style question #343: Choose the correct option."}, "options": {"en": ["Option A343", "Option B343", "Option C343", "Option D343"]}, "answerIndex": 3}, {"id": "GE_0375", "section": "General Awareness", "topic": "Current Affairs", "difficulty": "moderate", "text": {"en": "[General Awareness/Current Affairs] Sample exam-style question #375: Choose the correct option."}, "options": {"en": ["Option A375", "Option B375", "Option C375", "Option D375"]}, "answerIndex": 3}, {"id": "RE_0346", "section": "Reasoning", "topic": "Puzzle", "difficulty": "moderate", "text": {"en": "[Reasoning/Puzzle] Sample exam-style question #346: Choose the correct option."}, "options": {"en": ["Option A346", "Option B346", "Option C346", "Option D346"]}, "answerIndex": 2}, {"id": "GE_0396", "section": "General Awareness", "topic": "Geography", "difficulty": "moderate", "text": {"en": "[General Awareness/Geography] Sample exam-style question #396: Choose the correct option."}, "options": {"en": ["Option A396", "Option B396", "Option C396", "Option D396"]}, "answerIndex": 0}, {"id": "MA_0329", "section": "Mathematics", "topic": "Ratio", "difficulty": "moderate", "text": {"en": "[Mathematics/Ratio] Sample exam-style question #329: Choose the correct option."}, "options": {"en": ["Option A329", "Option B329", "Option C329", "Option D329"]}, "answerIndex": 1}, {"id": "GE_0397", "section": "General Awareness", "topic": "History", "difficulty": "moderate", "text": {"en": "[General Awareness/History] Sample exam-style question #397: Choose the correct option."}, "options": {"en": ["Option A397", "Option B397", "Option C397", "Option D397"]}, "answerIndex": 1}, {"id": "GE_0391", "section": "General Awareness", "topic": "Geography", "difficulty": "moderate", "text": {"en": "[General Awareness/Geography] Sample exam-style question #391: Choose the correct option."}, "options": {"en": ["Option A391", "Option B391", "Option C391", "Option D391"]}, "answerIndex": 3}, {"id": "RE_0345", "section": "Reasoning", "topic": "Analogy", "difficulty": "moderate", "text": {"en": "[Reasoning/Analogy] Sample exam-style question #345: Choose the correct option."}, "options": {"en": ["Option A345", "Option B345", "Option C345", "Option D345"]}, "answerIndex": 1}, {"id": "RE_0357", "section": "Reasoning", "topic": "Puzzle", "difficulty": "moderate", "text": {"en": "[Reasoning/Puzzle] Sample exam-style question #357: Choose the correct option."}, "options": {"en": ["Option A357", "Option B357", "Option C357", "Option D357"]}, "answerIndex": 1}, {"id": "GE_0368", "section": "General Awareness", "topic": "Polity", "difficulty": "moderate", "text": {"en": "[General Awareness/Polity] Sample exam-style question #368: Choose the correct option."}, "options": {"en": ["Option A368", "Option B368", "Option C368", "Option D368"]}, "answerIndex": 0}, {"id": "GE_0374", "section": "General Awareness", "topic": "Polity", "difficulty": "moderate", "text": {"en": "[General Awareness/Polity] Sample exam-style question #374: Choose the correct option."}, "options": {"en": ["Option A374", "Option B374", "Option C374", "Option D374"]}, "answerIndex": 2}, {"id": "RE_0358", "section": "Reasoning", "topic": "Series", "difficulty": "moderate", "text": {"en": "[Reasoning/Series] Sample exam-style question #358: Choose the correct option."}, "options": {"en": ["Option A358", "Option B358", "Option C358", "Option D358"]}, "answerIndex": 2}, {"id": "GE_0367", "section": "General Awareness", "topic": "History", "difficulty": "moderate", "text": {"en": "[General Awareness/History] Sample exam-style question #367: Choose the correct option."}, "options": {"en": ["Option A367", "Option B367", "Option C367", "Option D367"]}, "answerIndex": 3}, {"id": "MA_0302", "section": "Mathematics", "topic": "Ratio", "difficulty": "moderate", "text": {"en": "[Mathematics/Ratio] Sample exam-style question #302: Choose the correct option."}, "options": {"en": ["Option A302", "Option B302", "Option C302", "Option D302"]}, "answerIndex": 2}, {"id": "RE_0336", "section": "Reasoning", "topic": "Coding", "difficulty": "moderate", "text": {"en": "[Reasoning/Coding] Sample exam-style question #336: Choose the correct option."}, "options": {"en": ["Option A336", "Option B336", "Option C336", "Option D336"]}, "answerIndex": 0}, {"id": "RE_0338", "section": "Reasoning", "topic": "Series", "difficulty": "moderate", "text": {"en": "[Reasoning/Series] Sample exam-style question #338: Choose the correct option."}, "options": {"en": ["Option A338", "Option B338", "Option C338", "Option D338"]}, "answerIndex": 2}, {"id": "MA_0307", "section": "Mathematics", "topic": "CI", "difficulty": "moderate", "text": {"en": "[Mathematics/CI] Sample exam-style question #307: Choose the correct option."}, "options": {"en": ["Option A307", "Option B307", "Option C307", "Option D307"]}, "answerIndex": 3}, {"id": "GE_0362", "section": "General Awareness", "topic": "Polity", "difficulty": "moderate", "text": {"en": "[General Awareness/Polity] Sample exam-style question #362: Choose the correct option."}, "options": {"en": ["Option A362", "Option B362", "Option C362", "Option D362"]}, "answerIndex": 2}, {"id": "GE_0369", "section": "General Awareness", "topic": "Science", "difficulty": "moderate", "text": {"en": "[General Awareness/Science] Sample exam-style question #369: Choose the correct option."}, "options": {"en": ["Option A369", "Option B369", "Option C369", "Option D369"]}, "answerIndex": 1}, {"id": "RE_0355", "section": "Reasoning", "topic": "Puzzle", "difficulty": "moderate", "text": {"en": "[Reasoning/Puzzle] Sample exam-style question #355: Choose the correct option."}, "options": {"en": ["Option A355", "Option B355", "Option C355", "Option D355"]}, "answerIndex": 3}, {"id": "MA_0316", "section": "Mathematics", "topic": "DI", "difficulty": "moderate", "text": {"en": "[Mathematics/DI] Sample exam-style question #316: Choose the correct option."}, "options": {"en": ["Option A316", "Option B316", "Option C316", "Option D316"]}, "answerIndex": 0}, {"id": "GE_0378", "section": "General Awareness", "topic": "Polity", "difficulty": "moderate", "text": {"en": "[General Awareness/Polity] Sample exam-style question #378: Choose the correct option."}, "options": {"en": ["Option A378", "Option B378", "Option C378", "Option D378"]}, "answerIndex": 2}, {"id": "RE_0339", "section": "Reasoning", "topic": "Direction", "difficulty": "moderate", "text": {"en": "[Reasoning/Direction] Sample exam-style question #339: Choose the correct option."}, "options": {"en": ["Option A339", "Option B339", "Option C339", "Option D339"]}, "answerIndex": 3}, {"id": "RE_0356", "section": "Reasoning", "topic": "Analogy", "difficulty": "moderate", "text": {"en": "[Reasoning/Analogy] Sample exam-style question #356: Choose the correct option."}, "options": {"en": ["Option A356", "Option B356", "Option C356", "Option D356"]}, "answerIndex": 0}, {"id": "RE_0342", "section": "Reasoning", "topic": "Syllogism", "difficulty": "moderate", "text": {"en": "[Reasoning/Syllogism] Sample exam-style question #342: Choose the correct option."}, "options": {"en": ["Option A342", "Option B342", "Option C342", "Option D342"]}, "answerIndex": 2}, {"id": "GE_0398", "section": "General Awareness", "topic": "Geography", "difficulty": "moderate", "text": {"en": "[General Awareness/Geography] Sample exam-style question #398: Choose the correct option."}, "options": {"en": ["Option A398", "Option B398", "Option C398", "Option D398"]}, "answerIndex": 2}, {"id": "MA_0312", "section": "Mathematics", "topic": "DI", "difficulty": "moderate", "text": {"en": "[Mathematics/DI] Sample exam-style question #312: Choose the correct option."}, "options": {"en": ["Option A312", "Option B312", "Option C312", "Option D312"]}, "answerIndex": 0}, {"id": "GE_0394", "section": "General Awareness", "topic": "Current Affairs", "difficulty": "moderate", "text": {"en": "[General Awareness/Current Affairs] Sample exam-style question #394: Choose the correct option."}, "options": {"en": ["Option A394", "Option B394", "Option C394", "Option D394"]}, "answerIndex": 2}, {"id": "MA_0317", "section": "Mathematics", "topic": "DI", "difficulty": "moderate", "text": {"en": "[Mathematics/DI] Sample exam-style question #317: Choose the correct option."}, "options": {"en": ["Option A317", "Option B317", "Option C317", "Option D317"]}, "answerIndex": 1}, {"id": "MA_0304", "section": "Mathematics", "topic": "Time&Work", "difficulty": "moderate", "text": {"en": "[Mathematics/Time&Work] Sample exam-style question #304: Choose the correct option."}, "options": {"en": ["Option A304", "Option B304", "Option C304", "Option D304"]}, "answerIndex": 0}, {"id": "MA_0319", "section": "Mathematics", "topic": "Percentage", "difficulty": "moderate", "text": {"en": "[Mathematics/Percentage] Sample exam-style question #319: Choose the correct option."}, "options": {"en": ["Option A319", "Option B319", "Option C319", "Option D319"]}, "answerIndex": 3}, {"id": "MA_0301", "section": "Mathematics", "topic": "Ratio", "difficulty": "moderate", "text": {"en": "[Mathematics/Ratio] Sample exam-style question #301: Choose the correct option."}, "options": {"en": ["Option A301", "Option B301", "Option C301", "Option D301"]}, "answerIndex": 1}, {"id": "RE_0331", "section": "Reasoning", "topic": "Direction", "difficulty": "moderate", "text": {"en": "[Reasoning/Direction] Sample exam-style question #331: Choose the correct option."}, "options": {"en": ["Option A331", "Option B331", "Option C331", "Option D331"]}, "answerIndex": 3}, {"id": "GE_0365", "section": "General Awareness", "topic": "Science", "difficulty": "moderate", "text": {"en": "[General Awareness/Science] Sample exam-style question #365: Choose the correct option."}, "options": {"en": ["Option A365", "Option B365", "Option C365", "Option D365"]}, "answerIndex": 1}, {"id": "MA_0309", "section": "Mathematics", "topic": "SI", "difficulty": "moderate", "text": {"en": "[Mathematics/SI] Sample exam-style question #309: Choose the correct option."}, "options": {"en": ["Option A309", "Option B309", "Option C309", "Option D309"]}, "answerIndex": 1}, {"id": "RE_0348", "section": "Reasoning", "topic": "Analogy", "difficulty": "moderate", "text": {"en": "[Reasoning/Analogy] Sample exam-style question #348: Choose the correct option."}, "options": {"en": ["Option A348", "Option B348", "Option C348", "Option D348"]}, "answerIndex": 0}, {"id": "GE_0380", "section": "General Awareness", "topic": "History", "difficulty": "moderate", "text": {"en": "[General Awareness/History] Sample exam-style question #380: Choose the correct option."}, "options": {"en": ["Option A380", "Option B380", "Option C380", "Option D380"]}, "answerIndex": 0}, {"id": "MA_0320", "section": "Mathematics", "topic": "Percentage", "difficulty": "moderate", "text": {"en": "[Mathematics/Percentage] Sample exam-style question #320: Choose the correct option."}, "options": {"en": ["Option A320", "Option B320", "Option C320", "Option D320"]}, "answerIndex": 0}, {"id": "MA_0308", "section": "Mathematics", "topic": "Ratio", "difficulty": "moderate", "text": {"en": "[Mathematics/Ratio] Sample exam-style question #308: Choose the correct option."}, "options": {"en": ["Option A308", "Option B308", "Option C308", "Option D308"]}, "answerIndex": 0}, {"id": "GE_0384", "section": "General Awareness", "topic": "Science", "difficulty": "moderate", "text": {"en": "[General Awareness/Science] Sample exam-style question #384: Choose the correct option."}, "options": {"en": ["Option A384", "Option B384", "Option C384", "Option D384"]}, "answerIndex": 0}, {"id": "RE_0344", "section": "Reasoning", "topic": "Analogy", "difficulty": "moderate", "text": {"en": "[Reasoning/Analogy] Sample exam-style question #344: Choose the correct option."}, "options": {"en": ["Option A344", "Option B344", "Option C344", "Option D344"]}, "answerIndex": 0}, {"id": "MA_0327", "section": "Mathematics", "topic": "DI", "difficulty": "moderate", "text": {"en": "[Mathematics/DI] Sample exam-style question #327: Choose the correct option."}, "options": {"en": ["Option A327", "Option B327", "Option C327", "Option D327"]}, "answerIndex": 3}, {"id": "MA_0325", "section": "Mathematics", "topic": "Percentage", "difficulty": "moderate", "text": {"en": "[Mathematics/Percentage] Sample exam-style question #325: Choose the correct option."}, "options": {"en": ["Option A325", "Option B325", "Option C325", "Option D325"]}, "answerIndex": 1}, {"id": "GE_0382", "section": "General Awareness", "topic": "Science", "difficulty": "moderate", "text": {"en": "[General Awareness/Science] Sample exam-style question #382: Choose the correct option."}, "options": {"en": ["Option A382", "Option B382", "Option C382", "Option D382"]}, "answerIndex": 2}, {"id": "GE_0366", "section": "General Awareness", "topic": "Science", "difficulty": "moderate", "text": {"en": "[General Awareness/Science] Sample exam-style question #366: Choose the correct option."}, "options": {"en": ["Option A366", "Option B366", "Option C366", "Option D366"]}, "answerIndex": 2}, {"id": "GE_0386", "section": "General Awareness", "topic": "Economy", "difficulty": "moderate", "text": {"en": "[General Awareness/Economy] Sample exam-style question #386: Choose the correct option."}, "options": {"en": ["Option A386", "Option B386", "Option C386", "Option D386"]}, "answerIndex": 2}, {"id": "GE_0389", "section": "General Awareness", "topic": "Science", "difficulty": "moderate", "text": {"en": "[General Awareness/Science] Sample exam-style question #389: Choose the correct option."}, "options": {"en": ["Option A389", "Option B389", "Option C389", "Option D389"]}, "answerIndex": 1}, {"id": "GE_0370", "section": "General Awareness", "topic": "Polity", "difficulty": "moderate", "text": {"en": "[General Awareness/Polity] Sample exam-style question #370: Choose the correct option."}, "options": {"en": ["Option A370", "Option B370", "Option C370", "Option D370"]}, "answerIndex": 2}, {"id": "GE_0379", "section": "General Awareness", "topic": "Science", "difficulty": "moderate", "text": {"en": "[General Awareness/Science] Sample exam-style question #379: Choose the correct option."}, "options": {"en": ["Option A379", "Option B379", "Option C379", "Option D379"]}, "answerIndex": 3}, {"id": "GE_0393", "section": "General Awareness", "topic": "History", "difficulty": "moderate", "text": {"en": "[General Awareness/History] Sample exam-style question #393: Choose the correct option."}, "options": {"en": ["Option A393", "Option B393", "Option C393", "Option D393"]}, "answerIndex": 1}, {"id": "MA_0314", "section": "Mathematics", "topic": "CI", "difficulty": "moderate", "text": {"en": "[Mathematics/CI] Sample exam-style question #314: Choose the correct option."}, "options": {"en": ["Option A314", "Option B314", "Option C314", "Option D314"]}, "answerIndex": 2}, {"id": "RE_0354", "section": "Reasoning", "topic": "Series", "difficulty": "moderate", "text": {"en": "[Reasoning/Series] Sample exam-style question #354: Choose the correct option."}, "options": {"en": ["Option A354", "Option B354", "Option C354", "Option D354"]}, "answerIndex": 2}]}