{"testId": "006", "questions": [{"id": "MA_0529", "section": "Mathematics", "topic": "DI", "difficulty": "moderate", "text": {"en": "[Mathematics/DI] Sample exam-style question #529: Choose the correct option."}, "options": {"en": ["Option A529", "Option B529", "Option C529", "Option D529"]}, "answerIndex": 1}, {"id": "GE_0584", "section": "General Awareness", "topic": "Current Affairs", "difficulty": "moderate", "text": {"en": "[General Awareness/Current Affairs] Sample exam-style question #584: Choose the correct option."}, "options": {"en": ["Option A584", "Option B584", "Option C584", "Option D584"]}, "answerIndex": 0}, {"id": "RE_0556", "section": "Reasoning", "topic": "Syllogism", "difficulty": "moderate", "text": {"en": "[Reasoning/Syllogism] Sample exam-style question #556: Choose the correct option."}, "options": {"en": ["Option A556", "Option B556", "Option C556", "Option D556"]}, "answerIndex": 0}, {"id": "GE_0586", "section": "General Awareness", "topic": "Current Affairs", "difficulty": "moderate", "text": {"en": "[General Awareness/Current Affairs] Sample exam-style question #586: Choose the correct option."}, "options": {"en": ["Option A586", "Option B586", "Option C586", "Option D586"]}, "answerIndex": 2}, {"id": "RE_0553", "section": "Reasoning", "topic": "Direction", "difficulty": "moderate", "text": {"en": "[Reasoning/Direction] Sample exam-style question #553: Choose the correct option."}, "options": {"en": ["Option A553", "Option B553", "Option C553", "Option D553"]}, "answerIndex": 1}, {"id": "GE_0566", "section": "General Awareness", "topic": "Economy", "difficulty": "moderate", "text": {"en": "[General Awareness/Economy] Sample exam-style question #566: Choose the correct option."}, "options": {"en": ["Option A566", "Option B566", "Option C566", "Option D566"]}, "answerIndex": 2}, {"id": "MA_0522", "section": "Mathematics", "topic": "Speed", "difficulty": "moderate", "text": {"en": "[Mathematics/Speed] Sample exam-style question #522: Choose the correct option."}, "options": {"en": ["Option A522", "Option B522", "Option C522", "Option D522"]}, "answerIndex": 2}, {"id": "RE_0559", "section": "Reasoning", "topic": "Syllogism", "difficulty": "moderate", "text": {"en": "[Reasoning/Syllogism] Sample exam-style question #559: Choose the correct option."}, "options": {"en": ["Option A559", "Option B559", "Option C559", "Option D559"]}, "answerIndex": 3}, {"id": "GE_0589", "section": "General Awareness", "topic": "History", "difficulty": "moderate", "text": {"en": "[General Awareness/History] Sample exam-style question #589: Choose the correct option."}, "options": {"en": ["Option A589", "Option B589", "Option C589", "Option D589"]}, "answerIndex": 1}, {"id": "MA_0514", "section": "Mathematics", "topic": "CI", "difficulty": "moderate", "text": {"en": "[Mathematics/CI] Sample exam-style question #514: Choose the correct option."}, "options": {"en": ["Option A514", "Option B514", "Option C514", "Option D514"]}, "answerIndex": 2}, {"id": "RE_0531", "section": "Reasoning", "topic": "Series", "difficulty": "moderate", "text": {"en": "[Reasoning/Series] Sample exam-style question #531: Choose the correct option."}, "options": {"en": ["Option A531", "Option B531", "Option C531", "Option D531"]}, "answerIndex": 3}, {"id": "RE_0532", "section": "Reasoning", "topic": "Direction", "difficulty": "moderate", "text": {"en": "[Reasoning/Direction] Sample exam-style question #532: Choose the correct option."}, "options": {"en": ["Option A532", "Option B532", "Option C532", "Option D532"]}, "answerIndex": 0}, {"id": "GE_0568", "section": "General Awareness", "topic": "Current Affairs", "difficulty": "moderate", "text": {"en": "[General Awareness/Current Affairs] Sample exam-style question #568: Choose the correct option."}, "options": {"en": ["Option A568", "Option B568", "Option C568", "Option D568"]}, "answerIndex": 0}, {"id": "GE_0583", "section": "General Awareness", "topic": "Science", "difficulty": "moderate", "text": {"en": "[General Awareness/Science] Sample exam-style question #583: Choose the correct option."}, "options": {"en": ["Option A583", "Option B583", "Option C583", "Option D583"]}, "answerIndex": 3}, {"id": "RE_0533", "section": "Reasoning", "topic": "Series", "difficulty": "moderate", "text": {"en": "[Reasoning/Series] Sample exam-style question #533: Choose the correct option."}, "options": {"en": ["Option A533", "Option B533", "Option C533", "Option D533"]}, "answerIndex": 1}, {"id": "MA_0521", "section": "Mathematics", "topic": "DI", "difficulty": "moderate", "text": {"en": "[Mathematics/DI] Sample exam-style question #521: Choose the correct option."}, "options": {"en": ["Option A521", "Option B521", "Option C521", "Option D521"]}, "answerIndex": 1}, {"id": "MA_0518", "section": "Mathematics", "topic": "SI", "difficulty": "moderate", "text": {"en": "[Mathematics/SI] Sample exam-style question #518: Choose the correct option."}, "options": {"en": ["Option A518", "Option B518", "Option C518", "Option D518"]}, "answerIndex": 2}, {"id": "MA_0515", "section": "Mathematics", "topic": "Percentage", "difficulty": "moderate", "text": {"en": "[Mathematics/Percentage] Sample exam-style question #515: Choose the correct option."}, "options": {"en": ["Option A515", "Option B515", "Option C515", "Option D515"]}, "answerIndex": 3}, {"id": "RE_0551", "section": "Reasoning", "topic": "Analogy", "difficulty": "moderate", "text": {"en": "[Reasoning/Analogy] Sample exam-style question #551: Choose the correct option."}, "options": {"en": ["Option A551", "Option B551", "Option C551", "Option D551"]}, "answerIndex": 3}, {"id": "MA_0523", "section": "Mathematics", "topic": "DI", "difficulty": "moderate", "text": {"en": "[Mathematics/DI] Sample exam-style question #523: Choose the correct option."}, "options": {"en": ["Option A523", "Option B523", "Option C523", "Option D523"]}, "answerIndex": 3}, {"id": "MA_0503", "section": "Mathematics", "topic": "DI", "difficulty": "moderate", "text": {"en": "[Mathematics/DI] Sample exam-style question #503: Choose the correct option."}, "options": {"en": ["Option A503", "Option B503", "Option C503", "Option D503"]}, "answerIndex": 3}, {"id": "RE_0548", "section": "Reasoning", "topic": "Series", "difficulty": "moderate", "text": {"en": "[Reasoning/Series] Sample exam-style question #548: Choose the correct option."}, "options": {"en": ["Option A548", "Option B548", "Option C548", "Option D548"]}, "answerIndex": 0}, {"id": "GE_0569", "section": "General Awareness", "topic": "Geography", "difficulty": "moderate", "text": {"en": "[General Awareness/Geography] Sample exam-style question #569: Choose the correct option."}, "options": {"en": ["Option A569", "Option B569", "Option C569", "Option D569"]}, "answerIndex": 1}, {"id": "GE_0599", "section": "General Awareness", "topic": "Current Affairs", "difficulty": "moderate", "text": {"en": "[General Awareness/Current Affairs] Sample exam-style question #599: Choose the correct option."}, "options": {"en": ["Option A599", "Option B599", "Option C599", "Option D599"]}, "answerIndex": 3}, {"id": "RE_0555", "section": "Reasoning", "topic": "Puzzle", "difficulty": "moderate", "text": {"en": "[Reasoning/Puzzle] Sample exam-style question #555: Choose the correct option."}, "options": {"en": ["Option A555", "Option B555", "Option C555", "Option D555"]}, "answerIndex": 3}, {"id": "RE_0554", "section": "Reasoning", "topic": "Analogy", "difficulty": "moderate", "text": {"en": "[Reasoning/Analogy] Sample exam-style question #554: Choose the correct option."}, "options": {"en": ["Option A554", "Option B554", "Option C554", "Option D554"]}, "answerIndex": 2}, {"id": "MA_0519", "section": "Mathematics", "topic": "DI", "difficulty": "moderate", "text": {"en": "[Mathematics/DI] Sample exam-style question #519: Choose the correct option."}, "options": {"en": ["Option A519", "Option B519", "Option C519", "Option D519"]}, "answerIndex": 3}, {"id": "RE_0543", "section": "Reasoning", "topic": "Analogy", "difficulty": "moderate", "text": {"en": "[Reasoning/Analogy] Sample exam-style question #543: Choose the correct option."}, "options": {"en": ["Option A543", "Option B543", "Option C543", "Option D543"]}, "answerIndex": 3}, {"id": "GE_0581", "section": "General Awareness", "topic": "Polity", "difficulty": "moderate", "text": {"en": "[General Awareness/Polity] Sample exam-style question #581: Choose the correct option."}, "options": {"en": ["Option A581", "Option B581", "Option C581", "Option D581"]}, "answerIndex": 1}, {"id": "MA_0516", "section": "Mathematics", "topic": "Ratio", "difficulty": "moderate", "text": {"en": "[Mathematics/Ratio] Sample exam-style question #516: Choose the correct option."}, "options": {"en": ["Option A516", "Option B516", "Option C516", "Option D516"]}, "answerIndex": 0}, {"id": "RE_0560", "section": "Reasoning", "topic": "Coding", "difficulty": "moderate", "text": {"en": "[Reasoning/Coding] Sample exam-style question #560: Choose the correct option."}, "options": {"en": ["Option A560", "Option B560", "Option C560", "Option D560"]}, "answerIndex": 0}, {"id": "GE_0587", "section": "General Awareness", "topic": "Current Affairs", "difficulty": "moderate", "text": {"en": "[General Awareness/Current Affairs] Sample exam-style question #587: Choose the correct option."}, "options": {"en": ["Option A587", "Option B587", "Option C587", "Option D587"]}, "answerIndex": 3}, {"id": "GE_0579", "section": "General Awareness", "topic": "Current Affairs", "difficulty": "moderate", "text": {"en": "[General Awareness/Current Affairs] Sample exam-style question #579: Choose the correct option."}, "options": {"en": ["Option A579", "Option B579", "Option C579", "Option D579"]}, "answerIndex": 3}, {"id": "GE_0580", "section": "General Awareness", "topic": "Economy", "difficulty": "moderate", "text": {"en": "[General Awareness/Economy] Sample exam-style question #580: Choose the correct option."}, "options": {"en": ["Option A580", "Option B580", "Option C580", "Option D580"]}, "answerIndex": 0}, {"id": "GE_0575", "section": "General Awareness", "topic": "Science", "difficulty": "moderate", "text": {"en": "[General Awareness/Science] Sample exam-style question #575: Choose the correct option."}, "options": {"en": ["Option A575", "Option B575", "Option C575", "Option D575"]}, "answerIndex": 3}, {"id": "MA_0524", "section": "Mathematics", "topic": "Speed", "difficulty": "moderate", "text": {"en": "[Mathematics/Speed] Sample exam-style question #524: Choose the correct option."}, "options": {"en": ["Option A524", "Option B524", "Option C524", "Option D524"]}, "answerIndex": 0}, {"id": "MA_0509", "section": "Mathematics", "topic": "DI", "difficulty": "moderate", "text": {"en": "[Mathematics/DI] Sample exam-style question #509: Choose the correct option."}, "options": {"en": ["Option A509", "Option B509", "Option C509", "Option D509"]}, "answerIndex": 1}, {"id": "MA_0511", "section": "Mathematics", "topic": "DI", "difficulty": "moderate", "text": {"en": "[Mathematics/DI] Sample exam-style question #511: Choose the correct option."}, "options": {"en": ["Option A511", "Option B511", "Option C511", "Option D511"]}, "answerIndex": 3}, {"id": "RE_0544", "section": "Reasoning", "topic": "Coding", "difficulty": "moderate", "text": {"en": "[Reasoning/Coding] Sample exam-style question #544: Choose the correct option."}, "options": {"en": ["Option A544", "Option B544", "Option C544", "Option D544"]}, "answerIndex": 0}, {"id": "MA_0525", "section": "Mathematics", "topic": "DI", "difficulty": "moderate", "text": {"en": "[Mathematics/DI] Sample exam-style question #525: Choose the correct option."}, "options": {"en": ["Option A525", "Option B525", "Option C525", "Option D525"]}, "answerIndex": 1}, {"id": "RE_0547", "section": "Reasoning", "topic": "Syllogism", "difficulty": "moderate", "text": {"en": "[Reasoning/Syllogism] Sample exam-style question #547: Choose the correct option."}, "options": {"en": ["Option A547", "Option B547", "Option C547", "Option D547"]}, "answerIndex": 3}, {"id": "MA_0505", "section": "Mathematics", "topic": "Time&Work", "difficulty": "moderate", "text": {"en": "[Mathematics/Time&Work] Sample exam-style question #505: Choose the correct option."}, "options": {"en": ["Option A505", "Option B505", "Option C505", "Option D505"]}, "answerIndex": 1}, {"id": "RE_0538", "section": "Reasoning", "topic": "Syllogism", "difficulty": "moderate", "text": {"en": "[Reasoning/Syllogism] Sample exam-style question #538: Choose the correct option."}, "options": {"en": ["Option A538", "Option B538", "Option C538", "Option D538"]}, "answerIndex": 2}, {"id": "MA_0513", "section": "Mathematics", "topic": "Ratio", "difficulty": "moderate", "text": {"en": "[Mathematics/Ratio] Sample exam-style question #513: Choose the correct option."}, "options": {"en": ["Option A513", "Option B513", "Option C513", "Option D513"]}, "answerIndex": 1}, {"id": "GE_0562", "section": "General Awareness", "topic": "Geography", "difficulty": "moderate", "text": {"en": "[General Awareness/Geography] Sample exam-style question #562: Choose the correct option."}, "options": {"en": ["Option A562", "Option B562", "Option C562", "Option D562"]}, "answerIndex": 2}, {"id": "MA_0528", "section": "Mathematics", "topic": "Ratio", "difficulty": "moderate", "text": {"en": "[Mathematics/Ratio] Sample exam-style question #528: Choose the correct option."}, "options": {"en": ["Option A528", "Option B528", "Option C528", "Option D528"]}, "answerIndex": 0}, {"id": "GE_0561", "section": "General Awareness", "topic": "Science", "difficulty": "moderate", "text": {"en": "[General Awareness/Science] Sample exam-style question #561: Choose the correct option."}, "options": {"en": ["Option A561", "Option B561", "Option C561", "Option D561"]}, "answerIndex": 1}, {"id": "GE_0577", "section": "General Awareness", "topic": "Geography", "difficulty": "moderate", "text": {"en": "[General Awareness/Geography] Sample exam-style question #577: Choose the correct option."}, "options": {"en": ["Option A577", "Option B577", "Option C577", "Option D577"]}, "answerIndex": 1}, {"id": "RE_0536", "section": "Reasoning", "topic": "Coding", "difficulty": "moderate", "text": {"en": "[Reasoning/Coding] Sample exam-style question #536: Choose the correct option."}, "options": {"en": ["Option A536", "Option B536", "Option C536", "Option D536"]}, "answerIndex": 0}, {"id": "MA_0517", "section": "Mathematics", "topic": "Speed", "difficulty": "moderate", "text": {"en": "[Mathematics/Speed] Sample exam-style question #517: Choose the correct option."}, "options": {"en": ["Option A517", "Option B517", "Option C517", "Option D517"]}, "answerIndex": 1}, {"id": "GE_0598", "section": "General Awareness", "topic": "Polity", "difficulty": "moderate", "text": {"en": "[General Awareness/Polity] Sample exam-style question #598: Choose the correct option."}, "options": {"en": ["Option A598", "Option B598", "Option C598", "Option D598"]}, "answerIndex": 2}, {"id": "GE_0600", "section": "General Awareness", "topic": "Geography", "difficulty": "moderate", "text": {"en": "[General Awareness/Geography] Sample exam-style question #600: Choose the correct option."}, "options": {"en": ["Option A600", "Option B600", "Option C600", "Option D600"]}, "answerIndex": 0}, {"id": "GE_0565", "section": "General Awareness", "topic": "Science", "difficulty": "moderate", "text": {"en": "[General Awareness/Science] Sample exam-style question #565: Choose the correct option."}, "options": {"en": ["Option A565", "Option B565", "Option C565", "Option D565"]}, "answerIndex": 1}, {"id": "GE_0571", "section": "General Awareness", "topic": "Science", "difficulty": "moderate", "text": {"en": "[General Awareness/Science] Sample exam-style question #571: Choose the correct option."}, "options": {"en": ["Option A571", "Option B571", "Option C571", "Option D571"]}, "answerIndex": 3}, {"id": "GE_0564", "section": "General Awareness", "topic": "Polity", "difficulty": "moderate", "text": {"en": "[General Awareness/Polity] Sample exam-style question #564: Choose the correct option."}, "options": {"en": ["Option A564", "Option B564", "Option C564", "Option D564"]}, "answerIndex": 0}, {"id": "GE_0573", "section": "General Awareness", "topic": "Polity", "difficulty": "moderate", "text": {"en": "[General Awareness/Polity] Sample exam-style question #573: Choose the correct option."}, "options": {"en": ["Option A573", "Option B573", "Option C573", "Option D573"]}, "answerIndex": 1}, {"id": "RE_0541", "section": "Reasoning", "topic": "Coding", "difficulty": "moderate", "text": {"en": "[Reasoning/Coding] Sample exam-style question #541: Choose the correct option."}, "options": {"en": ["Option A541", "Option B541", "Option C541", "Option D541"]}, "answerIndex": 1}, {"id": "GE_0597", "section": "General Awareness", "topic": "Current Affairs", "difficulty": "moderate", "text": {"en": "[General Awareness/Current Affairs] Sample exam-style question #597: Choose the correct option."}, "options": {"en": ["Option A597", "Option B597", "Option C597", "Option D597"]}, "answerIndex": 1}, {"id": "GE_0590", "section": "General Awareness", "topic": "Geography", "difficulty": "moderate", "text": {"en": "[General Awareness/Geography] Sample exam-style question #590: Choose the correct option."}, "options": {"en": ["Option A590", "Option B590", "Option C590", "Option D590"]}, "answerIndex": 2}, {"id": "GE_0570", "section": "General Awareness", "topic": "Economy", "difficulty": "moderate", "text": {"en": "[General Awareness/Economy] Sample exam-style question #570: Choose the correct option."}, "options": {"en": ["Option A570", "Option B570", "Option C570", "Option D570"]}, "answerIndex": 2}, {"id": "GE_0594", "section": "General Awareness", "topic": "Geography", "difficulty": "moderate", "text": {"en": "[General Awareness/Geography] Sample exam-style question #594: Choose the correct option."}, "options": {"en": ["Option A594", "Option B594", "Option C594", "Option D594"]}, "answerIndex": 2}, {"id": "GE_0578", "section": "General Awareness", "topic": "Polity", "difficulty": "moderate", "text": {"en": "[General Awareness/Polity] Sample exam-style question #578: Choose the correct option."}, "options": {"en": ["Option A578", "Option B578", "Option C578", "Option D578"]}, "answerIndex": 2}, {"id": "MA_0526", "section": "Mathematics", "topic": "Ratio", "difficulty": "moderate", "text": {"en": "[Mathematics/Ratio] Sample exam-style question #526: Choose the correct option."}, "options": {"en": ["Option A526", "Option B526", "Option C526", "Option D526"]}, "answerIndex": 2}, {"id": "GE_0593", "section": "General Awareness", "topic": "Current Affairs", "difficulty": "moderate", "text": {"en": "[General Awareness/Current Affairs] Sample exam-style question #593: Choose the correct option."}, "options": {"en": ["Option A593", "Option B593", "Option C593", "Option D593"]}, "answerIndex": 1}, {"id": "RE_0546", "section": "Reasoning", "topic": "Syllogism", "difficulty": "moderate", "text": {"en": "[Reasoning/Syllogism] Sample exam-style question #546: Choose the correct option."}, "options": {"en": ["Option A546", "Option B546", "Option C546", "Option D546"]}, "answerIndex": 2}, {"id": "GE_0563", "section": "General Awareness", "topic": "Polity", "difficulty": "moderate", "text": {"en": "[General Awareness/Polity] Sample exam-style question #563: Choose the correct option."}, "options": {"en": ["Option A563", "Option B563", "Option C563", "Option D563"]}, "answerIndex": 3}, {"id": "RE_0549", "section": "Reasoning", "topic": "Syllogism", "difficulty": "moderate", "text": {"en": "[Reasoning/Syllogism] Sample exam-style question #549: Choose the correct option."}, "options": {"en": ["Option A549", "Option B549", "Option C549", "Option D549"]}, "answerIndex": 1}, {"id": "RE_0558", "section": "Reasoning", "topic": "Series", "difficulty": "moderate", "text": {"en": "[Reasoning/Series] Sample exam-style question #558: Choose the correct option."}, "options": {"en": ["Option A558", "Option B558", "Option C558", "Option D558"]}, "answerIndex": 2}, {"id": "GE_0592", "section": "General Awareness", "topic": "Polity", "difficulty": "moderate", "text": {"en": "[General Awareness/Polity] Sample exam-style question #592: Choose the correct option."}, "options": {"en": ["Option A592", "Option B592", "Option C592", "Option D592"]}, "answerIndex": 0}, {"id": "RE_0550", "section": "Reasoning", "topic": "Syllogism", "difficulty": "moderate", "text": {"en": "[Reasoning/Syllogism] Sample exam-style question #550: Choose the correct option."}, "options": {"en": ["Option A550", "Option B550", "Option C550", "Option D550"]}, "answerIndex": 2}, {"id": "GE_0572", "section": "General Awareness", "topic": "Science", "difficulty": "moderate", "text": {"en": "[General Awareness/Science] Sample exam-style question #572: Choose the correct option."}, "options": {"en": ["Option A572", "Option B572", "Option C572", "Option D572"]}, "answerIndex": 0}, {"id": "MA_0512", "section": "Mathematics", "topic": "DI", "difficulty": "moderate", "text": {"en": "[Mathematics/DI] Sample exam-style question #512: Choose the correct option."}, "options": {"en": ["Option A512", "Option B512", "Option C512", "Option D512"]}, "answerIndex": 0}, {"id": "RE_0537", "section": "Reasoning", "topic": "Direction", "difficulty": "moderate", "text": {"en": "[Reasoning/Direction] Sample exam-style question #537: Choose the correct option."}, "options": {"en": ["Option A537", "Option B537", "Option C537", "Option D537"]}, "answerIndex": 1}, {"id": "RE_0534", "section": "Reasoning", "topic": "Direction", "difficulty": "moderate", "text": {"en": "[Reasoning/Direction] Sample exam-style question #534: Choose the correct option."}, "options": {"en": ["Option A534", "Option B534", "Option C534", "Option D534"]}, "answerIndex": 2}, {"id": "MA_0506", "section": "Mathematics", "topic": "Speed", "difficulty": "moderate", "text": {"en": "[Mathematics/Speed] Sample exam-style question #506: Choose the correct option."}, "options": {"en": ["Option A506", "Option B506", "Option C506", "Option D506"]}, "answerIndex": 2}, {"id": "GE_0596", "section": "General Awareness", "topic": "Geography", "difficulty": "moderate", "text": {"en": "[General Awareness/Geography] Sample exam-style question #596: Choose the correct option."}, "options": {"en": ["Option A596", "Option B596", "Option C596", "Option D596"]}, "answerIndex": 0}, {"id": "RE_0539", "section": "Reasoning", "topic": "Syllogism", "difficulty": "moderate", "text": {"en": "[Reasoning/Syllogism] Sample exam-style question #539: Choose the correct option."}, "options": {"en": ["Option A539", "Option B539", "Option C539", "Option D539"]}, "answerIndex": 3}, {"id": "MA_0507", "section": "Mathematics", "topic": "Ratio", "difficulty": "moderate", "text": {"en": "[Mathematics/Ratio] Sample exam-style question #507: Choose the correct option."}, "options": {"en": ["Option A507", "Option B507", "Option C507", "Option D507"]}, "answerIndex": 3}, {"id": "RE_0535", "section": "Reasoning", "topic": "Coding", "difficulty": "moderate", "text": {"en": "[Reasoning/Coding] Sample exam-style question #535: Choose the correct option."}, "options": {"en": ["Option A535", "Option B535", "Option C535", "Option D535"]}, "answerIndex": 3}, {"id": "GE_0591", "section": "General Awareness", "topic": "Economy", "difficulty": "moderate", "text": {"en": "[General Awareness/Economy] Sample exam-style question #591: Choose the correct option."}, "options": {"en": ["Option A591", "Option B591", "Option C591", "Option D591"]}, "answerIndex": 3}, {"id": "GE_0588", "section": "General Awareness", "topic": "Current Affairs", "difficulty": "moderate", "text": {"en": "[General Awareness/Current Affairs] Sample exam-style question #588: Choose the correct option."}, "options": {"en": ["Option A588", "Option B588", "Option C588", "Option D588"]}, "answerIndex": 0}, {"id": "MA_0504", "section": "Mathematics", "topic": "CI", "difficulty": "moderate", "text": {"en": "[Mathematics/CI] Sample exam-style question #504: Choose the correct option."}, "options": {"en": ["Option A504", "Option B504", "Option C504", "Option D504"]}, "answerIndex": 0}, {"id": "RE_0552", "section": "Reasoning", "topic": "Puzzle", "difficulty": "moderate", "text": {"en": "[Reasoning/Puzzle] Sample exam-style question #552: Choose the correct option."}, "options": {"en": ["Option A552", "Option B552", "Option C552", "Option D552"]}, "answerIndex": 0}, {"id": "MA_0510", "section": "Mathematics", "topic": "Ratio", "difficulty": "moderate", "text": {"en": "[Mathematics/Ratio] Sample exam-style question #510: Choose the correct option."}, "options": {"en": ["Option A510", "Option B510", "Option C510", "Option D510"]}, "answerIndex": 2}, {"id": "GE_0576", "section": "General Awareness", "topic": "History", "difficulty": "moderate", "text": {"en": "[General Awareness/History] Sample exam-style question #576: Choose the correct option."}, "options": {"en": ["Option A576", "Option B576", "Option C576", "Option D576"]}, "answerIndex": 0}, {"id": "MA_0520", "section": "Mathematics", "topic": "CI", "difficulty": "moderate", "text": {"en": "[Mathematics/CI] Sample exam-style question #520: Choose the correct option."}, "options": {"en": ["Option A520", "Option B520", "Option C520", "Option D520"]}, "answerIndex": 0}, {"id": "GE_0582", "section": "General Awareness", "topic": "Science", "difficulty": "moderate", "text": {"en": "[General Awareness/Science] Sample exam-style question #582: Choose the correct option."}, "options": {"en": ["Option A582", "Option B582", "Option C582", "Option D582"]}, "answerIndex": 2}, {"id": "RE_0540", "section": "Reasoning", "topic": "Coding", "difficulty": "moderate", "text": {"en": "[Reasoning/Coding] Sample exam-style question #540: Choose the correct option."}, "options": {"en": ["Option A540", "Option B540", "Option C540", "Option D540"]}, "answerIndex": 0}, {"id": "GE_0567", "section": "General Awareness", "topic": "Geography", "difficulty": "moderate", "text": {"en": "[General Awareness/Geography] Sample exam-style question #567: Choose the correct option."}, "options": {"en": ["Option A567", "Option B567", "Option C567", "Option D567"]}, "answerIndex": 3}, {"id": "GE_0595", "section": "General Awareness", "topic": "Science", "difficulty": "moderate", "text": {"en": "[General Awareness/Science] Sample exam-style question #595: Choose the correct option."}, "options": {"en": ["Option A595", "Option B595", "Option C595", "Option D595"]}, "answerIndex": 3}, {"id": "MA_0501", "section": "Mathematics", "topic": "DI", "difficulty": "moderate", "text": {"en": "[Mathematics/DI] Sample exam-style question #501: Choose the correct option."}, "options": {"en": ["Option A501", "Option B501", "Option C501", "Option D501"]}, "answerIndex": 1}, {"id": "GE_0585", "section": "General Awareness", "topic": "Current Affairs", "difficulty": "moderate", "text": {"en": "[General Awareness/Current Affairs] Sample exam-style question #585: Choose the correct option."}, "options": {"en": ["Option A585", "Option B585", "Option C585", "Option D585"]}, "answerIndex": 1}, {"id": "RE_0542", "section": "Reasoning", "topic": "Series", "difficulty": "moderate", "text": {"en": "[Reasoning/Series] Sample exam-style question #542: Choose the correct option."}, "options": {"en": ["Option A542", "Option B542", "Option C542", "Option D542"]}, "answerIndex": 2}, {"id": "GE_0574", "section": "General Awareness", "topic": "Economy", "difficulty": "moderate", "text": {"en": "[General Awareness/Economy] Sample exam-style question #574: Choose the correct option."}, "options": {"en": ["Option A574", "Option B574", "Option C574", "Option D574"]}, "answerIndex": 2}, {"id": "MA_0527", "section": "Mathematics", "topic": "SI", "difficulty": "moderate", "text": {"en": "[Mathematics/SI] Sample exam-style question #527: Choose the correct option."}, "options": {"en": ["Option A527", "Option B527", "Option C527", "Option D527"]}, "answerIndex": 3}, {"id": "MA_0502", "section": "Mathematics", "topic": "Time&Work", "difficulty": "moderate", "text": {"en": "[Mathematics/Time&Work] Sample exam-style question #502: Choose the correct option."}, "options": {"en": ["Option A502", "Option B502", "Option C502", "Option D502"]}, "answerIndex": 2}, {"id": "RE_0557", "section": "Reasoning", "topic": "Series", "difficulty": "moderate", "text": {"en": "[Reasoning/Series] Sample exam-style question #557: Choose the correct option."}, "options": {"en": ["Option A557", "Option B557", "Option C557", "Option D557"]}, "answerIndex": 1}, {"id": "MA_0530", "section": "Mathematics", "topic": "Speed", "difficulty": "moderate", "text": {"en": "[Mathematics/Speed] Sample exam-style question #530: Choose the correct option."}, "options": {"en": ["Option A530", "Option B530", "Option C530", "Option D530"]}, "answerIndex": 2}, {"id": "MA_0508", "section": "Mathematics", "topic": "Ratio", "difficulty": "moderate", "text": {"en": "[Mathematics/Ratio] Sample exam-style question #508: Choose the correct option."}, "options": {"en": ["Option A508", "Option B508", "Option C508", "Option D508"]}, "answerIndex": 0}, {"id": "RE_0545", "section": "Reasoning", "topic": "Direction", "difficulty": "moderate", "text": {"en": "[Reasoning/Direction] Sample exam-style question #545: Choose the correct option."}, "options": {"en": ["Option A545", "Option B545", "Option C545", "Option D545"]}, "answerIndex": 1}]}