{"testId": "043", "questions": [{"id": "GE_4263", "section": "General Awareness", "topic": "Economy", "difficulty": "moderate", "text": {"en": "[General Awareness/Economy] Sample exam-style question #4263: Choose the correct option."}, "options": {"en": ["Option A4263", "Option B4263", "Option C4263", "Option D4263"]}, "answerIndex": 3}, {"id": "RE_4251", "section": "Reasoning", "topic": "Series", "difficulty": "moderate", "text": {"en": "[Reasoning/Series] Sample exam-style question #4251: Choose the correct option."}, "options": {"en": ["Option A4251", "Option B4251", "Option C4251", "Option D4251"]}, "answerIndex": 3}, {"id": "RE_4239", "section": "Reasoning", "topic": "Direction", "difficulty": "moderate", "text": {"en": "[Reasoning/Direction] Sample exam-style question #4239: Choose the correct option."}, "options": {"en": ["Option A4239", "Option B4239", "Option C4239", "Option D4239"]}, "answerIndex": 3}, {"id": "GE_4299", "section": "General Awareness", "topic": "Geography", "difficulty": "moderate", "text": {"en": "[General Awareness/Geography] Sample exam-style question #4299: Choose the correct option."}, "options": {"en": ["Option A4299", "Option B4299", "Option C4299", "Option D4299"]}, "answerIndex": 3}, {"id": "RE_4258", "section": "Reasoning", "topic": "Syllogism", "difficulty": "moderate", "text": {"en": "[Reasoning/Syllogism] Sample exam-style question #4258: Choose the correct option."}, "options": {"en": ["Option A4258", "Option B4258", "Option C4258", "Option D4258"]}, "answerIndex": 2}, {"id": "GE_4300", "section": "General Awareness", "topic": "History", "difficulty": "moderate", "text": {"en": "[General Awareness/History] Sample exam-style question #4300: Choose the correct option."}, "options": {"en": ["Option A4300", "Option B4300", "Option C4300", "Option D4300"]}, "answerIndex": 0}, {"id": "MA_4207", "section": "Mathematics", "topic": "Speed", "difficulty": "moderate", "text": {"en": "[Mathematics/Speed] Sample exam-style question #4207: Choose the correct option."}, "options": {"en": ["Option A4207", "Option B4207", "Option C4207", "Option D4207"]}, "answerIndex": 3}, {"id": "MA_4201", "section": "Mathematics", "topic": "SI", "difficulty": "moderate", "text": {"en": "[Mathematics/SI] Sample exam-style question #4201: Choose the correct option."}, "options": {"en": ["Option A4201", "Option B4201", "Option C4201", "Option D4201"]}, "answerIndex": 1}, {"id": "GE_4276", "section": "General Awareness", "topic": "Current Affairs", "difficulty": "moderate", "text": {"en": "[General Awareness/Current Affairs] Sample exam-style question #4276: Choose the correct option."}, "options": {"en": ["Option A4276", "Option B4276", "Option C4276", "Option D4276"]}, "answerIndex": 0}, {"id": "RE_4232", "section": "Reasoning", "topic": "Series", "difficulty": "moderate", "text": {"en": "[Reasoning/Series] Sample exam-style question #4232: Choose the correct option."}, "options": {"en": ["Option A4232", "Option B4232", "Option C4232", "Option D4232"]}, "answerIndex": 0}, {"id": "MA_4214", "section": "Mathematics", "topic": "Speed", "difficulty": "moderate", "text": {"en": "[Mathematics/Speed] Sample exam-style question #4214: Choose the correct option."}, "options": {"en": ["Option A4214", "Option B4214", "Option C4214", "Option D4214"]}, "answerIndex": 2}, {"id": "RE_4257", "section": "Reasoning", "topic": "Series", "difficulty": "moderate", "text": {"en": "[Reasoning/Series] Sample exam-style question #4257: Choose the correct option."}, "options": {"en": ["Option A4257", "Option B4257", "Option C4257", "Option D4257"]}, "answerIndex": 1}, {"id": "MA_4212", "section": "Mathematics", "topic": "Speed", "difficulty": "moderate", "text": {"en": "[Mathematics/Speed] Sample exam-style question #4212: Choose the correct option."}, "options": {"en": ["Option A4212", "Option B4212", "Option C4212", "Option D4212"]}, "answerIndex": 0}, {"id": "MA_4223", "section": "Mathematics", "topic": "Time&Work", "difficulty": "moderate", "text": {"en": "[Mathematics/Time&Work] Sample exam-style question #4223: Choose the correct option."}, "options": {"en": ["Option A4223", "Option B4223", "Option C4223", "Option D4223"]}, "answerIndex": 3}, {"id": "GE_4266", "section": "General Awareness", "topic": "Geography", "difficulty": "moderate", "text": {"en": "[General Awareness/Geography] Sample exam-style question #4266: Choose the correct option."}, "options": {"en": ["Option A4266", "Option B4266", "Option C4266", "Option D4266"]}, "answerIndex": 2}, {"id": "RE_4245", "section": "Reasoning", "topic": "Coding", "difficulty": "moderate", "text": {"en": "[Reasoning/Coding] Sample exam-style question #4245: Choose the correct option."}, "options": {"en": ["Option A4245", "Option B4245", "Option C4245", "Option D4245"]}, "answerIndex": 1}, {"id": "MA_4204", "section": "Mathematics", "topic": "Speed", "difficulty": "moderate", "text": {"en": "[Mathematics/Speed] Sample exam-style question #4204: Choose the correct option."}, "options": {"en": ["Option A4204", "Option B4204", "Option C4204", "Option D4204"]}, "answerIndex": 0}, {"id": "GE_4278", "section": "General Awareness", "topic": "Polity", "difficulty": "moderate", "text": {"en": "[General Awareness/Polity] Sample exam-style question #4278: Choose the correct option."}, "options": {"en": ["Option A4278", "Option B4278", "Option C4278", "Option D4278"]}, "answerIndex": 2}, {"id": "MA_4222", "section": "Mathematics", "topic": "CI", "difficulty": "moderate", "text": {"en": "[Mathematics/CI] Sample exam-style question #4222: Choose the correct option."}, "options": {"en": ["Option A4222", "Option B4222", "Option C4222", "Option D4222"]}, "answerIndex": 2}, {"id": "MA_4226", "section": "Mathematics", "topic": "SI", "difficulty": "moderate", "text": {"en": "[Mathematics/SI] Sample exam-style question #4226: Choose the correct option."}, "options": {"en": ["Option A4226", "Option B4226", "Option C4226", "Option D4226"]}, "answerIndex": 2}, {"id": "MA_4202", "section": "Mathematics", "topic": "CI", "difficulty": "moderate", "text": {"en": "[Mathematics/CI] Sample exam-style question #4202: Choose the correct option."}, "options": {"en": ["Option A4202", "Option B4202", "Option C4202", "Option D4202"]}, "answerIndex": 2}, {"id": "RE_4237", "section": "Reasoning", "topic": "Series", "difficulty": "moderate", "text": {"en": "[Reasoning/Series] Sample exam-style question #4237: Choose the correct option."}, "options": {"en": ["Option A4237", "Option B4237", "Option C4237", "Option D4237"]}, "answerIndex": 1}, {"id": "GE_4262", "section": "General Awareness", "topic": "Polity", "difficulty": "moderate", "text": {"en": "[General Awareness/Polity] Sample exam-style question #4262: Choose the correct option."}, "options": {"en": ["Option A4262", "Option B4262", "Option C4262", "Option D4262"]}, "answerIndex": 2}, {"id": "RE_4249", "section": "Reasoning", "topic": "Syllogism", "difficulty": "moderate", "text": {"en": "[Reasoning/Syllogism] Sample exam-style question #4249: Choose the correct option."}, "options": {"en": ["Option A4249", "Option B4249", "Option C4249", "Option D4249"]}, "answerIndex": 1}, {"id": "GE_4269", "section": "General Awareness", "topic": "Science", "difficulty": "moderate", "text": {"en": "[General Awareness/Science] Sample exam-style question #4269: Choose the correct option."}, "options": {"en": ["Option A4269", "Option B4269", "Option C4269", "Option D4269"]}, "answerIndex": 1}, {"id": "GE_4280", "section": "General Awareness", "topic": "Current Affairs", "difficulty": "moderate", "text": {"en": "[General Awareness/Current Affairs] Sample exam-style question #4280: Choose the correct option."}, "options": {"en": ["Option A4280", "Option B4280", "Option C4280", "Option D4280"]}, "answerIndex": 0}, {"id": "RE_4254", "section": "Reasoning", "topic": "Direction", "difficulty": "moderate", "text": {"en": "[Reasoning/Direction] Sample exam-style question #4254: Choose the correct option."}, "options": {"en": ["Option A4254", "Option B4254", "Option C4254", "Option D4254"]}, "answerIndex": 2}, {"id": "GE_4270", "section": "General Awareness", "topic": "History", "difficulty": "moderate", "text": {"en": "[General Awareness/History] Sample exam-style question #4270: Choose the correct option."}, "options": {"en": ["Option A4270", "Option B4270", "Option C4270", "Option D4270"]}, "answerIndex": 2}, {"id": "RE_4256", "section": "Reasoning", "topic": "Puzzle", "difficulty": "moderate", "text": {"en": "[Reasoning/Puzzle] Sample exam-style question #4256: Choose the correct option."}, "options": {"en": ["Option A4256", "Option B4256", "Option C4256", "Option D4256"]}, "answerIndex": 0}, {"id": "GE_4294", "section": "General Awareness", "topic": "Current Affairs", "difficulty": "moderate", "text": {"en": "[General Awareness/Current Affairs] Sample exam-style question #4294: Choose the correct option."}, "options": {"en": ["Option A4294", "Option B4294", "Option C4294", "Option D4294"]}, "answerIndex": 2}, {"id": "GE_4291", "section": "General Awareness", "topic": "History", "difficulty": "moderate", "text": {"en": "[General Awareness/History] Sample exam-style question #4291: Choose the correct option."}, "options": {"en": ["Option A4291", "Option B4291", "Option C4291", "Option D4291"]}, "answerIndex": 3}, {"id": "RE_4259", "section": "Reasoning", "topic": "Analogy", "difficulty": "moderate", "text": {"en": "[Reasoning/Analogy] Sample exam-style question #4259: Choose the correct option."}, "options": {"en": ["Option A4259", "Option B4259", "Option C4259", "Option D4259"]}, "answerIndex": 3}, {"id": "GE_4268", "section": "General Awareness", "topic": "Economy", "difficulty": "moderate", "text": {"en": "[General Awareness/Economy] Sample exam-style question #4268: Choose the correct option."}, "options": {"en": ["Option A4268", "Option B4268", "Option C4268", "Option D4268"]}, "answerIndex": 0}, {"id": "MA_4216", "section": "Mathematics", "topic": "Ratio", "difficulty": "moderate", "text": {"en": "[Mathematics/Ratio] Sample exam-style question #4216: Choose the correct option."}, "options": {"en": ["Option A4216", "Option B4216", "Option C4216", "Option D4216"]}, "answerIndex": 0}, {"id": "GE_4296", "section": "General Awareness", "topic": "Current Affairs", "difficulty": "moderate", "text": {"en": "[General Awareness/Current Affairs] Sample exam-style question #4296: Choose the correct option."}, "options": {"en": ["Option A4296", "Option B4296", "Option C4296", "Option D4296"]}, "answerIndex": 0}, {"id": "GE_4289", "section": "General Awareness", "topic": "Economy", "difficulty": "moderate", "text": {"en": "[General Awareness/Economy] Sample exam-style question #4289: Choose the correct option."}, "options": {"en": ["Option A4289", "Option B4289", "Option C4289", "Option D4289"]}, "answerIndex": 1}, {"id": "GE_4292", "section": "General Awareness", "topic": "Polity", "difficulty": "moderate", "text": {"en": "[General Awareness/Polity] Sample exam-style question #4292: Choose the correct option."}, "options": {"en": ["Option A4292", "Option B4292", "Option C4292", "Option D4292"]}, "answerIndex": 0}, {"id": "GE_4265", "section": "General Awareness", "topic": "Science", "difficulty": "moderate", "text": {"en": "[General Awareness/Science] Sample exam-style question #4265: Choose the correct option."}, "options": {"en": ["Option A4265", "Option B4265", "Option C4265", "Option D4265"]}, "answerIndex": 1}, {"id": "GE_4272", "section": "General Awareness", "topic": "History", "difficulty": "moderate", "text": {"en": "[General Awareness/History] Sample exam-style question #4272: Choose the correct option."}, "options": {"en": ["Option A4272", "Option B4272", "Option C4272", "Option D4272"]}, "answerIndex": 0}, {"id": "GE_4287", "section": "General Awareness", "topic": "Economy", "difficulty": "moderate", "text": {"en": "[General Awareness/Economy] Sample exam-style question #4287: Choose the correct option."}, "options": {"en": ["Option A4287", "Option B4287", "Option C4287", "Option D4287"]}, "answerIndex": 3}, {"id": "MA_4219", "section": "Mathematics", "topic": "Percentage", "difficulty": "moderate", "text": {"en": "[Mathematics/Percentage] Sample exam-style question #4219: Choose the correct option."}, "options": {"en": ["Option A4219", "Option B4219", "Option C4219", "Option D4219"]}, "answerIndex": 3}, {"id": "MA_4218", "section": "Mathematics", "topic": "Ratio", "difficulty": "moderate", "text": {"en": "[Mathematics/Ratio] Sample exam-style question #4218: Choose the correct option."}, "options": {"en": ["Option A4218", "Option B4218", "Option C4218", "Option D4218"]}, "answerIndex": 2}, {"id": "RE_4248", "section": "Reasoning", "topic": "Analogy", "difficulty": "moderate", "text": {"en": "[Reasoning/Analogy] Sample exam-style question #4248: Choose the correct option."}, "options": {"en": ["Option A4248", "Option B4248", "Option C4248", "Option D4248"]}, "answerIndex": 0}, {"id": "MA_4203", "section": "Mathematics", "topic": "Time&Work", "difficulty": "moderate", "text": {"en": "[Mathematics/Time&Work] Sample exam-style question #4203: Choose the correct option."}, "options": {"en": ["Option A4203", "Option B4203", "Option C4203", "Option D4203"]}, "answerIndex": 3}, {"id": "MA_4225", "section": "Mathematics", "topic": "Percentage", "difficulty": "moderate", "text": {"en": "[Mathematics/Percentage] Sample exam-style question #4225: Choose the correct option."}, "options": {"en": ["Option A4225", "Option B4225", "Option C4225", "Option D4225"]}, "answerIndex": 1}, {"id": "RE_4240", "section": "Reasoning", "topic": "Syllogism", "difficulty": "moderate", "text": {"en": "[Reasoning/Syllogism] Sample exam-style question #4240: Choose the correct option."}, "options": {"en": ["Option A4240", "Option B4240", "Option C4240", "Option D4240"]}, "answerIndex": 0}, {"id": "RE_4244", "section": "Reasoning", "topic": "Syllogism", "difficulty": "moderate", "text": {"en": "[Reasoning/Syllogism] Sample exam-style question #4244: Choose the correct option."}, "options": {"en": ["Option A4244", "Option B4244", "Option C4244", "Option D4244"]}, "answerIndex": 0}, {"id": "RE_4252", "section": "Reasoning", "topic": "Series", "difficulty": "moderate", "text": {"en": "[Reasoning/Series] Sample exam-style question #4252: Choose the correct option."}, "options": {"en": ["Option A4252", "Option B4252", "Option C4252", "Option D4252"]}, "answerIndex": 0}, {"id": "GE_4282", "section": "General Awareness", "topic": "Polity", "difficulty": "moderate", "text": {"en": "[General Awareness/Polity] Sample exam-style question #4282: Choose the correct option."}, "options": {"en": ["Option A4282", "Option B4282", "Option C4282", "Option D4282"]}, "answerIndex": 2}, {"id": "GE_4267", "section": "General Awareness", "topic": "Polity", "difficulty": "moderate", "text": {"en": "[General Awareness/Polity] Sample exam-style question #4267: Choose the correct option."}, "options": {"en": ["Option A4267", "Option B4267", "Option C4267", "Option D4267"]}, "answerIndex": 3}, {"id": "RE_4243", "section": "Reasoning", "topic": "Analogy", "difficulty": "moderate", "text": {"en": "[Reasoning/Analogy] Sample exam-style question #4243: Choose the correct option."}, "options": {"en": ["Option A4243", "Option B4243", "Option C4243", "Option D4243"]}, "answerIndex": 3}, {"id": "GE_4264", "section": "General Awareness", "topic": "Economy", "difficulty": "moderate", "text": {"en": "[General Awareness/Economy] Sample exam-style question #4264: Choose the correct option."}, "options": {"en": ["Option A4264", "Option B4264", "Option C4264", "Option D4264"]}, "answerIndex": 0}, {"id": "MA_4213", "section": "Mathematics", "topic": "CI", "difficulty": "moderate", "text": {"en": "[Mathematics/CI] Sample exam-style question #4213: Choose the correct option."}, "options": {"en": ["Option A4213", "Option B4213", "Option C4213", "Option D4213"]}, "answerIndex": 1}, {"id": "GE_4283", "section": "General Awareness", "topic": "Polity", "difficulty": "moderate", "text": {"en": "[General Awareness/Polity] Sample exam-style question #4283: Choose the correct option."}, "options": {"en": ["Option A4283", "Option B4283", "Option C4283", "Option D4283"]}, "answerIndex": 3}, {"id": "RE_4235", "section": "Reasoning", "topic": "Coding", "difficulty": "moderate", "text": {"en": "[Reasoning/Coding] Sample exam-style question #4235: Choose the correct option."}, "options": {"en": ["Option A4235", "Option B4235", "Option C4235", "Option D4235"]}, "answerIndex": 3}, {"id": "RE_4253", "section": "Reasoning", "topic": "Syllogism", "difficulty": "moderate", "text": {"en": "[Reasoning/Syllogism] Sample exam-style question #4253: Choose the correct option."}, "options": {"en": ["Option A4253", "Option B4253", "Option C4253", "Option D4253"]}, "answerIndex": 1}, {"id": "GE_4271", "section": "General Awareness", "topic": "Geography", "difficulty": "moderate", "text": {"en": "[General Awareness/Geography] Sample exam-style question #4271: Choose the correct option."}, "options": {"en": ["Option A4271", "Option B4271", "Option C4271", "Option D4271"]}, "answerIndex": 3}, {"id": "MA_4210", "section": "Mathematics", "topic": "Percentage", "difficulty": "moderate", "text": {"en": "[Mathematics/Percentage] Sample exam-style question #4210: Choose the correct option."}, "options": {"en": ["Option A4210", "Option B4210", "Option C4210", "Option D4210"]}, "answerIndex": 2}, {"id": "MA_4224", "section": "Mathematics", "topic": "Time&Work", "difficulty": "moderate", "text": {"en": "[Mathematics/Time&Work] Sample exam-style question #4224: Choose the correct option."}, "options": {"en": ["Option A4224", "Option B4224", "Option C4224", "Option D4224"]}, "answerIndex": 0}, {"id": "MA_4208", "section": "Mathematics", "topic": "Speed", "difficulty": "moderate", "text": {"en": "[Mathematics/Speed] Sample exam-style question #4208: Choose the correct option."}, "options": {"en": ["Option A4208", "Option B4208", "Option C4208", "Option D4208"]}, "answerIndex": 0}, {"id": "GE_4277", "section": "General Awareness", "topic": "Current Affairs", "difficulty": "moderate", "text": {"en": "[General Awareness/Current Affairs] Sample exam-style question #4277: Choose the correct option."}, "options": {"en": ["Option A4277", "Option B4277", "Option C4277", "Option D4277"]}, "answerIndex": 1}, {"id": "MA_4217", "section": "Mathematics", "topic": "Percentage", "difficulty": "moderate", "text": {"en": "[Mathematics/Percentage] Sample exam-style question #4217: Choose the correct option."}, "options": {"en": ["Option A4217", "Option B4217", "Option C4217", "Option D4217"]}, "answerIndex": 1}, {"id": "GE_4297", "section": "General Awareness", "topic": "Economy", "difficulty": "moderate", "text": {"en": "[General Awareness/Economy] Sample exam-style question #4297: Choose the correct option."}, "options": {"en": ["Option A4297", "Option B4297", "Option C4297", "Option D4297"]}, "answerIndex": 1}, {"id": "RE_4236", "section": "Reasoning", "topic": "Analogy", "difficulty": "moderate", "text": {"en": "[Reasoning/Analogy] Sample exam-style question #4236: Choose the correct option."}, "options": {"en": ["Option A4236", "Option B4236", "Option C4236", "Option D4236"]}, "answerIndex": 0}, {"id": "MA_4228", "section": "Mathematics", "topic": "Speed", "difficulty": "moderate", "text": {"en": "[Mathematics/Speed] Sample exam-style question #4228: Choose the correct option."}, "options": {"en": ["Option A4228", "Option B4228", "Option C4228", "Option D4228"]}, "answerIndex": 0}, {"id": "GE_4290", "section": "General Awareness", "topic": "History", "difficulty": "moderate", "text": {"en": "[General Awareness/History] Sample exam-style question #4290: Choose the correct option."}, "options": {"en": ["Option A4290", "Option B4290", "Option C4290", "Option D4290"]}, "answerIndex": 2}, {"id": "MA_4215", "section": "Mathematics", "topic": "DI", "difficulty": "moderate", "text": {"en": "[Mathematics/DI] Sample exam-style question #4215: Choose the correct option."}, "options": {"en": ["Option A4215", "Option B4215", "Option C4215", "Option D4215"]}, "answerIndex": 3}, {"id": "GE_4273", "section": "General Awareness", "topic": "Geography", "difficulty": "moderate", "text": {"en": "[General Awareness/Geography] Sample exam-style question #4273: Choose the correct option."}, "options": {"en": ["Option A4273", "Option B4273", "Option C4273", "Option D4273"]}, "answerIndex": 1}, {"id": "MA_4227", "section": "Mathematics", "topic": "Speed", "difficulty": "moderate", "text": {"en": "[Mathematics/Speed] Sample exam-style question #4227: Choose the correct option."}, "options": {"en": ["Option A4227", "Option B4227", "Option C4227", "Option D4227"]}, "answerIndex": 3}, {"id": "GE_4284", "section": "General Awareness", "topic": "Polity", "difficulty": "moderate", "text": {"en": "[General Awareness/Polity] Sample exam-style question #4284: Choose the correct option."}, "options": {"en": ["Option A4284", "Option B4284", "Option C4284", "Option D4284"]}, "answerIndex": 0}, {"id": "GE_4274", "section": "General Awareness", "topic": "Polity", "difficulty": "moderate", "text": {"en": "[General Awareness/Polity] Sample exam-style question #4274: Choose the correct option."}, "options": {"en": ["Option A4274", "Option B4274", "Option C4274", "Option D4274"]}, "answerIndex": 2}, {"id": "GE_4281", "section": "General Awareness", "topic": "Science", "difficulty": "moderate", "text": {"en": "[General Awareness/Science] Sample exam-style question #4281: Choose the correct option."}, "options": {"en": ["Option A4281", "Option B4281", "Option C4281", "Option D4281"]}, "answerIndex": 1}, {"id": "MA_4209", "section": "Mathematics", "topic": "Speed", "difficulty": "moderate", "text": {"en": "[Mathematics/Speed] Sample exam-style question #4209: Choose the correct option."}, "options": {"en": ["Option A4209", "Option B4209", "Option C4209", "Option D4209"]}, "answerIndex": 1}, {"id": "GE_4293", "section": "General Awareness", "topic": "Science", "difficulty": "moderate", "text": {"en": "[General Awareness/Science] Sample exam-style question #4293: Choose the correct option."}, "options": {"en": ["Option A4293", "Option B4293", "Option C4293", "Option D4293"]}, "answerIndex": 1}, {"id": "RE_4246", "section": "Reasoning", "topic": "Syllogism", "difficulty": "moderate", "text": {"en": "[Reasoning/Syllogism] Sample exam-style question #4246: Choose the correct option."}, "options": {"en": ["Option A4246", "Option B4246", "Option C4246", "Option D4246"]}, "answerIndex": 2}, {"id": "MA_4205", "section": "Mathematics", "topic": "DI", "difficulty": "moderate", "text": {"en": "[Mathematics/DI] Sample exam-style question #4205: Choose the correct option."}, "options": {"en": ["Option A4205", "Option B4205", "Option C4205", "Option D4205"]}, "answerIndex": 1}, {"id": "MA_4220", "section": "Mathematics", "topic": "CI", "difficulty": "moderate", "text": {"en": "[Mathematics/CI] Sample exam-style question #4220: Choose the correct option."}, "options": {"en": ["Option A4220", "Option B4220", "Option C4220", "Option D4220"]}, "answerIndex": 0}, {"id": "GE_4279", "section": "General Awareness", "topic": "History", "difficulty": "moderate", "text": {"en": "[General Awareness/History] Sample exam-style question #4279: Choose the correct option."}, "options": {"en": ["Option A4279", "Option B4279", "Option C4279", "Option D4279"]}, "answerIndex": 3}, {"id": "GE_4285", "section": "General Awareness", "topic": "History", "difficulty": "moderate", "text": {"en": "[General Awareness/History] Sample exam-style question #4285: Choose the correct option."}, "options": {"en": ["Option A4285", "Option B4285", "Option C4285", "Option D4285"]}, "answerIndex": 1}, {"id": "GE_4295", "section": "General Awareness", "topic": "Current Affairs", "difficulty": "moderate", "text": {"en": "[General Awareness/Current Affairs] Sample exam-style question #4295: Choose the correct option."}, "options": {"en": ["Option A4295", "Option B4295", "Option C4295", "Option D4295"]}, "answerIndex": 3}, {"id": "RE_4241", "section": "Reasoning", "topic": "Puzzle", "difficulty": "moderate", "text": {"en": "[Reasoning/Puzzle] Sample exam-style question #4241: Choose the correct option."}, "options": {"en": ["Option A4241", "Option B4241", "Option C4241", "Option D4241"]}, "answerIndex": 1}, {"id": "RE_4255", "section": "Reasoning", "topic": "Syllogism", "difficulty": "moderate", "text": {"en": "[Reasoning/Syllogism] Sample exam-style question #4255: Choose the correct option."}, "options": {"en": ["Option A4255", "Option B4255", "Option C4255", "Option D4255"]}, "answerIndex": 3}, {"id": "RE_4250", "section": "Reasoning", "topic": "Analogy", "difficulty": "moderate", "text": {"en": "[Reasoning/Analogy] Sample exam-style question #4250: Choose the correct option."}, "options": {"en": ["Option A4250", "Option B4250", "Option C4250", "Option D4250"]}, "answerIndex": 2}, {"id": "MA_4211", "section": "Mathematics", "topic": "SI", "difficulty": "moderate", "text": {"en": "[Mathematics/SI] Sample exam-style question #4211: Choose the correct option."}, "options": {"en": ["Option A4211", "Option B4211", "Option C4211", "Option D4211"]}, "answerIndex": 3}, {"id": "RE_4238", "section": "Reasoning", "topic": "Coding", "difficulty": "moderate", "text": {"en": "[Reasoning/Coding] Sample exam-style question #4238: Choose the correct option."}, "options": {"en": ["Option A4238", "Option B4238", "Option C4238", "Option D4238"]}, "answerIndex": 2}, {"id": "RE_4233", "section": "Reasoning", "topic": "Series", "difficulty": "moderate", "text": {"en": "[Reasoning/Series] Sample exam-style question #4233: Choose the correct option."}, "options": {"en": ["Option A4233", "Option B4233", "Option C4233", "Option D4233"]}, "answerIndex": 1}, {"id": "RE_4260", "section": "Reasoning", "topic": "Puzzle", "difficulty": "moderate", "text": {"en": "[Reasoning/Puzzle] Sample exam-style question #4260: Choose the correct option."}, "options": {"en": ["Option A4260", "Option B4260", "Option C4260", "Option D4260"]}, "answerIndex": 0}, {"id": "MA_4230", "section": "Mathematics", "topic": "Speed", "difficulty": "moderate", "text": {"en": "[Mathematics/Speed] Sample exam-style question #4230: Choose the correct option."}, "options": {"en": ["Option A4230", "Option B4230", "Option C4230", "Option D4230"]}, "answerIndex": 2}, {"id": "MA_4221", "section": "Mathematics", "topic": "Percentage", "difficulty": "moderate", "text": {"en": "[Mathematics/Percentage] Sample exam-style question #4221: Choose the correct option."}, "options": {"en": ["Option A4221", "Option B4221", "Option C4221", "Option D4221"]}, "answerIndex": 1}, {"id": "RE_4234", "section": "Reasoning", "topic": "Analogy", "difficulty": "moderate", "text": {"en": "[Reasoning/Analogy] Sample exam-style question #4234: Choose the correct option."}, "options": {"en": ["Option A4234", "Option B4234", "Option C4234", "Option D4234"]}, "answerIndex": 2}, {"id": "GE_4286", "section": "General Awareness", "topic": "Polity", "difficulty": "moderate", "text": {"en": "[General Awareness/Polity] Sample exam-style question #4286: Choose the correct option."}, "options": {"en": ["Option A4286", "Option B4286", "Option C4286", "Option D4286"]}, "answerIndex": 2}, {"id": "GE_4298", "section": "General Awareness", "topic": "History", "difficulty": "moderate", "text": {"en": "[General Awareness/History] Sample exam-style question #4298: Choose the correct option."}, "options": {"en": ["Option A4298", "Option B4298", "Option C4298", "Option D4298"]}, "answerIndex": 2}, {"id": "MA_4206", "section": "Mathematics", "topic": "DI", "difficulty": "moderate", "text": {"en": "[Mathematics/DI] Sample exam-style question #4206: Choose the correct option."}, "options": {"en": ["Option A4206", "Option B4206", "Option C4206", "Option D4206"]}, "answerIndex": 2}, {"id": "MA_4229", "section": "Mathematics", "topic": "Speed", "difficulty": "moderate", "text": {"en": "[Mathematics/Speed] Sample exam-style question #4229: Choose the correct option."}, "options": {"en": ["Option A4229", "Option B4229", "Option C4229", "Option D4229"]}, "answerIndex": 1}, {"id": "GE_4288", "section": "General Awareness", "topic": "Geography", "difficulty": "moderate", "text": {"en": "[General Awareness/Geography] Sample exam-style question #4288: Choose the correct option."}, "options": {"en": ["Option A4288", "Option B4288", "Option C4288", "Option D4288"]}, "answerIndex": 0}, {"id": "RE_4231", "section": "Reasoning", "topic": "Coding", "difficulty": "moderate", "text": {"en": "[Reasoning/Coding] Sample exam-style question #4231: Choose the correct option."}, "options": {"en": ["Option A4231", "Option B4231", "Option C4231", "Option D4231"]}, "answerIndex": 3}, {"id": "GE_4261", "section": "General Awareness", "topic": "Current Affairs", "difficulty": "moderate", "text": {"en": "[General Awareness/Current Affairs] Sample exam-style question #4261: Choose the correct option."}, "options": {"en": ["Option A4261", "Option B4261", "Option C4261", "Option D4261"]}, "answerIndex": 1}, {"id": "RE_4242", "section": "Reasoning", "topic": "Puzzle", "difficulty": "moderate", "text": {"en": "[Reasoning/Puzzle] Sample exam-style question #4242: Choose the correct option."}, "options": {"en": ["Option A4242", "Option B4242", "Option C4242", "Option D4242"]}, "answerIndex": 2}, {"id": "RE_4247", "section": "Reasoning", "topic": "Coding", "difficulty": "moderate", "text": {"en": "[Reasoning/Coding] Sample exam-style question #4247: Choose the correct option."}, "options": {"en": ["Option A4247", "Option B4247", "Option C4247", "Option D4247"]}, "answerIndex": 3}, {"id": "GE_4275", "section": "General Awareness", "topic": "Science", "difficulty": "moderate", "text": {"en": "[General Awareness/Science] Sample exam-style question #4275: Choose the correct option."}, "options": {"en": ["Option A4275", "Option B4275", "Option C4275", "Option D4275"]}, "answerIndex": 3}]}