{"testId": "037", "questions": [{"id": "RE_3642", "section": "Reasoning", "topic": "Direction", "difficulty": "moderate", "text": {"en": "[Reasoning/Direction] Sample exam-style question #3642: Choose the correct option."}, "options": {"en": ["Option A3642", "Option B3642", "Option C3642", "Option D3642"]}, "answerIndex": 2}, {"id": "GE_3691", "section": "General Awareness", "topic": "Economy", "difficulty": "moderate", "text": {"en": "[General Awareness/Economy] Sample exam-style question #3691: Choose the correct option."}, "options": {"en": ["Option A3691", "Option B3691", "Option C3691", "Option D3691"]}, "answerIndex": 3}, {"id": "MA_3626", "section": "Mathematics", "topic": "DI", "difficulty": "moderate", "text": {"en": "[Mathematics/DI] Sample exam-style question #3626: Choose the correct option."}, "options": {"en": ["Option A3626", "Option B3626", "Option C3626", "Option D3626"]}, "answerIndex": 2}, {"id": "RE_3647", "section": "Reasoning", "topic": "Direction", "difficulty": "moderate", "text": {"en": "[Reasoning/Direction] Sample exam-style question #3647: Choose the correct option."}, "options": {"en": ["Option A3647", "Option B3647", "Option C3647", "Option D3647"]}, "answerIndex": 3}, {"id": "MA_3613", "section": "Mathematics", "topic": "Ratio", "difficulty": "moderate", "text": {"en": "[Mathematics/Ratio] Sample exam-style question #3613: Choose the correct option."}, "options": {"en": ["Option A3613", "Option B3613", "Option C3613", "Option D3613"]}, "answerIndex": 1}, {"id": "GE_3680", "section": "General Awareness", "topic": "Polity", "difficulty": "moderate", "text": {"en": "[General Awareness/Polity] Sample exam-style question #3680: Choose the correct option."}, "options": {"en": ["Option A3680", "Option B3680", "Option C3680", "Option D3680"]}, "answerIndex": 0}, {"id": "RE_3641", "section": "Reasoning", "topic": "Analogy", "difficulty": "moderate", "text": {"en": "[Reasoning/Analogy] Sample exam-style question #3641: Choose the correct option."}, "options": {"en": ["Option A3641", "Option B3641", "Option C3641", "Option D3641"]}, "answerIndex": 1}, {"id": "RE_3658", "section": "Reasoning", "topic": "Puzzle", "difficulty": "moderate", "text": {"en": "[Reasoning/Puzzle] Sample exam-style question #3658: Choose the correct option."}, "options": {"en": ["Option A3658", "Option B3658", "Option C3658", "Option D3658"]}, "answerIndex": 2}, {"id": "MA_3604", "section": "Mathematics", "topic": "SI", "difficulty": "moderate", "text": {"en": "[Mathematics/SI] Sample exam-style question #3604: Choose the correct option."}, "options": {"en": ["Option A3604", "Option B3604", "Option C3604", "Option D3604"]}, "answerIndex": 0}, {"id": "MA_3608", "section": "Mathematics", "topic": "DI", "difficulty": "moderate", "text": {"en": "[Mathematics/DI] Sample exam-style question #3608: Choose the correct option."}, "options": {"en": ["Option A3608", "Option B3608", "Option C3608", "Option D3608"]}, "answerIndex": 0}, {"id": "GE_3678", "section": "General Awareness", "topic": "Polity", "difficulty": "moderate", "text": {"en": "[General Awareness/Polity] Sample exam-style question #3678: Choose the correct option."}, "options": {"en": ["Option A3678", "Option B3678", "Option C3678", "Option D3678"]}, "answerIndex": 2}, {"id": "MA_3602", "section": "Mathematics", "topic": "DI", "difficulty": "moderate", "text": {"en": "[Mathematics/DI] Sample exam-style question #3602: Choose the correct option."}, "options": {"en": ["Option A3602", "Option B3602", "Option C3602", "Option D3602"]}, "answerIndex": 2}, {"id": "RE_3652", "section": "Reasoning", "topic": "Analogy", "difficulty": "moderate", "text": {"en": "[Reasoning/Analogy] Sample exam-style question #3652: Choose the correct option."}, "options": {"en": ["Option A3652", "Option B3652", "Option C3652", "Option D3652"]}, "answerIndex": 0}, {"id": "GE_3696", "section": "General Awareness", "topic": "Science", "difficulty": "moderate", "text": {"en": "[General Awareness/Science] Sample exam-style question #3696: Choose the correct option."}, "options": {"en": ["Option A3696", "Option B3696", "Option C3696", "Option D3696"]}, "answerIndex": 0}, {"id": "GE_3699", "section": "General Awareness", "topic": "History", "difficulty": "moderate", "text": {"en": "[General Awareness/History] Sample exam-style question #3699: Choose the correct option."}, "options": {"en": ["Option A3699", "Option B3699", "Option C3699", "Option D3699"]}, "answerIndex": 3}, {"id": "RE_3655", "section": "Reasoning", "topic": "Series", "difficulty": "moderate", "text": {"en": "[Reasoning/Series] Sample exam-style question #3655: Choose the correct option."}, "options": {"en": ["Option A3655", "Option B3655", "Option C3655", "Option D3655"]}, "answerIndex": 3}, {"id": "GE_3700", "section": "General Awareness", "topic": "Geography", "difficulty": "moderate", "text": {"en": "[General Awareness/Geography] Sample exam-style question #3700: Choose the correct option."}, "options": {"en": ["Option A3700", "Option B3700", "Option C3700", "Option D3700"]}, "answerIndex": 0}, {"id": "GE_3679", "section": "General Awareness", "topic": "Polity", "difficulty": "moderate", "text": {"en": "[General Awareness/Polity] Sample exam-style question #3679: Choose the correct option."}, "options": {"en": ["Option A3679", "Option B3679", "Option C3679", "Option D3679"]}, "answerIndex": 3}, {"id": "GE_3674", "section": "General Awareness", "topic": "Current Affairs", "difficulty": "moderate", "text": {"en": "[General Awareness/Current Affairs] Sample exam-style question #3674: Choose the correct option."}, "options": {"en": ["Option A3674", "Option B3674", "Option C3674", "Option D3674"]}, "answerIndex": 2}, {"id": "GE_3671", "section": "General Awareness", "topic": "Science", "difficulty": "moderate", "text": {"en": "[General Awareness/Science] Sample exam-style question #3671: Choose the correct option."}, "options": {"en": ["Option A3671", "Option B3671", "Option C3671", "Option D3671"]}, "answerIndex": 3}, {"id": "GE_3698", "section": "General Awareness", "topic": "Science", "difficulty": "moderate", "text": {"en": "[General Awareness/Science] Sample exam-style question #3698: Choose the correct option."}, "options": {"en": ["Option A3698", "Option B3698", "Option C3698", "Option D3698"]}, "answerIndex": 2}, {"id": "GE_3697", "section": "General Awareness", "topic": "Current Affairs", "difficulty": "moderate", "text": {"en": "[General Awareness/Current Affairs] Sample exam-style question #3697: Choose the correct option."}, "options": {"en": ["Option A3697", "Option B3697", "Option C3697", "Option D3697"]}, "answerIndex": 1}, {"id": "MA_3628", "section": "Mathematics", "topic": "DI", "difficulty": "moderate", "text": {"en": "[Mathematics/DI] Sample exam-style question #3628: Choose the correct option."}, "options": {"en": ["Option A3628", "Option B3628", "Option C3628", "Option D3628"]}, "answerIndex": 0}, {"id": "GE_3670", "section": "General Awareness", "topic": "Polity", "difficulty": "moderate", "text": {"en": "[General Awareness/Polity] Sample exam-style question #3670: Choose the correct option."}, "options": {"en": ["Option A3670", "Option B3670", "Option C3670", "Option D3670"]}, "answerIndex": 2}, {"id": "RE_3636", "section": "Reasoning", "topic": "Syllogism", "difficulty": "moderate", "text": {"en": "[Reasoning/Syllogism] Sample exam-style question #3636: Choose the correct option."}, "options": {"en": ["Option A3636", "Option B3636", "Option C3636", "Option D3636"]}, "answerIndex": 0}, {"id": "RE_3645", "section": "Reasoning", "topic": "Direction", "difficulty": "moderate", "text": {"en": "[Reasoning/Direction] Sample exam-style question #3645: Choose the correct option."}, "options": {"en": ["Option A3645", "Option B3645", "Option C3645", "Option D3645"]}, "answerIndex": 1}, {"id": "RE_3633", "section": "Reasoning", "topic": "Direction", "difficulty": "moderate", "text": {"en": "[Reasoning/Direction] Sample exam-style question #3633: Choose the correct option."}, "options": {"en": ["Option A3633", "Option B3633", "Option C3633", "Option D3633"]}, "answerIndex": 1}, {"id": "GE_3672", "section": "General Awareness", "topic": "Current Affairs", "difficulty": "moderate", "text": {"en": "[General Awareness/Current Affairs] Sample exam-style question #3672: Choose the correct option."}, "options": {"en": ["Option A3672", "Option B3672", "Option C3672", "Option D3672"]}, "answerIndex": 0}, {"id": "GE_3693", "section": "General Awareness", "topic": "Economy", "difficulty": "moderate", "text": {"en": "[General Awareness/Economy] Sample exam-style question #3693: Choose the correct option."}, "options": {"en": ["Option A3693", "Option B3693", "Option C3693", "Option D3693"]}, "answerIndex": 1}, {"id": "MA_3617", "section": "Mathematics", "topic": "Speed", "difficulty": "moderate", "text": {"en": "[Mathematics/Speed] Sample exam-style question #3617: Choose the correct option."}, "options": {"en": ["Option A3617", "Option B3617", "Option C3617", "Option D3617"]}, "answerIndex": 1}, {"id": "RE_3635", "section": "Reasoning", "topic": "Analogy", "difficulty": "moderate", "text": {"en": "[Reasoning/Analogy] Sample exam-style question #3635: Choose the correct option."}, "options": {"en": ["Option A3635", "Option B3635", "Option C3635", "Option D3635"]}, "answerIndex": 3}, {"id": "GE_3682", "section": "General Awareness", "topic": "History", "difficulty": "moderate", "text": {"en": "[General Awareness/History] Sample exam-style question #3682: Choose the correct option."}, "options": {"en": ["Option A3682", "Option B3682", "Option C3682", "Option D3682"]}, "answerIndex": 2}, {"id": "GE_3668", "section": "General Awareness", "topic": "Current Affairs", "difficulty": "moderate", "text": {"en": "[General Awareness/Current Affairs] Sample exam-style question #3668: Choose the correct option."}, "options": {"en": ["Option A3668", "Option B3668", "Option C3668", "Option D3668"]}, "answerIndex": 0}, {"id": "MA_3623", "section": "Mathematics", "topic": "Speed", "difficulty": "moderate", "text": {"en": "[Mathematics/Speed] Sample exam-style question #3623: Choose the correct option."}, "options": {"en": ["Option A3623", "Option B3623", "Option C3623", "Option D3623"]}, "answerIndex": 3}, {"id": "RE_3656", "section": "Reasoning", "topic": "Syllogism", "difficulty": "moderate", "text": {"en": "[Reasoning/Syllogism] Sample exam-style question #3656: Choose the correct option."}, "options": {"en": ["Option A3656", "Option B3656", "Option C3656", "Option D3656"]}, "answerIndex": 0}, {"id": "GE_3695", "section": "General Awareness", "topic": "Current Affairs", "difficulty": "moderate", "text": {"en": "[General Awareness/Current Affairs] Sample exam-style question #3695: Choose the correct option."}, "options": {"en": ["Option A3695", "Option B3695", "Option C3695", "Option D3695"]}, "answerIndex": 3}, {"id": "GE_3683", "section": "General Awareness", "topic": "Science", "difficulty": "moderate", "text": {"en": "[General Awareness/Science] Sample exam-style question #3683: Choose the correct option."}, "options": {"en": ["Option A3683", "Option B3683", "Option C3683", "Option D3683"]}, "answerIndex": 3}, {"id": "GE_3690", "section": "General Awareness", "topic": "History", "difficulty": "moderate", "text": {"en": "[General Awareness/History] Sample exam-style question #3690: Choose the correct option."}, "options": {"en": ["Option A3690", "Option B3690", "Option C3690", "Option D3690"]}, "answerIndex": 2}, {"id": "MA_3616", "section": "Mathematics", "topic": "Ratio", "difficulty": "moderate", "text": {"en": "[Mathematics/Ratio] Sample exam-style question #3616: Choose the correct option."}, "options": {"en": ["Option A3616", "Option B3616", "Option C3616", "Option D3616"]}, "answerIndex": 0}, {"id": "GE_3692", "section": "General Awareness", "topic": "Geography", "difficulty": "moderate", "text": {"en": "[General Awareness/Geography] Sample exam-style question #3692: Choose the correct option."}, "options": {"en": ["Option A3692", "Option B3692", "Option C3692", "Option D3692"]}, "answerIndex": 0}, {"id": "GE_3662", "section": "General Awareness", "topic": "Polity", "difficulty": "moderate", "text": {"en": "[General Awareness/Polity] Sample exam-style question #3662: Choose the correct option."}, "options": {"en": ["Option A3662", "Option B3662", "Option C3662", "Option D3662"]}, "answerIndex": 2}, {"id": "GE_3661", "section": "General Awareness", "topic": "Polity", "difficulty": "moderate", "text": {"en": "[General Awareness/Polity] Sample exam-style question #3661: Choose the correct option."}, "options": {"en": ["Option A3661", "Option B3661", "Option C3661", "Option D3661"]}, "answerIndex": 1}, {"id": "RE_3660", "section": "Reasoning", "topic": "Analogy", "difficulty": "moderate", "text": {"en": "[Reasoning/Analogy] Sample exam-style question #3660: Choose the correct option."}, "options": {"en": ["Option A3660", "Option B3660", "Option C3660", "Option D3660"]}, "answerIndex": 0}, {"id": "GE_3689", "section": "General Awareness", "topic": "Science", "difficulty": "moderate", "text": {"en": "[General Awareness/Science] Sample exam-style question #3689: Choose the correct option."}, "options": {"en": ["Option A3689", "Option B3689", "Option C3689", "Option D3689"]}, "answerIndex": 1}, {"id": "MA_3625", "section": "Mathematics", "topic": "CI", "difficulty": "moderate", "text": {"en": "[Mathematics/CI] Sample exam-style question #3625: Choose the correct option."}, "options": {"en": ["Option A3625", "Option B3625", "Option C3625", "Option D3625"]}, "answerIndex": 1}, {"id": "GE_3673", "section": "General Awareness", "topic": "Current Affairs", "difficulty": "moderate", "text": {"en": "[General Awareness/Current Affairs] Sample exam-style question #3673: Choose the correct option."}, "options": {"en": ["Option A3673", "Option B3673", "Option C3673", "Option D3673"]}, "answerIndex": 1}, {"id": "GE_3665", "section": "General Awareness", "topic": "Current Affairs", "difficulty": "moderate", "text": {"en": "[General Awareness/Current Affairs] Sample exam-style question #3665: Choose the correct option."}, "options": {"en": ["Option A3665", "Option B3665", "Option C3665", "Option D3665"]}, "answerIndex": 1}, {"id": "RE_3654", "section": "Reasoning", "topic": "Puzzle", "difficulty": "moderate", "text": {"en": "[Reasoning/Puzzle] Sample exam-style question #3654: Choose the correct option."}, "options": {"en": ["Option A3654", "Option B3654", "Option C3654", "Option D3654"]}, "answerIndex": 2}, {"id": "MA_3622", "section": "Mathematics", "topic": "CI", "difficulty": "moderate", "text": {"en": "[Mathematics/CI] Sample exam-style question #3622: Choose the correct option."}, "options": {"en": ["Option A3622", "Option B3622", "Option C3622", "Option D3622"]}, "answerIndex": 2}, {"id": "GE_3676", "section": "General Awareness", "topic": "Geography", "difficulty": "moderate", "text": {"en": "[General Awareness/Geography] Sample exam-style question #3676: Choose the correct option."}, "options": {"en": ["Option A3676", "Option B3676", "Option C3676", "Option D3676"]}, "answerIndex": 0}, {"id": "MA_3619", "section": "Mathematics", "topic": "Time&Work", "difficulty": "moderate", "text": {"en": "[Mathematics/Time&Work] Sample exam-style question #3619: Choose the correct option."}, "options": {"en": ["Option A3619", "Option B3619", "Option C3619", "Option D3619"]}, "answerIndex": 3}, {"id": "MA_3607", "section": "Mathematics", "topic": "DI", "difficulty": "moderate", "text": {"en": "[Mathematics/DI] Sample exam-style question #3607: Choose the correct option."}, "options": {"en": ["Option A3607", "Option B3607", "Option C3607", "Option D3607"]}, "answerIndex": 3}, {"id": "MA_3609", "section": "Mathematics", "topic": "CI", "difficulty": "moderate", "text": {"en": "[Mathematics/CI] Sample exam-style question #3609: Choose the correct option."}, "options": {"en": ["Option A3609", "Option B3609", "Option C3609", "Option D3609"]}, "answerIndex": 1}, {"id": "MA_3629", "section": "Mathematics", "topic": "Speed", "difficulty": "moderate", "text": {"en": "[Mathematics/Speed] Sample exam-style question #3629: Choose the correct option."}, "options": {"en": ["Option A3629", "Option B3629", "Option C3629", "Option D3629"]}, "answerIndex": 1}, {"id": "MA_3630", "section": "Mathematics", "topic": "Percentage", "difficulty": "moderate", "text": {"en": "[Mathematics/Percentage] Sample exam-style question #3630: Choose the correct option."}, "options": {"en": ["Option A3630", "Option B3630", "Option C3630", "Option D3630"]}, "answerIndex": 2}, {"id": "RE_3631", "section": "Reasoning", "topic": "Direction", "difficulty": "moderate", "text": {"en": "[Reasoning/Direction] Sample exam-style question #3631: Choose the correct option."}, "options": {"en": ["Option A3631", "Option B3631", "Option C3631", "Option D3631"]}, "answerIndex": 3}, {"id": "GE_3667", "section": "General Awareness", "topic": "History", "difficulty": "moderate", "text": {"en": "[General Awareness/History] Sample exam-style question #3667: Choose the correct option."}, "options": {"en": ["Option A3667", "Option B3667", "Option C3667", "Option D3667"]}, "answerIndex": 3}, {"id": "GE_3663", "section": "General Awareness", "topic": "History", "difficulty": "moderate", "text": {"en": "[General Awareness/History] Sample exam-style question #3663: Choose the correct option."}, "options": {"en": ["Option A3663", "Option B3663", "Option C3663", "Option D3663"]}, "answerIndex": 3}, {"id": "MA_3627", "section": "Mathematics", "topic": "SI", "difficulty": "moderate", "text": {"en": "[Mathematics/SI] Sample exam-style question #3627: Choose the correct option."}, "options": {"en": ["Option A3627", "Option B3627", "Option C3627", "Option D3627"]}, "answerIndex": 3}, {"id": "RE_3640", "section": "Reasoning", "topic": "Coding", "difficulty": "moderate", "text": {"en": "[Reasoning/Coding] Sample exam-style question #3640: Choose the correct option."}, "options": {"en": ["Option A3640", "Option B3640", "Option C3640", "Option D3640"]}, "answerIndex": 0}, {"id": "MA_3615", "section": "Mathematics", "topic": "Time&Work", "difficulty": "moderate", "text": {"en": "[Mathematics/Time&Work] Sample exam-style question #3615: Choose the correct option."}, "options": {"en": ["Option A3615", "Option B3615", "Option C3615", "Option D3615"]}, "answerIndex": 3}, {"id": "MA_3612", "section": "Mathematics", "topic": "Time&Work", "difficulty": "moderate", "text": {"en": "[Mathematics/Time&Work] Sample exam-style question #3612: Choose the correct option."}, "options": {"en": ["Option A3612", "Option B3612", "Option C3612", "Option D3612"]}, "answerIndex": 0}, {"id": "RE_3659", "section": "Reasoning", "topic": "Puzzle", "difficulty": "moderate", "text": {"en": "[Reasoning/Puzzle] Sample exam-style question #3659: Choose the correct option."}, "options": {"en": ["Option A3659", "Option B3659", "Option C3659", "Option D3659"]}, "answerIndex": 3}, {"id": "RE_3643", "section": "Reasoning", "topic": "Direction", "difficulty": "moderate", "text": {"en": "[Reasoning/Direction] Sample exam-style question #3643: Choose the correct option."}, "options": {"en": ["Option A3643", "Option B3643", "Option C3643", "Option D3643"]}, "answerIndex": 3}, {"id": "MA_3624", "section": "Mathematics", "topic": "Ratio", "difficulty": "moderate", "text": {"en": "[Mathematics/Ratio] Sample exam-style question #3624: Choose the correct option."}, "options": {"en": ["Option A3624", "Option B3624", "Option C3624", "Option D3624"]}, "answerIndex": 0}, {"id": "RE_3648", "section": "Reasoning", "topic": "Puzzle", "difficulty": "moderate", "text": {"en": "[Reasoning/Puzzle] Sample exam-style question #3648: Choose the correct option."}, "options": {"en": ["Option A3648", "Option B3648", "Option C3648", "Option D3648"]}, "answerIndex": 0}, {"id": "RE_3651", "section": "Reasoning", "topic": "Puzzle", "difficulty": "moderate", "text": {"en": "[Reasoning/Puzzle] Sample exam-style question #3651: Choose the correct option."}, "options": {"en": ["Option A3651", "Option B3651", "Option C3651", "Option D3651"]}, "answerIndex": 3}, {"id": "MA_3621", "section": "Mathematics", "topic": "Speed", "difficulty": "moderate", "text": {"en": "[Mathematics/Speed] Sample exam-style question #3621: Choose the correct option."}, "options": {"en": ["Option A3621", "Option B3621", "Option C3621", "Option D3621"]}, "answerIndex": 1}, {"id": "GE_3688", "section": "General Awareness", "topic": "Current Affairs", "difficulty": "moderate", "text": {"en": "[General Awareness/Current Affairs] Sample exam-style question #3688: Choose the correct option."}, "options": {"en": ["Option A3688", "Option B3688", "Option C3688", "Option D3688"]}, "answerIndex": 0}, {"id": "RE_3653", "section": "Reasoning", "topic": "Direction", "difficulty": "moderate", "text": {"en": "[Reasoning/Direction] Sample exam-style question #3653: Choose the correct option."}, "options": {"en": ["Option A3653", "Option B3653", "Option C3653", "Option D3653"]}, "answerIndex": 1}, {"id": "RE_3649", "section": "Reasoning", "topic": "Direction", "difficulty": "moderate", "text": {"en": "[Reasoning/Direction] Sample exam-style question #3649: Choose the correct option."}, "options": {"en": ["Option A3649", "Option B3649", "Option C3649", "Option D3649"]}, "answerIndex": 1}, {"id": "GE_3684", "section": "General Awareness", "topic": "Current Affairs", "difficulty": "moderate", "text": {"en": "[General Awareness/Current Affairs] Sample exam-style question #3684: Choose the correct option."}, "options": {"en": ["Option A3684", "Option B3684", "Option C3684", "Option D3684"]}, "answerIndex": 0}, {"id": "RE_3639", "section": "Reasoning", "topic": "Analogy", "difficulty": "moderate", "text": {"en": "[Reasoning/Analogy] Sample exam-style question #3639: Choose the correct option."}, "options": {"en": ["Option A3639", "Option B3639", "Option C3639", "Option D3639"]}, "answerIndex": 3}, {"id": "RE_3634", "section": "Reasoning", "topic": "Coding", "difficulty": "moderate", "text": {"en": "[Reasoning/Coding] Sample exam-style question #3634: Choose the correct option."}, "options": {"en": ["Option A3634", "Option B3634", "Option C3634", "Option D3634"]}, "answerIndex": 2}, {"id": "MA_3605", "section": "Mathematics", "topic": "CI", "difficulty": "moderate", "text": {"en": "[Mathematics/CI] Sample exam-style question #3605: Choose the correct option."}, "options": {"en": ["Option A3605", "Option B3605", "Option C3605", "Option D3605"]}, "answerIndex": 1}, {"id": "RE_3650", "section": "Reasoning", "topic": "Puzzle", "difficulty": "moderate", "text": {"en": "[Reasoning/Puzzle] Sample exam-style question #3650: Choose the correct option."}, "options": {"en": ["Option A3650", "Option B3650", "Option C3650", "Option D3650"]}, "answerIndex": 2}, {"id": "RE_3644", "section": "Reasoning", "topic": "Series", "difficulty": "moderate", "text": {"en": "[Reasoning/Series] Sample exam-style question #3644: Choose the correct option."}, "options": {"en": ["Option A3644", "Option B3644", "Option C3644", "Option D3644"]}, "answerIndex": 0}, {"id": "MA_3610", "section": "Mathematics", "topic": "SI", "difficulty": "moderate", "text": {"en": "[Mathematics/SI] Sample exam-style question #3610: Choose the correct option."}, "options": {"en": ["Option A3610", "Option B3610", "Option C3610", "Option D3610"]}, "answerIndex": 2}, {"id": "GE_3669", "section": "General Awareness", "topic": "Science", "difficulty": "moderate", "text": {"en": "[General Awareness/Science] Sample exam-style question #3669: Choose the correct option."}, "options": {"en": ["Option A3669", "Option B3669", "Option C3669", "Option D3669"]}, "answerIndex": 1}, {"id": "GE_3694", "section": "General Awareness", "topic": "Economy", "difficulty": "moderate", "text": {"en": "[General Awareness/Economy] Sample exam-style question #3694: Choose the correct option."}, "options": {"en": ["Option A3694", "Option B3694", "Option C3694", "Option D3694"]}, "answerIndex": 2}, {"id": "RE_3638", "section": "Reasoning", "topic": "Syllogism", "difficulty": "moderate", "text": {"en": "[Reasoning/Syllogism] Sample exam-style question #3638: Choose the correct option."}, "options": {"en": ["Option A3638", "Option B3638", "Option C3638", "Option D3638"]}, "answerIndex": 2}, {"id": "MA_3620", "section": "Mathematics", "topic": "Percentage", "difficulty": "moderate", "text": {"en": "[Mathematics/Percentage] Sample exam-style question #3620: Choose the correct option."}, "options": {"en": ["Option A3620", "Option B3620", "Option C3620", "Option D3620"]}, "answerIndex": 0}, {"id": "GE_3666", "section": "General Awareness", "topic": "Geography", "difficulty": "moderate", "text": {"en": "[General Awareness/Geography] Sample exam-style question #3666: Choose the correct option."}, "options": {"en": ["Option A3666", "Option B3666", "Option C3666", "Option D3666"]}, "answerIndex": 2}, {"id": "MA_3601", "section": "Mathematics", "topic": "Time&Work", "difficulty": "moderate", "text": {"en": "[Mathematics/Time&Work] Sample exam-style question #3601: Choose the correct option."}, "options": {"en": ["Option A3601", "Option B3601", "Option C3601", "Option D3601"]}, "answerIndex": 1}, {"id": "GE_3677", "section": "General Awareness", "topic": "Economy", "difficulty": "moderate", "text": {"en": "[General Awareness/Economy] Sample exam-style question #3677: Choose the correct option."}, "options": {"en": ["Option A3677", "Option B3677", "Option C3677", "Option D3677"]}, "answerIndex": 1}, {"id": "MA_3618", "section": "Mathematics", "topic": "DI", "difficulty": "moderate", "text": {"en": "[Mathematics/DI] Sample exam-style question #3618: Choose the correct option."}, "options": {"en": ["Option A3618", "Option B3618", "Option C3618", "Option D3618"]}, "answerIndex": 2}, {"id": "GE_3681", "section": "General Awareness", "topic": "Geography", "difficulty": "moderate", "text": {"en": "[General Awareness/Geography] Sample exam-style question #3681: Choose the correct option."}, "options": {"en": ["Option A3681", "Option B3681", "Option C3681", "Option D3681"]}, "answerIndex": 1}, {"id": "RE_3632", "section": "Reasoning", "topic": "Analogy", "difficulty": "moderate", "text": {"en": "[Reasoning/Analogy] Sample exam-style question #3632: Choose the correct option."}, "options": {"en": ["Option A3632", "Option B3632", "Option C3632", "Option D3632"]}, "answerIndex": 0}, {"id": "GE_3675", "section": "General Awareness", "topic": "Economy", "difficulty": "moderate", "text": {"en": "[General Awareness/Economy] Sample exam-style question #3675: Choose the correct option."}, "options": {"en": ["Option A3675", "Option B3675", "Option C3675", "Option D3675"]}, "answerIndex": 3}, {"id": "RE_3637", "section": "Reasoning", "topic": "Coding", "difficulty": "moderate", "text": {"en": "[Reasoning/Coding] Sample exam-style question #3637: Choose the correct option."}, "options": {"en": ["Option A3637", "Option B3637", "Option C3637", "Option D3637"]}, "answerIndex": 1}, {"id": "GE_3686", "section": "General Awareness", "topic": "Science", "difficulty": "moderate", "text": {"en": "[General Awareness/Science] Sample exam-style question #3686: Choose the correct option."}, "options": {"en": ["Option A3686", "Option B3686", "Option C3686", "Option D3686"]}, "answerIndex": 2}, {"id": "RE_3646", "section": "Reasoning", "topic": "Puzzle", "difficulty": "moderate", "text": {"en": "[Reasoning/Puzzle] Sample exam-style question #3646: Choose the correct option."}, "options": {"en": ["Option A3646", "Option B3646", "Option C3646", "Option D3646"]}, "answerIndex": 2}, {"id": "MA_3603", "section": "Mathematics", "topic": "Ratio", "difficulty": "moderate", "text": {"en": "[Mathematics/Ratio] Sample exam-style question #3603: Choose the correct option."}, "options": {"en": ["Option A3603", "Option B3603", "Option C3603", "Option D3603"]}, "answerIndex": 3}, {"id": "MA_3606", "section": "Mathematics", "topic": "SI", "difficulty": "moderate", "text": {"en": "[Mathematics/SI] Sample exam-style question #3606: Choose the correct option."}, "options": {"en": ["Option A3606", "Option B3606", "Option C3606", "Option D3606"]}, "answerIndex": 2}, {"id": "MA_3614", "section": "Mathematics", "topic": "Time&Work", "difficulty": "moderate", "text": {"en": "[Mathematics/Time&Work] Sample exam-style question #3614: Choose the correct option."}, "options": {"en": ["Option A3614", "Option B3614", "Option C3614", "Option D3614"]}, "answerIndex": 2}, {"id": "GE_3685", "section": "General Awareness", "topic": "Science", "difficulty": "moderate", "text": {"en": "[General Awareness/Science] Sample exam-style question #3685: Choose the correct option."}, "options": {"en": ["Option A3685", "Option B3685", "Option C3685", "Option D3685"]}, "answerIndex": 1}, {"id": "GE_3664", "section": "General Awareness", "topic": "Current Affairs", "difficulty": "moderate", "text": {"en": "[General Awareness/Current Affairs] Sample exam-style question #3664: Choose the correct option."}, "options": {"en": ["Option A3664", "Option B3664", "Option C3664", "Option D3664"]}, "answerIndex": 0}, {"id": "GE_3687", "section": "General Awareness", "topic": "Science", "difficulty": "moderate", "text": {"en": "[General Awareness/Science] Sample exam-style question #3687: Choose the correct option."}, "options": {"en": ["Option A3687", "Option B3687", "Option C3687", "Option D3687"]}, "answerIndex": 3}, {"id": "RE_3657", "section": "Reasoning", "topic": "Analogy", "difficulty": "moderate", "text": {"en": "[Reasoning/Analogy] Sample exam-style question #3657: Choose the correct option."}, "options": {"en": ["Option A3657", "Option B3657", "Option C3657", "Option D3657"]}, "answerIndex": 1}, {"id": "MA_3611", "section": "Mathematics", "topic": "Percentage", "difficulty": "moderate", "text": {"en": "[Mathematics/Percentage] Sample exam-style question #3611: Choose the correct option."}, "options": {"en": ["Option A3611", "Option B3611", "Option C3611", "Option D3611"]}, "answerIndex": 3}]}