{"testId": "042", "questions": [{"id": "MA_4105", "section": "Mathematics", "topic": "CI", "difficulty": "moderate", "text": {"en": "[Mathematics/CI] Sample exam-style question #4105: Choose the correct option."}, "options": {"en": ["Option A4105", "Option B4105", "Option C4105", "Option D4105"]}, "answerIndex": 1}, {"id": "GE_4177", "section": "General Awareness", "topic": "Economy", "difficulty": "moderate", "text": {"en": "[General Awareness/Economy] Sample exam-style question #4177: Choose the correct option."}, "options": {"en": ["Option A4177", "Option B4177", "Option C4177", "Option D4177"]}, "answerIndex": 1}, {"id": "MA_4101", "section": "Mathematics", "topic": "Ratio", "difficulty": "moderate", "text": {"en": "[Mathematics/Ratio] Sample exam-style question #4101: Choose the correct option."}, "options": {"en": ["Option A4101", "Option B4101", "Option C4101", "Option D4101"]}, "answerIndex": 1}, {"id": "MA_4111", "section": "Mathematics", "topic": "DI", "difficulty": "moderate", "text": {"en": "[Mathematics/DI] Sample exam-style question #4111: Choose the correct option."}, "options": {"en": ["Option A4111", "Option B4111", "Option C4111", "Option D4111"]}, "answerIndex": 3}, {"id": "MA_4126", "section": "Mathematics", "topic": "Time&Work", "difficulty": "moderate", "text": {"en": "[Mathematics/Time&Work] Sample exam-style question #4126: Choose the correct option."}, "options": {"en": ["Option A4126", "Option B4126", "Option C4126", "Option D4126"]}, "answerIndex": 2}, {"id": "RE_4154", "section": "Reasoning", "topic": "Series", "difficulty": "moderate", "text": {"en": "[Reasoning/Series] Sample exam-style question #4154: Choose the correct option."}, "options": {"en": ["Option A4154", "Option B4154", "Option C4154", "Option D4154"]}, "answerIndex": 2}, {"id": "GE_4170", "section": "General Awareness", "topic": "Science", "difficulty": "moderate", "text": {"en": "[General Awareness/Science] Sample exam-style question #4170: Choose the correct option."}, "options": {"en": ["Option A4170", "Option B4170", "Option C4170", "Option D4170"]}, "answerIndex": 2}, {"id": "MA_4120", "section": "Mathematics", "topic": "Ratio", "difficulty": "moderate", "text": {"en": "[Mathematics/Ratio] Sample exam-style question #4120: Choose the correct option."}, "options": {"en": ["Option A4120", "Option B4120", "Option C4120", "Option D4120"]}, "answerIndex": 0}, {"id": "GE_4176", "section": "General Awareness", "topic": "Polity", "difficulty": "moderate", "text": {"en": "[General Awareness/Polity] Sample exam-style question #4176: Choose the correct option."}, "options": {"en": ["Option A4176", "Option B4176", "Option C4176", "Option D4176"]}, "answerIndex": 0}, {"id": "GE_4192", "section": "General Awareness", "topic": "History", "difficulty": "moderate", "text": {"en": "[General Awareness/History] Sample exam-style question #4192: Choose the correct option."}, "options": {"en": ["Option A4192", "Option B4192", "Option C4192", "Option D4192"]}, "answerIndex": 0}, {"id": "GE_4193", "section": "General Awareness", "topic": "Geography", "difficulty": "moderate", "text": {"en": "[General Awareness/Geography] Sample exam-style question #4193: Choose the correct option."}, "options": {"en": ["Option A4193", "Option B4193", "Option C4193", "Option D4193"]}, "answerIndex": 1}, {"id": "MA_4125", "section": "Mathematics", "topic": "Ratio", "difficulty": "moderate", "text": {"en": "[Mathematics/Ratio] Sample exam-style question #4125: Choose the correct option."}, "options": {"en": ["Option A4125", "Option B4125", "Option C4125", "Option D4125"]}, "answerIndex": 1}, {"id": "MA_4117", "section": "Mathematics", "topic": "CI", "difficulty": "moderate", "text": {"en": "[Mathematics/CI] Sample exam-style question #4117: Choose the correct option."}, "options": {"en": ["Option A4117", "Option B4117", "Option C4117", "Option D4117"]}, "answerIndex": 1}, {"id": "MA_4107", "section": "Mathematics", "topic": "Ratio", "difficulty": "moderate", "text": {"en": "[Mathematics/Ratio] Sample exam-style question #4107: Choose the correct option."}, "options": {"en": ["Option A4107", "Option B4107", "Option C4107", "Option D4107"]}, "answerIndex": 3}, {"id": "RE_4153", "section": "Reasoning", "topic": "Puzzle", "difficulty": "moderate", "text": {"en": "[Reasoning/Puzzle] Sample exam-style question #4153: Choose the correct option."}, "options": {"en": ["Option A4153", "Option B4153", "Option C4153", "Option D4153"]}, "answerIndex": 1}, {"id": "GE_4166", "section": "General Awareness", "topic": "History", "difficulty": "moderate", "text": {"en": "[General Awareness/History] Sample exam-style question #4166: Choose the correct option."}, "options": {"en": ["Option A4166", "Option B4166", "Option C4166", "Option D4166"]}, "answerIndex": 2}, {"id": "RE_4159", "section": "Reasoning", "topic": "Coding", "difficulty": "moderate", "text": {"en": "[Reasoning/Coding] Sample exam-style question #4159: Choose the correct option."}, "options": {"en": ["Option A4159", "Option B4159", "Option C4159", "Option D4159"]}, "answerIndex": 3}, {"id": "GE_4200", "section": "General Awareness", "topic": "Science", "difficulty": "moderate", "text": {"en": "[General Awareness/Science] Sample exam-style question #4200: Choose the correct option."}, "options": {"en": ["Option A4200", "Option B4200", "Option C4200", "Option D4200"]}, "answerIndex": 0}, {"id": "GE_4180", "section": "General Awareness", "topic": "Current Affairs", "difficulty": "moderate", "text": {"en": "[General Awareness/Current Affairs] Sample exam-style question #4180: Choose the correct option."}, "options": {"en": ["Option A4180", "Option B4180", "Option C4180", "Option D4180"]}, "answerIndex": 0}, {"id": "MA_4115", "section": "Mathematics", "topic": "CI", "difficulty": "moderate", "text": {"en": "[Mathematics/CI] Sample exam-style question #4115: Choose the correct option."}, "options": {"en": ["Option A4115", "Option B4115", "Option C4115", "Option D4115"]}, "answerIndex": 3}, {"id": "MA_4118", "section": "Mathematics", "topic": "SI", "difficulty": "moderate", "text": {"en": "[Mathematics/SI] Sample exam-style question #4118: Choose the correct option."}, "options": {"en": ["Option A4118", "Option B4118", "Option C4118", "Option D4118"]}, "answerIndex": 2}, {"id": "RE_4142", "section": "Reasoning", "topic": "Direction", "difficulty": "moderate", "text": {"en": "[Reasoning/Direction] Sample exam-style question #4142: Choose the correct option."}, "options": {"en": ["Option A4142", "Option B4142", "Option C4142", "Option D4142"]}, "answerIndex": 2}, {"id": "MA_4110", "section": "Mathematics", "topic": "Ratio", "difficulty": "moderate", "text": {"en": "[Mathematics/Ratio] Sample exam-style question #4110: Choose the correct option."}, "options": {"en": ["Option A4110", "Option B4110", "Option C4110", "Option D4110"]}, "answerIndex": 2}, {"id": "MA_4129", "section": "Mathematics", "topic": "Speed", "difficulty": "moderate", "text": {"en": "[Mathematics/Speed] Sample exam-style question #4129: Choose the correct option."}, "options": {"en": ["Option A4129", "Option B4129", "Option C4129", "Option D4129"]}, "answerIndex": 1}, {"id": "GE_4173", "section": "General Awareness", "topic": "Geography", "difficulty": "moderate", "text": {"en": "[General Awareness/Geography] Sample exam-style question #4173: Choose the correct option."}, "options": {"en": ["Option A4173", "Option B4173", "Option C4173", "Option D4173"]}, "answerIndex": 1}, {"id": "MA_4116", "section": "Mathematics", "topic": "SI", "difficulty": "moderate", "text": {"en": "[Mathematics/SI] Sample exam-style question #4116: Choose the correct option."}, "options": {"en": ["Option A4116", "Option B4116", "Option C4116", "Option D4116"]}, "answerIndex": 0}, {"id": "RE_4157", "section": "Reasoning", "topic": "Syllogism", "difficulty": "moderate", "text": {"en": "[Reasoning/Syllogism] Sample exam-style question #4157: Choose the correct option."}, "options": {"en": ["Option A4157", "Option B4157", "Option C4157", "Option D4157"]}, "answerIndex": 1}, {"id": "MA_4106", "section": "Mathematics", "topic": "DI", "difficulty": "moderate", "text": {"en": "[Mathematics/DI] Sample exam-style question #4106: Choose the correct option."}, "options": {"en": ["Option A4106", "Option B4106", "Option C4106", "Option D4106"]}, "answerIndex": 2}, {"id": "RE_4131", "section": "Reasoning", "topic": "Syllogism", "difficulty": "moderate", "text": {"en": "[Reasoning/Syllogism] Sample exam-style question #4131: Choose the correct option."}, "options": {"en": ["Option A4131", "Option B4131", "Option C4131", "Option D4131"]}, "answerIndex": 3}, {"id": "MA_4123", "section": "Mathematics", "topic": "Speed", "difficulty": "moderate", "text": {"en": "[Mathematics/Speed] Sample exam-style question #4123: Choose the correct option."}, "options": {"en": ["Option A4123", "Option B4123", "Option C4123", "Option D4123"]}, "answerIndex": 3}, {"id": "RE_4147", "section": "Reasoning", "topic": "Direction", "difficulty": "moderate", "text": {"en": "[Reasoning/Direction] Sample exam-style question #4147: Choose the correct option."}, "options": {"en": ["Option A4147", "Option B4147", "Option C4147", "Option D4147"]}, "answerIndex": 3}, {"id": "RE_4144", "section": "Reasoning", "topic": "Analogy", "difficulty": "moderate", "text": {"en": "[Reasoning/Analogy] Sample exam-style question #4144: Choose the correct option."}, "options": {"en": ["Option A4144", "Option B4144", "Option C4144", "Option D4144"]}, "answerIndex": 0}, {"id": "RE_4134", "section": "Reasoning", "topic": "Analogy", "difficulty": "moderate", "text": {"en": "[Reasoning/Analogy] Sample exam-style question #4134: Choose the correct option."}, "options": {"en": ["Option A4134", "Option B4134", "Option C4134", "Option D4134"]}, "answerIndex": 2}, {"id": "GE_4196", "section": "General Awareness", "topic": "Polity", "difficulty": "moderate", "text": {"en": "[General Awareness/Polity] Sample exam-style question #4196: Choose the correct option."}, "options": {"en": ["Option A4196", "Option B4196", "Option C4196", "Option D4196"]}, "answerIndex": 0}, {"id": "GE_4183", "section": "General Awareness", "topic": "Economy", "difficulty": "moderate", "text": {"en": "[General Awareness/Economy] Sample exam-style question #4183: Choose the correct option."}, "options": {"en": ["Option A4183", "Option B4183", "Option C4183", "Option D4183"]}, "answerIndex": 3}, {"id": "GE_4168", "section": "General Awareness", "topic": "Polity", "difficulty": "moderate", "text": {"en": "[General Awareness/Polity] Sample exam-style question #4168: Choose the correct option."}, "options": {"en": ["Option A4168", "Option B4168", "Option C4168", "Option D4168"]}, "answerIndex": 0}, {"id": "RE_4135", "section": "Reasoning", "topic": "Syllogism", "difficulty": "moderate", "text": {"en": "[Reasoning/Syllogism] Sample exam-style question #4135: Choose the correct option."}, "options": {"en": ["Option A4135", "Option B4135", "Option C4135", "Option D4135"]}, "answerIndex": 3}, {"id": "MA_4121", "section": "Mathematics", "topic": "Ratio", "difficulty": "moderate", "text": {"en": "[Mathematics/Ratio] Sample exam-style question #4121: Choose the correct option."}, "options": {"en": ["Option A4121", "Option B4121", "Option C4121", "Option D4121"]}, "answerIndex": 1}, {"id": "GE_4195", "section": "General Awareness", "topic": "Geography", "difficulty": "moderate", "text": {"en": "[General Awareness/Geography] Sample exam-style question #4195: Choose the correct option."}, "options": {"en": ["Option A4195", "Option B4195", "Option C4195", "Option D4195"]}, "answerIndex": 3}, {"id": "GE_4179", "section": "General Awareness", "topic": "Geography", "difficulty": "moderate", "text": {"en": "[General Awareness/Geography] Sample exam-style question #4179: Choose the correct option."}, "options": {"en": ["Option A4179", "Option B4179", "Option C4179", "Option D4179"]}, "answerIndex": 3}, {"id": "GE_4184", "section": "General Awareness", "topic": "Economy", "difficulty": "moderate", "text": {"en": "[General Awareness/Economy] Sample exam-style question #4184: Choose the correct option."}, "options": {"en": ["Option A4184", "Option B4184", "Option C4184", "Option D4184"]}, "answerIndex": 0}, {"id": "GE_4174", "section": "General Awareness", "topic": "History", "difficulty": "moderate", "text": {"en": "[General Awareness/History] Sample exam-style question #4174: Choose the correct option."}, "options": {"en": ["Option A4174", "Option B4174", "Option C4174", "Option D4174"]}, "answerIndex": 2}, {"id": "RE_4148", "section": "Reasoning", "topic": "Direction", "difficulty": "moderate", "text": {"en": "[Reasoning/Direction] Sample exam-style question #4148: Choose the correct option."}, "options": {"en": ["Option A4148", "Option B4148", "Option C4148", "Option D4148"]}, "answerIndex": 0}, {"id": "MA_4130", "section": "Mathematics", "topic": "Time&Work", "difficulty": "moderate", "text": {"en": "[Mathematics/Time&Work] Sample exam-style question #4130: Choose the correct option."}, "options": {"en": ["Option A4130", "Option B4130", "Option C4130", "Option D4130"]}, "answerIndex": 2}, {"id": "GE_4190", "section": "General Awareness", "topic": "Science", "difficulty": "moderate", "text": {"en": "[General Awareness/Science] Sample exam-style question #4190: Choose the correct option."}, "options": {"en": ["Option A4190", "Option B4190", "Option C4190", "Option D4190"]}, "answerIndex": 2}, {"id": "GE_4169", "section": "General Awareness", "topic": "Polity", "difficulty": "moderate", "text": {"en": "[General Awareness/Polity] Sample exam-style question #4169: Choose the correct option."}, "options": {"en": ["Option A4169", "Option B4169", "Option C4169", "Option D4169"]}, "answerIndex": 1}, {"id": "GE_4197", "section": "General Awareness", "topic": "Science", "difficulty": "moderate", "text": {"en": "[General Awareness/Science] Sample exam-style question #4197: Choose the correct option."}, "options": {"en": ["Option A4197", "Option B4197", "Option C4197", "Option D4197"]}, "answerIndex": 1}, {"id": "GE_4164", "section": "General Awareness", "topic": "Science", "difficulty": "moderate", "text": {"en": "[General Awareness/Science] Sample exam-style question #4164: Choose the correct option."}, "options": {"en": ["Option A4164", "Option B4164", "Option C4164", "Option D4164"]}, "answerIndex": 0}, {"id": "RE_4140", "section": "Reasoning", "topic": "Coding", "difficulty": "moderate", "text": {"en": "[Reasoning/Coding] Sample exam-style question #4140: Choose the correct option."}, "options": {"en": ["Option A4140", "Option B4140", "Option C4140", "Option D4140"]}, "answerIndex": 0}, {"id": "GE_4178", "section": "General Awareness", "topic": "Science", "difficulty": "moderate", "text": {"en": "[General Awareness/Science] Sample exam-style question #4178: Choose the correct option."}, "options": {"en": ["Option A4178", "Option B4178", "Option C4178", "Option D4178"]}, "answerIndex": 2}, {"id": "MA_4124", "section": "Mathematics", "topic": "Percentage", "difficulty": "moderate", "text": {"en": "[Mathematics/Percentage] Sample exam-style question #4124: Choose the correct option."}, "options": {"en": ["Option A4124", "Option B4124", "Option C4124", "Option D4124"]}, "answerIndex": 0}, {"id": "RE_4145", "section": "Reasoning", "topic": "Series", "difficulty": "moderate", "text": {"en": "[Reasoning/Series] Sample exam-style question #4145: Choose the correct option."}, "options": {"en": ["Option A4145", "Option B4145", "Option C4145", "Option D4145"]}, "answerIndex": 1}, {"id": "GE_4182", "section": "General Awareness", "topic": "Science", "difficulty": "moderate", "text": {"en": "[General Awareness/Science] Sample exam-style question #4182: Choose the correct option."}, "options": {"en": ["Option A4182", "Option B4182", "Option C4182", "Option D4182"]}, "answerIndex": 2}, {"id": "GE_4186", "section": "General Awareness", "topic": "Economy", "difficulty": "moderate", "text": {"en": "[General Awareness/Economy] Sample exam-style question #4186: Choose the correct option."}, "options": {"en": ["Option A4186", "Option B4186", "Option C4186", "Option D4186"]}, "answerIndex": 2}, {"id": "RE_4149", "section": "Reasoning", "topic": "Series", "difficulty": "moderate", "text": {"en": "[Reasoning/Series] Sample exam-style question #4149: Choose the correct option."}, "options": {"en": ["Option A4149", "Option B4149", "Option C4149", "Option D4149"]}, "answerIndex": 1}, {"id": "MA_4102", "section": "Mathematics", "topic": "CI", "difficulty": "moderate", "text": {"en": "[Mathematics/CI] Sample exam-style question #4102: Choose the correct option."}, "options": {"en": ["Option A4102", "Option B4102", "Option C4102", "Option D4102"]}, "answerIndex": 2}, {"id": "RE_4152", "section": "Reasoning", "topic": "Analogy", "difficulty": "moderate", "text": {"en": "[Reasoning/Analogy] Sample exam-style question #4152: Choose the correct option."}, "options": {"en": ["Option A4152", "Option B4152", "Option C4152", "Option D4152"]}, "answerIndex": 0}, {"id": "GE_4171", "section": "General Awareness", "topic": "Polity", "difficulty": "moderate", "text": {"en": "[General Awareness/Polity] Sample exam-style question #4171: Choose the correct option."}, "options": {"en": ["Option A4171", "Option B4171", "Option C4171", "Option D4171"]}, "answerIndex": 3}, {"id": "RE_4137", "section": "Reasoning", "topic": "Puzzle", "difficulty": "moderate", "text": {"en": "[Reasoning/Puzzle] Sample exam-style question #4137: Choose the correct option."}, "options": {"en": ["Option A4137", "Option B4137", "Option C4137", "Option D4137"]}, "answerIndex": 1}, {"id": "RE_4160", "section": "Reasoning", "topic": "Direction", "difficulty": "moderate", "text": {"en": "[Reasoning/Direction] Sample exam-style question #4160: Choose the correct option."}, "options": {"en": ["Option A4160", "Option B4160", "Option C4160", "Option D4160"]}, "answerIndex": 0}, {"id": "GE_4185", "section": "General Awareness", "topic": "Current Affairs", "difficulty": "moderate", "text": {"en": "[General Awareness/Current Affairs] Sample exam-style question #4185: Choose the correct option."}, "options": {"en": ["Option A4185", "Option B4185", "Option C4185", "Option D4185"]}, "answerIndex": 1}, {"id": "RE_4156", "section": "Reasoning", "topic": "Series", "difficulty": "moderate", "text": {"en": "[Reasoning/Series] Sample exam-style question #4156: Choose the correct option."}, "options": {"en": ["Option A4156", "Option B4156", "Option C4156", "Option D4156"]}, "answerIndex": 0}, {"id": "MA_4112", "section": "Mathematics", "topic": "Percentage", "difficulty": "moderate", "text": {"en": "[Mathematics/Percentage] Sample exam-style question #4112: Choose the correct option."}, "options": {"en": ["Option A4112", "Option B4112", "Option C4112", "Option D4112"]}, "answerIndex": 0}, {"id": "MA_4113", "section": "Mathematics", "topic": "Time&Work", "difficulty": "moderate", "text": {"en": "[Mathematics/Time&Work] Sample exam-style question #4113: Choose the correct option."}, "options": {"en": ["Option A4113", "Option B4113", "Option C4113", "Option D4113"]}, "answerIndex": 1}, {"id": "RE_4150", "section": "Reasoning", "topic": "Coding", "difficulty": "moderate", "text": {"en": "[Reasoning/Coding] Sample exam-style question #4150: Choose the correct option."}, "options": {"en": ["Option A4150", "Option B4150", "Option C4150", "Option D4150"]}, "answerIndex": 2}, {"id": "GE_4187", "section": "General Awareness", "topic": "Polity", "difficulty": "moderate", "text": {"en": "[General Awareness/Polity] Sample exam-style question #4187: Choose the correct option."}, "options": {"en": ["Option A4187", "Option B4187", "Option C4187", "Option D4187"]}, "answerIndex": 3}, {"id": "MA_4104", "section": "Mathematics", "topic": "Speed", "difficulty": "moderate", "text": {"en": "[Mathematics/Speed] Sample exam-style question #4104: Choose the correct option."}, "options": {"en": ["Option A4104", "Option B4104", "Option C4104", "Option D4104"]}, "answerIndex": 0}, {"id": "GE_4199", "section": "General Awareness", "topic": "History", "difficulty": "moderate", "text": {"en": "[General Awareness/History] Sample exam-style question #4199: Choose the correct option."}, "options": {"en": ["Option A4199", "Option B4199", "Option C4199", "Option D4199"]}, "answerIndex": 3}, {"id": "MA_4114", "section": "Mathematics", "topic": "Speed", "difficulty": "moderate", "text": {"en": "[Mathematics/Speed] Sample exam-style question #4114: Choose the correct option."}, "options": {"en": ["Option A4114", "Option B4114", "Option C4114", "Option D4114"]}, "answerIndex": 2}, {"id": "RE_4158", "section": "Reasoning", "topic": "Syllogism", "difficulty": "moderate", "text": {"en": "[Reasoning/Syllogism] Sample exam-style question #4158: Choose the correct option."}, "options": {"en": ["Option A4158", "Option B4158", "Option C4158", "Option D4158"]}, "answerIndex": 2}, {"id": "GE_4172", "section": "General Awareness", "topic": "Polity", "difficulty": "moderate", "text": {"en": "[General Awareness/Polity] Sample exam-style question #4172: Choose the correct option."}, "options": {"en": ["Option A4172", "Option B4172", "Option C4172", "Option D4172"]}, "answerIndex": 0}, {"id": "MA_4127", "section": "Mathematics", "topic": "Time&Work", "difficulty": "moderate", "text": {"en": "[Mathematics/Time&Work] Sample exam-style question #4127: Choose the correct option."}, "options": {"en": ["Option A4127", "Option B4127", "Option C4127", "Option D4127"]}, "answerIndex": 3}, {"id": "MA_4128", "section": "Mathematics", "topic": "Time&Work", "difficulty": "moderate", "text": {"en": "[Mathematics/Time&Work] Sample exam-style question #4128: Choose the correct option."}, "options": {"en": ["Option A4128", "Option B4128", "Option C4128", "Option D4128"]}, "answerIndex": 0}, {"id": "GE_4167", "section": "General Awareness", "topic": "Economy", "difficulty": "moderate", "text": {"en": "[General Awareness/Economy] Sample exam-style question #4167: Choose the correct option."}, "options": {"en": ["Option A4167", "Option B4167", "Option C4167", "Option D4167"]}, "answerIndex": 3}, {"id": "GE_4189", "section": "General Awareness", "topic": "Science", "difficulty": "moderate", "text": {"en": "[General Awareness/Science] Sample exam-style question #4189: Choose the correct option."}, "options": {"en": ["Option A4189", "Option B4189", "Option C4189", "Option D4189"]}, "answerIndex": 1}, {"id": "GE_4175", "section": "General Awareness", "topic": "Polity", "difficulty": "moderate", "text": {"en": "[General Awareness/Polity] Sample exam-style question #4175: Choose the correct option."}, "options": {"en": ["Option A4175", "Option B4175", "Option C4175", "Option D4175"]}, "answerIndex": 3}, {"id": "RE_4155", "section": "Reasoning", "topic": "Puzzle", "difficulty": "moderate", "text": {"en": "[Reasoning/Puzzle] Sample exam-style question #4155: Choose the correct option."}, "options": {"en": ["Option A4155", "Option B4155", "Option C4155", "Option D4155"]}, "answerIndex": 3}, {"id": "RE_4133", "section": "Reasoning", "topic": "Series", "difficulty": "moderate", "text": {"en": "[Reasoning/Series] Sample exam-style question #4133: Choose the correct option."}, "options": {"en": ["Option A4133", "Option B4133", "Option C4133", "Option D4133"]}, "answerIndex": 1}, {"id": "GE_4198", "section": "General Awareness", "topic": "History", "difficulty": "moderate", "text": {"en": "[General Awareness/History] Sample exam-style question #4198: Choose the correct option."}, "options": {"en": ["Option A4198", "Option B4198", "Option C4198", "Option D4198"]}, "answerIndex": 2}, {"id": "MA_4109", "section": "Mathematics", "topic": "Percentage", "difficulty": "moderate", "text": {"en": "[Mathematics/Percentage] Sample exam-style question #4109: Choose the correct option."}, "options": {"en": ["Option A4109", "Option B4109", "Option C4109", "Option D4109"]}, "answerIndex": 1}, {"id": "MA_4103", "section": "Mathematics", "topic": "Time&Work", "difficulty": "moderate", "text": {"en": "[Mathematics/Time&Work] Sample exam-style question #4103: Choose the correct option."}, "options": {"en": ["Option A4103", "Option B4103", "Option C4103", "Option D4103"]}, "answerIndex": 3}, {"id": "RE_4136", "section": "Reasoning", "topic": "Coding", "difficulty": "moderate", "text": {"en": "[Reasoning/Coding] Sample exam-style question #4136: Choose the correct option."}, "options": {"en": ["Option A4136", "Option B4136", "Option C4136", "Option D4136"]}, "answerIndex": 0}, {"id": "GE_4194", "section": "General Awareness", "topic": "Polity", "difficulty": "moderate", "text": {"en": "[General Awareness/Polity] Sample exam-style question #4194: Choose the correct option."}, "options": {"en": ["Option A4194", "Option B4194", "Option C4194", "Option D4194"]}, "answerIndex": 2}, {"id": "GE_4165", "section": "General Awareness", "topic": "Current Affairs", "difficulty": "moderate", "text": {"en": "[General Awareness/Current Affairs] Sample exam-style question #4165: Choose the correct option."}, "options": {"en": ["Option A4165", "Option B4165", "Option C4165", "Option D4165"]}, "answerIndex": 1}, {"id": "GE_4188", "section": "General Awareness", "topic": "Current Affairs", "difficulty": "moderate", "text": {"en": "[General Awareness/Current Affairs] Sample exam-style question #4188: Choose the correct option."}, "options": {"en": ["Option A4188", "Option B4188", "Option C4188", "Option D4188"]}, "answerIndex": 0}, {"id": "GE_4181", "section": "General Awareness", "topic": "Current Affairs", "difficulty": "moderate", "text": {"en": "[General Awareness/Current Affairs] Sample exam-style question #4181: Choose the correct option."}, "options": {"en": ["Option A4181", "Option B4181", "Option C4181", "Option D4181"]}, "answerIndex": 1}, {"id": "RE_4141", "section": "Reasoning", "topic": "Analogy", "difficulty": "moderate", "text": {"en": "[Reasoning/Analogy] Sample exam-style question #4141: Choose the correct option."}, "options": {"en": ["Option A4141", "Option B4141", "Option C4141", "Option D4141"]}, "answerIndex": 1}, {"id": "GE_4191", "section": "General Awareness", "topic": "Science", "difficulty": "moderate", "text": {"en": "[General Awareness/Science] Sample exam-style question #4191: Choose the correct option."}, "options": {"en": ["Option A4191", "Option B4191", "Option C4191", "Option D4191"]}, "answerIndex": 3}, {"id": "GE_4161", "section": "General Awareness", "topic": "Science", "difficulty": "moderate", "text": {"en": "[General Awareness/Science] Sample exam-style question #4161: Choose the correct option."}, "options": {"en": ["Option A4161", "Option B4161", "Option C4161", "Option D4161"]}, "answerIndex": 1}, {"id": "GE_4162", "section": "General Awareness", "topic": "Economy", "difficulty": "moderate", "text": {"en": "[General Awareness/Economy] Sample exam-style question #4162: Choose the correct option."}, "options": {"en": ["Option A4162", "Option B4162", "Option C4162", "Option D4162"]}, "answerIndex": 2}, {"id": "MA_4122", "section": "Mathematics", "topic": "SI", "difficulty": "moderate", "text": {"en": "[Mathematics/SI] Sample exam-style question #4122: Choose the correct option."}, "options": {"en": ["Option A4122", "Option B4122", "Option C4122", "Option D4122"]}, "answerIndex": 2}, {"id": "RE_4138", "section": "Reasoning", "topic": "Puzzle", "difficulty": "moderate", "text": {"en": "[Reasoning/Puzzle] Sample exam-style question #4138: Choose the correct option."}, "options": {"en": ["Option A4138", "Option B4138", "Option C4138", "Option D4138"]}, "answerIndex": 2}, {"id": "RE_4151", "section": "Reasoning", "topic": "Direction", "difficulty": "moderate", "text": {"en": "[Reasoning/Direction] Sample exam-style question #4151: Choose the correct option."}, "options": {"en": ["Option A4151", "Option B4151", "Option C4151", "Option D4151"]}, "answerIndex": 3}, {"id": "GE_4163", "section": "General Awareness", "topic": "Geography", "difficulty": "moderate", "text": {"en": "[General Awareness/Geography] Sample exam-style question #4163: Choose the correct option."}, "options": {"en": ["Option A4163", "Option B4163", "Option C4163", "Option D4163"]}, "answerIndex": 3}, {"id": "RE_4139", "section": "Reasoning", "topic": "Puzzle", "difficulty": "moderate", "text": {"en": "[Reasoning/Puzzle] Sample exam-style question #4139: Choose the correct option."}, "options": {"en": ["Option A4139", "Option B4139", "Option C4139", "Option D4139"]}, "answerIndex": 3}, {"id": "RE_4143", "section": "Reasoning", "topic": "Syllogism", "difficulty": "moderate", "text": {"en": "[Reasoning/Syllogism] Sample exam-style question #4143: Choose the correct option."}, "options": {"en": ["Option A4143", "Option B4143", "Option C4143", "Option D4143"]}, "answerIndex": 3}, {"id": "MA_4108", "section": "Mathematics", "topic": "Percentage", "difficulty": "moderate", "text": {"en": "[Mathematics/Percentage] Sample exam-style question #4108: Choose the correct option."}, "options": {"en": ["Option A4108", "Option B4108", "Option C4108", "Option D4108"]}, "answerIndex": 0}, {"id": "RE_4146", "section": "Reasoning", "topic": "Coding", "difficulty": "moderate", "text": {"en": "[Reasoning/Coding] Sample exam-style question #4146: Choose the correct option."}, "options": {"en": ["Option A4146", "Option B4146", "Option C4146", "Option D4146"]}, "answerIndex": 2}, {"id": "MA_4119", "section": "Mathematics", "topic": "DI", "difficulty": "moderate", "text": {"en": "[Mathematics/DI] Sample exam-style question #4119: Choose the correct option."}, "options": {"en": ["Option A4119", "Option B4119", "Option C4119", "Option D4119"]}, "answerIndex": 3}, {"id": "RE_4132", "section": "Reasoning", "topic": "Analogy", "difficulty": "moderate", "text": {"en": "[Reasoning/Analogy] Sample exam-style question #4132: Choose the correct option."}, "options": {"en": ["Option A4132", "Option B4132", "Option C4132", "Option D4132"]}, "answerIndex": 0}]}